remaining_hours,created_hours_ago,distance_km,travel_hours,slack_hours,feasibility_ratio,perishability_risk,ideal_window,service_value,estimated_meals,quantity_confidence,demand_pressure,nearby_density,type_density,ngo_success_rate,ngo_open_load,ngo_performance,ngo_verified,donor_reliability,target_priority,pickup_success_probability
0.48,0.64,4.02,0.16,-0.51,0.94,1.0,2.0,0.95,160.81,0.59,0.451,1,2,0.566,0.505,0.415,0.0,0.801,64.6,0.393
6.92,7.13,0.12,0.0,6.08,19.77,0.35,8.0,0.55,62.56,0.62,0.959,11,2,0.499,0.097,0.892,1.0,0.858,60.5,0.616
1.23,2.62,11.32,0.42,0.25,1.6,0.35,8.0,0.55,36.23,0.58,0.678,10,2,0.903,0.866,0.62,1.0,0.75,52.1,0.472
5.14,3.1,12.3,0.66,3.69,5.09,0.82,4.0,1.0,97.08,0.66,0.489,9,11,0.815,0.22,0.588,0.0,0.494,51.1,0.405
0.96,6.03,10.21,0.41,0.12,1.26,0.58,6.0,0.88,90.86,0.95,0.661,5,5,0.524,0.745,0.713,1.0,0.916,65.7,0.541
3.99,0.45,0.85,0.04,3.17,10.23,0.82,4.0,1.0,142.99,0.74,0.11,13,10,0.978,0.529,0.963,0.0,0.779,64.3,0.525
7.38,2.28,5.28,0.27,6.86,11.9,0.58,6.0,0.88,130.53,0.87,0.973,6,9,0.934,0.871,0.573,0.0,0.446,48.0,0.349
3.43,1.1,2.01,0.09,2.25,7.8,1.0,2.0,0.95,145.61,0.66,0.279,3,2,0.838,0.816,0.967,0.0,0.431,56.7,0.394
5.18,4.02,17.36,0.64,3.65,5.23,0.58,6.0,0.88,124.8,0.87,0.429,12,8,0.927,0.451,0.544,0.0,0.563,51.5,0.379
0.4,3.13,1.06,0.06,0.06,0.98,0.82,4.0,1.0,60.82,0.78,0.315,16,4,0.736,0.723,0.912,1.0,0.503,80.3,0.598
0.85,0.98,7.62,0.34,-0.36,1.23,1.0,2.0,0.95,121.86,0.99,0.143,13,12,0.63,0.862,0.544,0.0,0.688,45.9,0.26
3.14,8.13,7.98,0.3,2.12,4.83,0.35,8.0,0.55,11.0,1.0,0.844,3,4,0.538,0.486,0.524,1.0,0.919,49.2,0.467
3.31,6.91,8.19,0.37,1.88,4.6,0.35,8.0,0.55,179.19,0.8,0.732,5,4,0.607,0.969,0.736,0.0,0.821,42.1,0.348
0.76,2.26,15.32,0.82,-0.37,0.65,0.82,4.0,1.0,155.4,0.73,0.945,8,10,0.765,0.619,0.643,1.0,0.939,61.4,0.536
2.25,0.62,11.62,0.51,0.7,2.62,0.82,4.0,1.0,168.56,0.55,0.64,4,2,0.735,0.506,0.477,1.0,0.905,70.8,0.605
3.48,2.41,5.45,0.2,2.34,6.33,0.82,4.0,1.0,96.15,0.85,0.577,4,3,0.59,0.89,0.831,0.0,0.522,54.9,0.406
5.27,3.76,9.1,0.44,3.81,6.67,0.82,4.0,1.0,11.04,0.84,0.838,2,1,0.627,0.131,0.968,0.0,0.817,54.5,0.469
0.93,2.08,12.44,0.64,0.01,0.94,1.0,2.0,0.95,67.72,0.8,0.458,2,5,0.643,0.933,0.964,0.0,0.916,57.9,0.39
2.17,1.25,15.74,0.57,0.71,2.36,1.0,2.0,0.95,166.79,0.66,0.204,6,7,0.463,0.737,0.593,1.0,0.855,64.0,0.6
1.81,4.64,6.89,0.37,0.79,2.51,0.58,6.0,0.88,37.52,0.96,0.382,8,4,0.463,0.193,0.59,0.0,0.959,58.8,0.519
7.93,7.43,5.96,0.33,6.6,11.66,0.35,8.0,0.55,48.5,0.81,0.984,2,2,0.766,0.346,0.856,1.0,0.732,49.6,0.513
2.17,3.13,0.03,0.0,1.46,6.2,0.82,4.0,1.0,130.06,0.88,0.687,12,7,0.487,0.664,0.592,1.0,0.768,76.7,0.668
6.45,2.19,12.55,0.53,5.51,7.33,0.58,6.0,0.88,120.36,0.72,0.761,6,10,0.752,0.406,0.884,1.0,0.531,51.3,0.522
4.6,2.95,3.85,0.17,3.41,8.85,0.58,6.0,0.88,143.69,0.63,0.131,17,11,0.785,0.335,0.875,0.0,0.774,54.3,0.417
0.59,2.17,11.0,0.43,-0.48,0.76,1.0,2.0,0.95,159.73,0.81,0.732,13,8,0.662,0.148,0.799,0.0,0.84,62.2,0.472
0.91,2.23,15.27,0.68,-0.7,0.88,0.35,8.0,0.55,120.83,0.99,0.616,15,10,0.882,0.892,0.648,1.0,0.915,43.7,0.346
7.23,5.55,4.99,0.19,6.38,13.39,0.58,6.0,0.88,44.59,0.75,0.728,8,5,0.628,0.893,0.447,0.0,0.496,41.8,0.343
2.49,0.76,8.39,0.45,1.08,3.11,1.0,2.0,0.95,71.33,0.9,0.949,1,10,0.652,0.006,0.604,1.0,0.888,75.2,0.679
3.84,1.24,8.74,0.4,2.62,5.12,0.82,4.0,1.0,144.07,0.88,0.848,5,10,0.733,0.907,0.743,0.0,0.403,52.7,0.403
0.71,1.7,3.81,0.18,-0.37,1.34,0.82,4.0,1.0,69.48,0.89,0.84,9,2,0.699,0.749,0.43,1.0,0.491,60.5,0.512
4.23,2.09,3.59,0.2,3.65,7.69,1.0,2.0,0.95,24.47,0.85,0.586,7,8,0.821,0.767,0.497,0.0,0.84,52.4,0.384
5.13,1.29,16.34,0.75,3.33,4.66,1.0,2.0,0.95,37.3,0.82,0.839,8,2,0.82,0.302,0.797,0.0,0.852,59.0,0.428
7.73,0.65,11.66,0.64,6.48,7.81,0.35,8.0,0.55,89.26,0.75,0.394,15,12,0.531,0.176,0.703,1.0,0.738,47.1,0.566
5.21,6.45,4.83,0.18,4.07,9.83,0.35,8.0,0.55,17.43,0.95,0.282,15,10,0.773,0.379,0.417,1.0,0.465,43.0,0.509
2.91,3.95,15.84,0.67,1.55,2.85,0.58,6.0,0.88,36.01,0.66,0.436,18,4,0.816,0.646,0.685,0.0,0.409,49.6,0.394
6.43,2.47,9.96,0.46,4.87,7.94,0.58,6.0,0.88,99.97,0.71,0.481,10,5,0.572,0.721,0.583,0.0,0.471,48.9,0.339
9.32,5.5,5.33,0.25,8.56,15.53,0.58,6.0,0.88,128.03,0.61,0.093,2,9,0.605,0.944,0.77,1.0,0.415,32.1,0.337
5.26,1.66,0.92,0.03,4.57,13.84,0.35,8.0,0.55,148.34,0.73,0.12,2,3,0.529,0.563,0.576,0.0,0.425,49.3,0.392
5.9,1.7,16.35,0.78,4.37,5.22,0.82,4.0,1.0,78.33,0.81,0.107,4,4,0.782,0.265,0.447,0.0,0.46,45.1,0.334
8.04,4.16,0.59,0.03,7.52,21.16,0.35,8.0,0.55,155.01,0.58,0.272,9,11,0.763,0.804,0.515,0.0,0.693,41.5,0.391
0.86,0.77,5.54,0.22,-0.09,1.51,0.82,4.0,1.0,53.37,0.61,0.704,13,5,0.715,0.494,0.447,0.0,0.91,62.9,0.484
0.82,2.12,15.05,0.63,-0.87,0.84,1.0,2.0,0.95,179.92,0.85,0.306,2,3,0.699,0.652,0.931,0.0,0.978,57.0,0.348
2.77,0.93,5.78,0.3,2.08,4.26,1.0,2.0,0.95,75.27,0.77,0.679,13,9,0.469,0.088,0.546,0.0,0.961,64.8,0.541
3.74,1.22,7.44,0.37,2.81,5.19,1.0,2.0,0.95,136.65,0.83,0.772,7,5,0.741,0.928,0.654,1.0,0.426,59.2,0.501
5.42,1.4,0.25,0.01,4.97,15.06,0.82,4.0,1.0,151.77,0.6,0.95,5,8,0.944,0.292,0.809,1.0,0.876,75.9,0.632
3.09,4.06,9.15,0.34,1.77,4.48,0.82,4.0,1.0,51.17,0.91,0.444,17,5,0.885,0.283,0.573,1.0,0.895,64.3,0.611
5.4,3.61,8.2,0.39,4.6,7.3,0.58,6.0,0.88,126.15,0.81,0.272,14,1,0.619,0.473,0.93,1.0,0.593,57.9,0.579
3.89,0.21,9.04,0.38,2.52,5.33,0.82,4.0,1.0,157.61,0.75,0.55,15,1,0.833,0.41,0.78,0.0,0.397,67.1,0.445
7.6,7.5,15.34,0.58,6.45,8.17,0.35,8.0,0.55,58.37,0.87,0.771,18,1,0.777,0.235,0.797,1.0,0.978,53.3,0.567
4.27,1.56,1.81,0.09,3.68,9.7,1.0,2.0,0.95,7.15,0.7,0.103,12,6,0.678,0.244,0.639,0.0,0.457,46.5,0.446
3.91,2.59,4.18,0.17,3.1,7.52,0.82,4.0,1.0,120.7,0.95,0.492,10,11,0.74,0.074,0.948,1.0,0.753,67.8,0.608
2.17,2.57,8.7,0.43,1.0,2.78,0.58,6.0,0.88,104.32,1.0,0.33,13,5,0.454,0.865,0.851,0.0,0.924,59.5,0.475
7.45,1.56,14.43,0.71,6.33,7.03,0.58,6.0,0.88,46.61,0.89,0.779,5,11,0.501,0.627,0.423,1.0,0.371,42.3,0.393
3.34,2.77,3.61,0.14,2.21,6.82,0.58,6.0,0.88,67.12,0.78,0.309,6,5,0.934,0.944,0.961,1.0,0.82,52.5,0.441
1.07,2.13,15.48,0.61,-0.62,1.11,1.0,2.0,0.95,174.17,0.91,0.397,13,1,0.59,0.124,0.614,1.0,0.718,63.7,0.565
3.83,1.06,11.15,0.41,2.89,5.04,1.0,2.0,0.95,110.59,0.84,0.654,15,12,0.61,0.408,0.481,0.0,0.542,58.2,0.396
3.13,1.66,17.09,0.68,1.74,3.04,0.82,4.0,1.0,106.55,0.88,0.891,4,8,0.776,0.939,0.562,1.0,0.487,53.5,0.434
1.26,4.54,9.8,0.35,0.36,1.8,0.58,6.0,0.88,72.87,0.64,0.166,15,2,0.801,0.642,0.746,0.0,0.382,59.0,0.471
0.84,3.38,3.73,0.19,-0.34,1.56,0.82,4.0,1.0,60.48,0.62,0.906,1,5,0.905,0.145,0.475,1.0,0.853,61.0,0.598
0.46,3.49,4.28,0.2,-0.14,0.84,0.82,4.0,1.0,11.33,0.88,0.55,3,8,0.688,0.362,0.744,1.0,0.667,60.9,0.494
4.54,6.36,1.09,0.05,3.9,11.35,0.58,6.0,0.88,124.13,0.77,0.914,3,2,0.621,0.148,0.473,1.0,0.59,64.1,0.576
1.46,6.19,15.35,0.63,-0.07,1.49,0.35,8.0,0.55,130.31,0.65,0.479,8,7,0.63,0.453,0.641,0.0,0.547,39.1,0.314
5.26,2.11,1.64,0.09,4.55,11.95,0.82,4.0,1.0,134.54,0.72,0.174,2,10,0.957,0.562,0.789,1.0,0.573,63.3,0.585
5.34,1.34,6.33,0.27,4.64,8.61,1.0,2.0,0.95,118.9,0.65,0.153,18,6,0.511,0.279,0.531,1.0,0.882,62.0,0.64
3.49,1.46,12.48,0.68,2.33,3.39,1.0,2.0,0.95,137.71,0.96,0.383,6,3,0.75,0.401,0.482,0.0,0.408,58.1,0.419
4.15,3.29,12.99,0.5,2.92,4.88,0.35,8.0,0.55,17.12,0.57,0.2,2,11,0.493,0.443,0.646,1.0,0.611,38.7,0.46
4.28,1.91,12.21,0.53,2.93,4.86,0.58,6.0,0.88,10.08,0.73,0.619,1,4,0.61,0.211,0.48,1.0,0.532,43.1,0.495
2.31,3.38,12.67,0.55,0.8,2.57,0.35,8.0,0.55,145.5,0.58,0.869,2,7,0.46,0.921,0.9,1.0,0.711,48.9,0.455
2.44,2.13,3.09,0.11,1.69,5.3,1.0,2.0,0.95,124.75,0.71,0.465,4,4,0.681,0.4,0.446,1.0,0.82,70.1,0.655
2.98,0.3,9.18,0.34,2.09,4.32,1.0,2.0,0.95,131.47,0.92,0.824,8,2,0.528,0.197,0.749,0.0,0.462,67.3,0.499
7.94,7.77,11.57,0.42,7.0,10.31,0.35,8.0,0.55,174.83,0.69,0.468,16,8,0.785,0.796,0.743,1.0,0.67,42.4,0.439
2.25,0.67,11.6,0.42,1.5,2.92,1.0,2.0,0.95,107.75,0.72,0.601,2,8,0.932,0.572,0.509,1.0,0.666,72.6,0.597
9.34,0.6,11.63,0.63,7.86,9.53,0.58,6.0,0.88,178.4,0.79,0.629,12,6,0.937,0.387,0.849,0.0,0.847,53.7,0.399
3.22,0.88,4.54,0.17,1.98,6.19,1.0,2.0,0.95,109.28,0.62,0.127,5,6,0.614,0.656,0.784,0.0,0.725,63.5,0.435
7.52,2.92,2.3,0.09,6.37,17.09,0.35,8.0,0.55,179.5,0.96,0.139,14,9,0.642,0.363,0.505,0.0,0.565,48.1,0.368
1.46,1.34,14.19,0.61,0.14,1.52,0.82,4.0,1.0,133.48,0.79,0.679,5,10,0.65,0.162,0.882,0.0,0.804,64.7,0.503
7.28,2.71,13.54,0.52,6.31,8.37,0.82,4.0,1.0,44.57,0.98,0.795,7,6,0.81,0.57,0.656,1.0,0.84,55.9,0.532
6.19,3.54,2.49,0.12,5.27,13.17,0.82,4.0,1.0,157.59,0.8,0.147,17,2,0.601,0.763,0.558,0.0,0.874,56.6,0.478
10.21,8.19,7.47,0.34,9.3,14.8,0.35,8.0,0.55,70.74,0.59,0.263,11,2,0.895,0.65,0.859,0.0,0.374,44.3,0.341
5.78,2.09,11.08,0.41,5.1,7.61,0.82,4.0,1.0,40.39,0.62,0.943,17,7,0.509,0.288,0.575,0.0,0.5,54.7,0.452
0.92,2.0,10.74,0.59,-0.36,0.98,1.0,2.0,0.95,45.06,0.61,0.458,12,4,0.752,0.187,0.788,1.0,0.393,56.4,0.49
2.36,1.06,11.44,0.41,1.48,3.11,1.0,2.0,0.95,4.89,0.9,0.378,4,10,0.84,0.333,0.426,1.0,0.863,54.5,0.594
11.29,4.24,3.28,0.17,10.26,21.71,0.35,8.0,0.55,169.96,0.57,0.242,7,1,0.617,0.31,0.631,1.0,0.51,48.3,0.47
8.24,0.36,11.8,0.57,6.74,8.96,0.58,6.0,0.88,79.78,0.73,0.468,13,6,0.966,0.496,0.689,1.0,0.855,52.8,0.486
4.25,1.45,1.44,0.06,3.68,10.37,0.82,4.0,1.0,109.27,0.74,0.705,12,8,0.472,0.87,0.604,1.0,0.523,61.7,0.566
3.81,0.92,9.24,0.36,3.06,5.37,1.0,2.0,0.95,7.54,0.93,0.694,15,1,0.517,0.236,0.774,1.0,0.591,56.3,0.57
10.93,3.31,13.74,0.58,9.65,11.75,0.35,8.0,0.55,72.85,0.84,0.287,4,1,0.84,0.499,0.624,0.0,0.515,36.8,0.33
6.7,6.59,3.6,0.19,6.2,12.41,0.58,6.0,0.88,32.73,0.87,0.997,11,11,0.634,0.065,0.714,1.0,0.886,59.5,0.663
6.02,2.26,2.18,0.11,5.54,13.09,0.82,4.0,1.0,142.69,0.56,0.576,12,8,0.876,0.552,0.755,0.0,0.391,60.0,0.452
6.21,6.78,14.82,0.79,4.34,5.45,0.35,8.0,0.55,116.34,0.75,0.696,12,3,0.915,0.78,0.771,0.0,0.834,44.3,0.368
4.63,1.16,5.47,0.28,3.31,7.35,1.0,2.0,0.95,42.13,0.98,0.543,10,2,0.583,0.635,0.719,0.0,0.744,60.2,0.398
4.58,2.58,3.08,0.13,3.43,9.54,0.82,4.0,1.0,62.1,0.97,0.089,1,2,0.474,0.641,0.735,0.0,0.833,56.7,0.454
10.26,4.82,11.55,0.55,9.25,11.4,0.35,8.0,0.55,145.71,0.73,0.481,2,3,0.683,0.484,0.518,0.0,0.547,39.8,0.383
9.27,0.91,6.67,0.28,8.47,14.71,0.58,6.0,0.88,85.03,0.67,0.286,4,1,0.604,0.384,0.757,0.0,0.956,53.6,0.497
2.09,1.09,17.93,0.79,0.3,1.83,0.58,6.0,0.88,90.53,0.59,0.424,15,4,0.564,0.353,0.429,1.0,0.726,60.1,0.594
5.26,5.6,7.76,0.29,4.1,8.22,0.58,6.0,0.88,137.97,0.71,0.431,18,4,0.642,0.289,0.624,1.0,0.832,53.7,0.618
1.01,0.26,6.72,0.24,0.05,1.71,1.0,2.0,0.95,67.08,0.61,0.622,13,9,0.471,0.039,0.814,1.0,0.677,69.2,0.689
2.69,2.72,2.93,0.1,1.71,5.98,0.82,4.0,1.0,55.26,0.7,0.837,18,8,0.826,0.3,0.873,1.0,0.559,67.5,0.588
7.64,4.8,12.38,0.68,6.31,7.42,0.58,6.0,0.88,174.14,0.9,0.787,8,12,0.477,0.48,0.704,1.0,0.443,51.5,0.443
1.33,1.0,7.54,0.34,0.57,1.93,1.0,2.0,0.95,91.32,0.83,0.498,2,12,0.523,0.207,0.589,1.0,0.681,66.8,0.575
5.35,4.48,15.62,0.63,3.79,5.46,0.58,6.0,0.88,49.06,0.77,0.959,9,9,0.608,0.941,0.97,1.0,0.794,47.5,0.462
4.24,8.22,14.32,0.69,3.2,4.08,0.35,8.0,0.55,122.44,0.72,0.981,12,3,0.604,0.288,0.814,1.0,0.932,56.9,0.611
1.79,2.39,16.79,0.67,0.75,1.75,0.82,4.0,1.0,111.59,0.81,0.28,17,4,0.788,0.052,0.64,1.0,0.413,68.5,0.557
3.26,4.12,15.81,0.69,2.15,3.13,0.82,4.0,1.0,173.58,0.69,0.664,3,11,0.754,0.535,0.819,0.0,0.925,59.8,0.515
7.03,0.21,15.05,0.58,6.04,7.56,0.82,4.0,1.0,135.32,0.94,0.325,2,1,0.608,0.603,0.939,1.0,0.529,60.3,0.539
10.27,1.22,9.08,0.44,8.89,13.0,0.35,8.0,0.55,60.86,0.88,0.666,6,1,0.84,0.791,0.729,0.0,0.461,46.1,0.393
6.1,0.81,12.05,0.61,5.12,6.35,0.35,8.0,0.55,59.6,0.66,0.298,8,8,0.849,0.954,0.575,0.0,0.515,31.6,0.236
2.75,0.39,12.35,0.45,1.3,3.44,1.0,2.0,0.95,139.03,0.86,0.657,10,6,0.776,0.219,0.477,0.0,0.637,68.1,0.5
8.79,7.07,14.86,0.58,7.38,9.45,0.35,8.0,0.55,108.05,0.9,0.549,17,12,0.642,0.917,0.465,0.0,0.711,29.0,0.255
1.65,1.85,10.5,0.56,0.41,1.81,0.35,8.0,0.55,145.95,0.75,0.538,15,10,0.481,0.462,0.868,0.0,0.599,58.7,0.475
0.58,0.79,1.15,0.04,-0.5,1.49,1.0,2.0,0.95,14.29,0.97,0.08,14,3,0.858,0.766,0.967,1.0,0.586,62.8,0.447
4.54,6.02,11.91,0.51,3.22,5.28,0.35,8.0,0.55,63.9,0.63,0.56,17,3,0.836,0.223,0.402,0.0,0.966,49.5,0.484
6.28,7.25,4.46,0.21,5.59,11.21,0.35,8.0,0.55,168.86,0.88,0.157,14,10,0.856,0.884,0.409,0.0,0.392,37.6,0.286
1.61,0.15,7.9,0.34,0.38,2.33,1.0,2.0,0.95,140.14,0.61,0.994,8,12,0.755,0.577,0.848,1.0,0.499,74.8,0.657
3.31,1.25,10.02,0.42,2.02,4.3,0.82,4.0,1.0,33.17,0.86,0.578,2,6,0.949,0.671,0.856,1.0,0.789,60.1,0.522
5.74,2.11,15.29,0.73,4.16,5.31,0.82,4.0,1.0,145.43,0.96,0.584,14,9,0.731,0.388,0.548,1.0,0.757,62.8,0.626
3.11,1.83,0.93,0.04,2.31,7.97,1.0,2.0,0.95,9.04,0.58,0.814,18,4,0.704,0.869,0.593,0.0,0.483,48.5,0.379
10.55,6.14,12.67,0.58,9.52,11.34,0.35,8.0,0.55,59.25,0.68,0.493,12,5,0.589,0.513,0.688,0.0,0.856,41.4,0.415
8.72,2.48,7.45,0.32,7.96,13.01,0.58,6.0,0.88,27.97,0.67,0.938,14,5,0.531,0.33,0.62,0.0,0.665,48.8,0.442
7.33,3.25,13.02,0.51,6.18,8.52,0.58,6.0,0.88,132.43,0.71,0.183,18,8,0.548,0.889,0.974,0.0,0.68,41.5,0.281
4.29,0.94,15.17,0.75,2.69,3.9,1.0,2.0,0.95,3.63,0.78,0.405,16,11,0.709,0.007,0.72,0.0,0.361,46.2,0.42
0.51,5.38,12.13,0.47,-0.98,0.62,0.58,6.0,0.88,21.05,0.59,0.191,7,10,0.729,0.815,0.555,1.0,0.4,41.8,0.257
7.43,1.03,12.31,0.46,6.16,9.17,0.82,4.0,1.0,154.76,0.89,0.139,13,7,0.743,0.056,0.405,0.0,0.402,54.6,0.47
5.53,5.67,1.72,0.07,5.17,13.17,0.58,6.0,0.88,39.63,0.94,0.893,16,5,0.475,0.074,0.937,0.0,0.463,60.4,0.423
4.55,3.32,12.83,0.58,3.65,4.89,0.82,4.0,1.0,30.92,0.66,0.843,13,11,0.925,0.332,0.838,0.0,0.848,60.9,0.438
0.84,2.91,15.1,0.71,-0.77,0.79,0.58,6.0,0.88,171.96,0.73,0.785,1,11,0.595,0.993,0.685,1.0,0.698,42.7,0.268
1.31,5.46,14.36,0.57,0.42,1.42,0.35,8.0,0.55,29.45,0.87,0.652,13,6,0.641,0.092,0.947,1.0,0.577,56.8,0.528
3.43,2.47,9.22,0.48,2.62,4.13,0.82,4.0,1.0,100.65,0.82,0.795,13,1,0.605,0.388,0.449,0.0,0.71,62.8,0.466
2.27,1.22,2.63,0.13,1.66,4.73,0.82,4.0,1.0,55.36,0.9,0.393,8,12,0.781,0.594,0.513,0.0,0.435,65.0,0.435
9.32,2.93,6.03,0.23,8.11,16.07,0.35,8.0,0.55,175.41,0.61,0.355,7,8,0.617,0.965,0.962,1.0,0.813,38.2,0.477
2.68,1.27,14.15,0.65,0.99,2.68,0.82,4.0,1.0,37.56,1.0,0.221,18,1,0.955,0.462,0.811,1.0,0.853,68.8,0.56
7.85,1.27,5.45,0.27,7.2,12.66,0.35,8.0,0.55,77.32,0.72,0.477,16,10,0.662,0.507,0.934,1.0,0.692,49.4,0.49
0.91,0.58,11.96,0.61,-0.47,0.95,1.0,2.0,0.95,102.25,0.84,0.664,11,7,0.506,0.099,0.529,0.0,0.631,55.9,0.43
2.82,0.16,1.88,0.08,1.67,6.56,0.82,4.0,1.0,22.66,0.97,0.185,10,6,0.691,0.207,0.68,1.0,0.412,62.5,0.568
1.9,1.79,2.07,0.08,1.02,4.42,1.0,2.0,0.95,122.53,0.62,0.985,8,9,0.542,0.16,0.725,1.0,0.496,77.5,0.615
4.76,6.5,15.9,0.71,3.43,4.49,0.35,8.0,0.55,2.79,0.65,0.314,3,10,0.504,0.872,0.508,1.0,0.474,25.1,0.364
6.23,5.64,10.75,0.45,5.03,7.79,0.35,8.0,0.55,63.93,0.93,0.636,10,10,0.763,0.672,0.582,0.0,0.542,40.9,0.363
5.01,1.26,6.91,0.35,3.87,7.16,0.35,8.0,0.55,125.43,0.84,1.0,18,3,0.71,0.14,0.582,1.0,0.74,58.9,0.644
1.87,7.18,17.35,0.75,0.45,1.7,0.35,8.0,0.55,123.88,0.74,0.848,16,3,0.494,0.031,0.841,1.0,0.371,54.8,0.528
6.66,6.81,8.92,0.39,5.53,9.0,0.35,8.0,0.55,49.68,0.79,0.991,18,1,0.853,0.441,0.527,1.0,0.415,53.6,0.54
8.35,0.26,4.73,0.18,7.85,15.75,0.58,6.0,0.88,156.02,0.6,0.821,7,12,0.762,0.351,0.812,1.0,0.455,50.7,0.474
6.11,2.53,9.58,0.4,5.32,8.15,0.82,4.0,1.0,176.26,0.68,0.594,17,11,0.882,0.136,0.835,1.0,0.929,67.7,0.689
5.37,0.63,2.63,0.12,4.79,11.43,0.82,4.0,1.0,152.15,0.73,0.185,9,11,0.67,0.452,0.768,0.0,0.604,62.0,0.485
4.51,3.25,10.48,0.39,3.15,6.09,0.58,6.0,0.88,18.58,0.99,0.653,12,2,0.872,0.398,0.962,0.0,0.662,52.4,0.403
4.4,2.16,6.19,0.25,3.86,7.33,0.82,4.0,1.0,19.72,0.9,0.487,4,3,0.684,0.001,0.956,0.0,0.977,59.8,0.573
1.8,6.16,4.93,0.2,1.14,3.27,0.58,6.0,0.88,68.19,0.96,0.207,13,11,0.612,0.699,0.536,0.0,0.793,61.0,0.445
4.59,2.31,8.01,0.44,3.61,5.81,0.82,4.0,1.0,23.47,0.94,0.709,16,2,0.571,0.089,0.867,0.0,0.547,58.6,0.435
4.94,3.0,1.23,0.05,4.12,12.35,0.82,4.0,1.0,31.21,0.71,0.252,5,7,0.777,0.442,0.526,0.0,0.438,52.4,0.434
9.16,2.11,2.52,0.12,8.72,19.49,0.58,6.0,0.88,100.5,0.82,0.627,1,11,0.914,0.205,0.752,0.0,0.821,51.9,0.405
3.89,0.54,8.99,0.38,2.81,5.33,0.82,4.0,1.0,176.03,0.99,0.937,5,7,0.906,0.568,0.612,0.0,0.831,69.8,0.536
3.37,0.08,3.88,0.14,2.17,6.88,1.0,2.0,0.95,72.84,0.68,0.727,14,7,0.822,0.082,0.711,0.0,0.525,63.4,0.5
7.32,0.73,5.88,0.25,6.17,12.2,0.82,4.0,1.0,117.67,0.84,0.345,14,12,0.955,0.239,0.542,1.0,0.423,58.7,0.501
1.2,3.13,12.63,0.64,-0.5,1.21,0.82,4.0,1.0,95.09,0.9,0.735,6,6,0.517,0.781,0.556,0.0,0.836,49.7,0.349
5.14,1.77,17.55,0.72,3.75,4.8,0.58,6.0,0.88,92.92,0.57,0.866,6,6,0.533,0.773,0.919,0.0,0.494,49.1,0.308
1.61,1.06,6.89,0.35,0.22,2.3,1.0,2.0,0.95,154.63,0.8,0.918,14,4,0.621,0.416,0.818,1.0,0.87,75.4,0.602
1.27,1.78,17.67,0.64,0.32,1.28,1.0,2.0,0.95,84.79,0.68,0.853,11,2,0.743,0.008,0.516,1.0,0.816,70.7,0.647
11.48,6.84,13.18,0.56,9.99,12.62,0.35,8.0,0.55,28.8,0.97,0.073,18,6,0.787,0.693,0.406,1.0,0.351,34.9,0.438
1.3,3.52,4.29,0.19,0.81,2.41,0.58,6.0,0.88,179.46,0.87,0.138,8,9,0.669,0.896,0.666,0.0,0.716,62.4,0.445
1.18,5.02,7.83,0.28,0.45,1.87,0.35,8.0,0.55,48.46,0.69,0.811,11,6,0.69,0.234,0.947,0.0,0.841,63.9,0.47
3.56,1.42,2.17,0.1,2.56,7.91,0.82,4.0,1.0,82.44,0.76,0.86,3,3,0.878,0.304,0.809,0.0,0.485,70.5,0.463
7.27,1.77,0.88,0.04,6.28,18.64,0.82,4.0,1.0,32.95,0.98,0.862,18,12,0.742,0.095,0.459,0.0,0.427,55.8,0.489
1.28,3.63,6.7,0.28,0.2,2.03,0.82,4.0,1.0,105.65,0.67,0.822,1,2,0.555,0.646,0.869,0.0,0.92,74.9,0.506
5.2,0.16,16.63,0.74,3.59,4.77,1.0,2.0,0.95,90.31,0.72,0.455,12,4,0.931,0.275,0.659,0.0,0.372,55.7,0.402
4.91,5.83,8.62,0.46,3.87,6.06,0.58,6.0,0.88,76.62,0.84,0.807,8,11,0.977,0.544,0.411,1.0,0.843,55.7,0.549
4.19,5.0,5.79,0.28,3.64,6.65,0.35,8.0,0.55,108.29,0.56,0.82,9,1,0.879,0.472,0.607,0.0,0.964,55.0,0.476
5.23,5.23,13.27,0.52,3.65,6.01,0.58,6.0,0.88,104.47,0.99,0.419,6,3,0.575,0.318,0.828,1.0,0.926,49.9,0.571
4.38,0.87,17.78,0.66,3.05,4.34,0.82,4.0,1.0,57.01,0.77,0.136,8,10,0.566,0.526,0.4,0.0,0.858,49.9,0.382
0.89,1.02,12.68,0.65,-0.1,0.89,0.58,6.0,0.88,95.68,0.71,0.119,13,10,0.504,0.302,0.479,0.0,0.811,47.9,0.431
7.59,1.57,17.44,0.7,5.85,7.23,0.35,8.0,0.55,142.08,0.65,0.61,6,7,0.613,0.688,0.474,0.0,0.948,45.2,0.377
1.29,0.73,14.56,0.6,-0.1,1.36,1.0,2.0,0.95,20.53,0.77,0.365,3,4,0.634,0.32,0.769,0.0,0.868,47.5,0.443
4.44,1.79,4.49,0.24,3.73,7.53,0.58,6.0,0.88,21.23,0.55,0.417,14,3,0.919,0.493,0.62,1.0,0.414,53.3,0.547
1.51,0.37,15.22,0.73,0.26,1.4,0.82,4.0,1.0,171.4,0.58,0.212,13,3,0.838,0.547,0.921,0.0,0.563,70.8,0.536
2.57,1.46,10.93,0.49,1.78,3.06,1.0,2.0,0.95,60.93,0.99,0.439,18,12,0.941,0.54,0.783,1.0,0.5,59.9,0.544
2.06,3.21,7.7,0.37,0.88,2.86,0.35,8.0,0.55,108.84,0.64,0.074,6,11,0.605,0.082,0.889,1.0,0.844,60.0,0.657
1.18,3.61,3.33,0.12,0.5,2.51,0.58,6.0,0.88,81.35,0.67,0.492,8,5,0.749,0.151,0.804,0.0,0.404,65.9,0.499
4.31,3.71,14.73,0.66,2.94,4.27,0.82,4.0,1.0,156.31,0.76,0.888,16,5,0.492,0.903,0.814,0.0,0.426,53.4,0.325
7.3,3.57,2.27,0.1,6.11,16.22,0.82,4.0,1.0,79.5,1.0,0.646,9,6,0.933,0.914,0.439,1.0,0.701,55.0,0.535
10.58,0.16,12.61,0.53,9.14,12.02,0.35,8.0,0.55,22.03,0.62,0.588,4,2,0.748,0.101,0.566,1.0,0.903,39.4,0.538
0.77,2.46,2.59,0.11,-0.18,1.67,0.35,8.0,0.55,8.9,0.95,0.365,8,1,0.845,0.921,0.92,0.0,0.563,46.3,0.29
9.92,6.04,17.5,0.86,8.55,8.2,0.35,8.0,0.55,134.38,0.9,0.355,14,10,0.792,0.188,0.523,1.0,0.817,44.6,0.571
3.0,0.39,5.6,0.24,2.39,5.08,1.0,2.0,0.95,153.53,0.95,0.078,7,4,0.894,0.249,0.665,1.0,0.794,64.6,0.648
7.43,1.13,0.55,0.03,6.65,19.55,0.35,8.0,0.55,33.61,0.94,0.608,12,6,0.537,0.894,0.834,0.0,0.53,39.5,0.27
6.48,2.87,12.2,0.59,5.29,6.89,0.82,4.0,1.0,5.57,0.9,0.779,1,8,0.933,0.647,0.749,0.0,0.491,44.3,0.407
4.23,2.52,6.28,0.31,3.27,6.41,0.58,6.0,0.88,122.54,0.92,0.427,4,1,0.721,0.662,0.889,1.0,0.704,61.2,0.519
2.83,0.77,4.98,0.23,2.11,4.88,1.0,2.0,0.95,118.79,0.98,0.669,7,3,0.724,0.24,0.433,1.0,0.766,70.7,0.662
11.47,2.32,7.53,0.34,10.85,16.62,0.35,8.0,0.55,128.04,0.81,0.23,8,11,0.733,0.785,0.926,1.0,0.67,44.5,0.496
2.45,2.1,13.34,0.53,1.19,2.78,0.82,4.0,1.0,164.45,0.98,0.905,3,4,0.638,0.744,0.578,1.0,0.584,71.0,0.567
2.77,1.91,10.5,0.38,2.08,3.79,1.0,2.0,0.95,160.32,0.78,0.874,13,9,0.608,0.054,0.895,0.0,0.975,67.7,0.616
1.95,7.6,3.25,0.17,1.25,3.75,0.35,8.0,0.55,177.62,0.69,0.105,15,5,0.561,0.774,0.734,0.0,0.658,63.7,0.392
7.41,3.58,17.38,0.8,6.33,6.44,0.35,8.0,0.55,37.5,0.72,0.063,11,9,0.551,0.677,0.763,0.0,0.493,38.3,0.302
2.33,1.32,3.01,0.11,1.72,5.07,1.0,2.0,0.95,53.77,0.88,0.617,11,7,0.921,0.995,0.599,1.0,0.576,62.9,0.563
0.56,2.01,17.73,0.88,-0.59,0.46,0.35,8.0,0.55,91.82,0.61,0.726,2,7,0.915,0.256,0.71,0.0,0.724,43.2,0.265
0.6,0.3,8.0,0.42,-0.28,0.78,1.0,2.0,0.95,126.93,0.64,0.701,1,5,0.673,0.101,0.702,0.0,0.614,64.8,0.467
1.81,1.74,8.96,0.37,0.53,2.51,1.0,2.0,0.95,150.01,0.99,0.39,14,5,0.535,0.548,0.928,1.0,0.558,63.5,0.576
4.65,1.49,2.68,0.14,3.83,9.49,1.0,2.0,0.95,130.79,0.6,0.293,8,8,0.974,0.296,0.669,0.0,0.862,66.8,0.562
7.68,2.1,13.29,0.7,6.09,7.31,0.58,6.0,0.88,10.17,0.93,0.68,6,6,0.639,0.438,0.761,0.0,0.585,40.4,0.318
11.08,2.43,6.94,0.26,9.89,18.16,0.35,8.0,0.55,117.49,0.91,0.157,2,3,0.505,0.911,0.68,1.0,0.464,28.8,0.339
4.79,1.94,13.09,0.49,3.64,5.7,1.0,2.0,0.95,88.89,0.95,0.469,3,5,0.797,0.012,0.904,0.0,0.966,60.7,0.51
2.58,1.61,8.67,0.35,1.43,3.69,1.0,2.0,0.95,28.46,0.92,0.897,2,1,0.791,0.157,0.892,1.0,0.898,62.6,0.617
2.72,1.26,9.12,0.39,1.76,3.68,0.82,4.0,1.0,147.44,0.59,0.472,15,2,0.904,0.447,0.469,1.0,0.82,63.9,0.577
3.22,0.05,1.64,0.07,2.37,7.67,1.0,2.0,0.95,56.22,0.78,0.247,15,6,0.643,0.054,0.529,1.0,0.559,67.1,0.633
6.9,0.8,13.67,0.68,5.68,6.7,0.58,6.0,0.88,149.72,0.98,0.327,17,6,0.822,0.046,0.495,0.0,0.868,53.2,0.473
5.94,1.28,16.74,0.76,4.54,5.35,0.58,6.0,0.88,141.09,0.87,0.152,14,1,0.941,0.837,0.742,1.0,0.638,47.2,0.46
0.4,6.49,9.96,0.45,-0.8,0.5,0.35,8.0,0.55,166.54,0.9,0.915,6,12,0.882,0.104,0.781,1.0,0.668,54.1,0.496
2.31,4.24,17.47,0.78,1.17,2.04,0.82,4.0,1.0,75.47,0.87,0.761,10,12,0.74,0.314,0.827,0.0,0.477,69.3,0.473
8.78,0.92,12.79,0.46,7.92,10.84,0.58,6.0,0.88,98.56,0.84,0.725,12,9,0.705,0.571,0.787,1.0,0.775,54.2,0.533
9.36,4.62,0.45,0.02,8.52,25.3,0.35,8.0,0.55,37.58,0.89,0.203,10,11,0.583,0.839,0.801,1.0,0.479,38.1,0.389
1.49,7.65,13.31,0.5,0.11,1.75,0.35,8.0,0.55,101.91,0.66,0.795,10,12,0.802,0.926,0.625,1.0,0.958,48.6,0.512
4.79,3.45,15.66,0.6,3.17,5.04,0.82,4.0,1.0,127.42,0.84,0.767,18,12,0.77,0.776,0.959,1.0,0.633,65.4,0.496
5.61,0.57,0.73,0.04,5.1,14.38,0.82,4.0,1.0,30.65,0.93,0.055,15,12,0.947,0.04,0.939,0.0,0.837,63.0,0.568
4.84,3.8,6.45,0.25,4.07,8.07,0.58,6.0,0.88,41.15,0.63,0.115,17,3,0.67,0.537,0.453,0.0,0.907,51.5,0.41
2.35,4.98,9.55,0.34,1.06,3.41,0.58,6.0,0.88,176.64,0.55,0.685,15,4,0.929,0.614,0.76,0.0,0.78,66.2,0.529
2.34,1.21,5.09,0.19,1.2,4.33,1.0,2.0,0.95,68.74,0.91,0.473,2,5,0.926,0.193,0.698,0.0,0.455,72.6,0.528
3.58,0.5,11.33,0.56,2.19,3.93,1.0,2.0,0.95,150.75,0.64,0.837,14,11,0.883,0.072,0.798,0.0,0.639,62.9,0.457
1.27,0.59,1.27,0.05,0.2,3.18,1.0,2.0,0.95,74.56,0.75,0.434,11,1,0.656,0.118,0.403,0.0,0.826,77.7,0.608
2.19,1.13,5.22,0.21,1.21,3.91,1.0,2.0,0.95,52.11,0.97,0.412,1,8,0.533,0.22,0.833,1.0,0.955,67.2,0.658
9.11,0.12,15.75,0.81,8.01,7.85,0.58,6.0,0.88,103.94,0.73,0.57,3,5,0.561,0.741,0.821,0.0,0.61,44.6,0.357
1.67,2.73,4.55,0.24,0.61,2.83,0.82,4.0,1.0,102.98,0.57,0.763,18,8,0.792,0.073,0.79,1.0,0.412,75.2,0.643
3.62,4.45,4.22,0.2,3.11,6.58,0.58,6.0,0.88,36.44,0.77,0.362,10,12,0.76,0.566,0.611,1.0,0.954,55.6,0.528
5.44,2.84,4.98,0.23,4.38,9.38,0.82,4.0,1.0,61.02,0.77,0.473,10,8,0.742,0.176,0.752,1.0,0.891,58.5,0.602
7.06,4.15,13.09,0.49,5.6,8.4,0.58,6.0,0.88,114.43,0.92,0.6,7,1,0.742,0.543,0.979,1.0,0.762,52.4,0.51
1.58,3.33,1.63,0.08,1.24,3.67,0.58,6.0,0.88,44.52,0.98,0.983,6,9,0.524,0.159,0.728,0.0,0.814,74.4,0.547
5.79,1.06,4.76,0.23,4.74,9.98,0.82,4.0,1.0,94.18,0.91,0.419,15,1,0.471,0.649,0.46,1.0,0.876,60.0,0.561
3.04,1.7,10.58,0.39,2.33,4.11,0.82,4.0,1.0,46.78,0.99,0.262,13,6,0.883,0.345,0.86,0.0,0.666,57.9,0.419
3.0,0.65,2.7,0.14,2.1,6.12,1.0,2.0,0.95,147.42,0.85,0.444,11,12,0.51,0.675,0.678,0.0,0.758,65.2,0.436
4.45,0.75,11.33,0.62,3.09,4.59,0.82,4.0,1.0,11.95,0.67,0.221,13,10,0.964,0.638,0.91,1.0,0.947,49.7,0.528
10.02,1.54,14.95,0.62,8.47,10.33,0.35,8.0,0.55,148.04,0.63,0.677,9,3,0.834,0.343,0.663,0.0,0.495,40.5,0.321
4.09,4.01,12.32,0.47,2.86,4.99,0.82,4.0,1.0,33.58,0.96,0.62,18,9,0.849,0.093,0.782,0.0,0.915,62.8,0.544
4.48,0.43,9.54,0.47,3.08,5.46,0.35,8.0,0.55,142.54,0.72,0.61,4,7,0.521,0.477,0.535,0.0,0.528,49.0,0.384
0.39,3.28,0.13,0.01,-0.31,1.08,0.82,4.0,1.0,68.76,0.64,0.814,14,6,0.506,0.426,0.74,1.0,0.889,72.1,0.567
9.42,2.65,3.67,0.16,8.54,18.47,0.58,6.0,0.88,33.81,0.8,0.51,10,10,0.633,0.705,0.827,0.0,0.821,48.1,0.416
1.07,2.26,14.15,0.54,-0.24,1.2,0.82,4.0,1.0,123.85,0.57,0.42,1,2,0.886,0.472,0.748,0.0,0.39,51.2,0.306
4.08,2.05,7.21,0.29,3.3,6.38,1.0,2.0,0.95,173.51,0.58,0.785,6,11,0.712,0.011,0.893,1.0,0.473,66.5,0.617
4.75,2.98,6.48,0.26,3.41,7.79,0.82,4.0,1.0,17.46,0.67,0.429,13,7,0.761,0.518,0.827,0.0,0.929,53.6,0.471
3.53,5.39,4.07,0.15,2.74,7.06,0.58,6.0,0.88,73.9,0.55,0.216,17,2,0.746,0.503,0.597,0.0,0.856,62.5,0.525
6.7,6.38,10.14,0.39,5.42,9.05,0.58,6.0,0.88,173.1,0.76,0.488,1,8,0.512,0.068,0.768,0.0,0.776,46.7,0.423
5.08,0.11,14.98,0.73,4.02,4.7,0.58,6.0,0.88,121.92,0.92,0.122,6,8,0.616,0.219,0.733,0.0,0.947,51.8,0.516
8.57,2.11,4.36,0.21,7.92,15.3,0.35,8.0,0.55,150.62,0.93,0.388,4,2,0.938,0.676,0.785,0.0,0.831,47.9,0.34
4.49,2.81,16.17,0.6,3.15,4.73,0.35,8.0,0.55,50.9,0.63,0.776,17,5,0.661,0.75,0.474,1.0,0.651,47.7,0.472
9.94,6.84,8.23,0.43,8.82,12.74,0.35,8.0,0.55,58.19,0.55,0.69,13,10,0.503,0.362,0.9,0.0,0.696,39.4,0.373
3.7,3.32,3.79,0.15,2.98,7.4,0.58,6.0,0.88,154.07,0.68,0.221,5,10,0.814,0.814,0.818,0.0,0.7,53.3,0.358
3.73,0.09,7.59,0.39,2.33,5.04,0.82,4.0,1.0,114.26,0.79,0.35,16,5,0.583,0.859,0.428,0.0,0.785,47.9,0.41
9.7,0.89,13.4,0.65,8.49,9.7,0.35,8.0,0.55,101.23,0.91,0.377,14,2,0.636,0.68,0.751,0.0,0.967,40.3,0.35
8.99,3.96,1.41,0.06,8.29,21.93,0.35,8.0,0.55,172.27,0.94,0.659,11,7,0.785,0.572,0.892,0.0,0.4,48.0,0.348
6.85,4.02,7.12,0.26,5.68,11.23,0.58,6.0,0.88,169.1,0.89,0.545,15,7,0.539,0.854,0.473,0.0,0.767,47.4,0.393
1.43,0.9,1.72,0.06,0.72,3.49,1.0,2.0,0.95,11.58,0.9,0.548,3,2,0.589,0.155,0.78,1.0,0.545,64.5,0.572
1.29,3.7,0.51,0.02,0.29,3.49,0.82,4.0,1.0,59.89,0.76,0.976,18,5,0.741,0.135,0.95,0.0,0.722,79.8,0.613
6.19,5.65,5.57,0.26,5.22,10.15,0.35,8.0,0.55,145.24,0.75,0.397,9,3,0.611,0.0,0.873,0.0,0.567,48.0,0.382
10.91,4.22,0.16,0.01,10.4,30.31,0.35,8.0,0.55,43.16,0.55,0.405,14,9,0.682,0.25,0.815,1.0,0.872,47.2,0.487
4.04,3.53,11.04,0.44,3.12,5.11,0.82,4.0,1.0,117.43,0.79,0.305,7,2,0.547,0.29,0.769,1.0,0.521,60.6,0.528
1.13,2.13,0.4,0.01,0.63,3.14,1.0,2.0,0.95,24.26,0.75,0.058,3,3,0.458,0.217,0.644,1.0,0.979,69.1,0.683
1.08,4.97,2.63,0.13,0.37,2.25,0.58,6.0,0.88,98.69,0.63,0.901,9,7,0.889,0.122,0.846,0.0,0.592,77.8,0.535
1.38,1.63,1.69,0.07,0.88,3.29,1.0,2.0,0.95,71.26,0.98,0.939,6,11,0.836,0.745,0.719,0.0,0.51,80.6,0.473
4.8,0.52,2.03,0.08,4.19,11.16,1.0,2.0,0.95,31.79,0.67,0.164,8,1,0.963,0.581,0.801,0.0,0.584,57.4,0.386
3.88,0.78,17.45,0.68,2.9,3.77,1.0,2.0,0.95,65.28,0.62,0.56,4,3,0.709,0.317,0.724,1.0,0.857,58.2,0.542
4.34,1.23,16.18,0.71,3.01,4.09,0.35,8.0,0.55,54.46,0.86,0.23,6,9,0.634,0.732,0.56,0.0,0.393,37.2,0.281
5.31,3.02,13.97,0.61,3.83,5.53,0.58,6.0,0.88,159.16,0.83,0.396,8,6,0.832,0.658,0.713,1.0,0.47,53.3,0.524
4.73,1.45,11.54,0.6,3.44,4.98,0.82,4.0,1.0,13.87,0.93,0.173,2,4,0.507,0.192,0.418,1.0,0.764,46.3,0.554
0.8,1.5,12.92,0.71,-0.94,0.75,0.58,6.0,0.88,118.72,0.97,0.84,15,11,0.482,0.558,0.944,1.0,0.868,58.9,0.355
5.19,4.86,15.02,0.8,3.96,4.51,0.58,6.0,0.88,94.47,0.6,0.269,13,4,0.552,0.657,0.731,0.0,0.702,48.3,0.417
6.52,4.65,7.69,0.4,5.2,8.69,0.58,6.0,0.88,99.89,0.78,0.675,18,10,0.685,0.352,0.583,1.0,0.882,53.7,0.573
5.92,3.74,3.85,0.15,4.73,11.84,0.58,6.0,0.88,47.23,0.98,0.475,13,1,0.835,0.983,0.746,0.0,0.976,48.7,0.355
1.89,1.42,13.89,0.51,0.43,2.2,0.82,4.0,1.0,165.6,0.78,0.592,5,2,0.47,0.356,0.48,1.0,0.91,65.5,0.583
1.19,2.67,16.52,0.65,-0.33,1.19,0.58,6.0,0.88,143.14,0.63,0.834,4,10,0.79,0.037,0.869,1.0,0.399,48.1,0.504
8.4,2.89,16.74,0.87,6.63,6.89,0.58,6.0,0.88,135.09,0.93,0.932,13,1,0.612,0.041,0.713,0.0,0.556,55.4,0.428
11.18,6.64,10.35,0.55,10.01,12.42,0.35,8.0,0.55,141.97,0.62,0.369,16,10,0.845,0.548,0.552,1.0,0.666,43.7,0.431
3.79,0.91,7.12,0.3,2.76,5.83,0.82,4.0,1.0,179.48,0.79,0.28,9,7,0.621,0.924,0.452,1.0,0.617,51.8,0.449
4.31,0.41,6.29,0.24,3.14,7.31,1.0,2.0,0.95,112.93,0.75,0.928,8,4,0.813,0.156,0.823,0.0,0.421,59.3,0.519
6.56,3.62,0.25,0.01,6.21,18.22,0.82,4.0,1.0,82.11,0.56,0.249,18,4,0.558,0.523,0.55,1.0,0.743,65.3,0.604
2.29,2.0,9.48,0.46,1.53,2.83,1.0,2.0,0.95,37.72,0.86,0.308,15,11,0.951,0.067,0.783,1.0,0.894,66.3,0.687
2.93,3.38,17.58,0.93,1.48,2.29,0.35,8.0,0.55,156.29,0.79,0.227,17,8,0.747,0.712,0.423,1.0,0.56,48.4,0.43
6.61,2.38,5.44,0.19,5.34,12.24,0.58,6.0,0.88,51.11,0.58,0.295,13,1,0.95,0.949,0.531,1.0,0.915,48.9,0.429
6.16,5.98,15.71,0.63,4.93,6.29,0.35,8.0,0.55,103.98,0.74,0.347,11,8,0.737,0.207,0.48,0.0,0.893,42.2,0.445
3.42,4.0,13.86,0.56,2.13,3.76,0.82,4.0,1.0,30.13,0.58,0.556,4,3,0.618,0.88,0.822,1.0,0.904,49.9,0.478
8.66,7.24,11.46,0.45,7.83,10.82,0.35,8.0,0.55,35.45,0.61,0.075,9,10,0.751,0.231,0.535,0.0,0.576,38.0,0.371
8.29,3.32,15.34,0.67,7.25,8.13,0.35,8.0,0.55,36.4,0.56,0.776,1,5,0.954,0.223,0.789,0.0,0.827,38.3,0.447
10.02,4.34,5.85,0.26,9.3,16.43,0.35,8.0,0.55,74.07,0.57,0.749,13,12,0.616,0.612,0.831,0.0,0.678,43.0,0.406
4.87,0.58,9.68,0.35,4.24,6.96,1.0,2.0,0.95,70.96,0.89,0.964,7,5,0.683,0.884,0.849,1.0,0.641,52.4,0.492
3.9,1.99,8.34,0.34,3.23,5.65,1.0,2.0,0.95,91.12,0.63,0.606,18,3,0.658,0.323,0.414,1.0,0.722,63.4,0.555
1.36,2.89,11.67,0.46,0.51,1.68,0.35,8.0,0.55,132.52,0.59,0.721,12,2,0.728,0.384,0.859,0.0,0.589,59.8,0.49
5.52,4.37,2.7,0.1,5.02,12.27,0.58,6.0,0.88,128.74,0.74,0.344,15,5,0.782,0.118,0.476,0.0,0.352,56.6,0.393
9.89,4.81,0.1,0.0,9.44,28.26,0.35,8.0,0.55,106.82,0.76,0.44,3,10,0.768,0.245,0.717,0.0,0.381,42.9,0.397
1.1,0.12,10.41,0.43,0.14,1.41,1.0,2.0,0.95,17.61,0.6,0.994,6,11,0.601,0.661,0.806,0.0,0.959,66.6,0.474
0.83,0.69,6.63,0.3,0.22,1.28,1.0,2.0,0.95,78.06,0.8,0.328,5,2,0.818,0.274,0.706,0.0,0.788,74.7,0.505
2.84,1.53,16.81,0.6,1.75,2.99,1.0,2.0,0.95,110.37,0.69,0.549,12,3,0.776,0.496,0.823,1.0,0.66,61.2,0.572
9.31,0.06,0.43,0.02,8.94,25.16,0.58,6.0,0.88,152.96,0.91,0.999,14,1,0.627,0.56,0.77,0.0,0.754,64.5,0.445
1.94,1.14,5.83,0.32,0.79,2.9,1.0,2.0,0.95,62.76,0.88,0.635,1,3,0.553,0.834,0.935,1.0,0.927,63.7,0.575
2.08,4.08,15.57,0.58,0.86,2.24,0.35,8.0,0.55,146.92,0.97,0.103,17,5,0.749,0.678,0.722,0.0,0.481,56.9,0.443
0.96,1.03,15.13,0.71,-0.32,0.91,0.58,6.0,0.88,97.1,0.62,0.625,6,10,0.512,0.782,0.579,1.0,0.797,47.7,0.379
3.01,3.66,5.45,0.23,2.38,5.19,0.82,4.0,1.0,68.61,0.57,0.242,3,8,0.718,0.799,0.925,0.0,0.47,62.3,0.446
7.45,0.99,15.69,0.6,5.8,7.84,0.58,6.0,0.88,122.46,0.61,0.738,15,7,0.828,0.522,0.402,0.0,0.783,49.7,0.365
10.26,0.95,13.79,0.54,9.45,11.53,0.35,8.0,0.55,137.01,0.84,0.249,7,4,0.602,0.532,0.848,0.0,0.522,34.3,0.277
1.41,0.8,5.73,0.3,0.26,2.17,1.0,2.0,0.95,52.42,0.66,0.118,11,9,0.685,0.13,0.673,0.0,0.417,60.0,0.462
5.39,3.93,11.33,0.45,4.31,6.74,0.82,4.0,1.0,65.3,0.7,0.238,18,2,0.966,0.756,0.67,0.0,0.409,56.3,0.414
2.7,1.52,12.78,0.56,1.69,2.97,1.0,2.0,0.95,41.84,0.94,0.636,12,7,0.547,0.917,0.592,1.0,0.636,48.6,0.455
4.73,5.59,5.08,0.24,3.75,8.02,0.58,6.0,0.88,92.42,0.73,0.729,4,6,0.745,0.071,0.575,1.0,0.603,56.4,0.589
7.31,1.72,6.13,0.23,6.33,12.6,0.82,4.0,1.0,141.61,0.75,0.798,18,12,0.575,0.663,0.445,1.0,0.422,57.9,0.487
4.58,0.43,17.21,0.92,3.32,3.61,1.0,2.0,0.95,146.9,0.9,0.41,16,11,0.8,0.091,0.874,0.0,0.827,61.5,0.508
3.92,3.84,3.52,0.14,3.26,8.0,0.58,6.0,0.88,103.51,0.96,0.339,14,12,0.971,0.344,0.452,0.0,0.735,59.7,0.515
0.92,5.95,17.42,0.97,-0.78,0.7,0.58,6.0,0.88,176.21,0.6,0.318,1,4,0.679,0.59,0.763,1.0,0.606,47.6,0.324
3.75,0.87,6.92,0.25,2.54,6.25,0.82,4.0,1.0,29.46,1.0,0.687,5,1,0.488,0.016,0.818,1.0,0.764,65.8,0.592
4.94,1.86,8.21,0.32,3.86,7.37,0.82,4.0,1.0,77.78,0.63,0.534,18,8,0.654,0.226,0.646,0.0,0.714,60.6,0.456
4.11,3.63,6.61,0.24,3.14,6.97,0.58,6.0,0.88,127.47,0.6,0.507,3,3,0.837,0.526,0.898,1.0,0.643,54.1,0.569
1.61,1.41,11.95,0.48,0.3,1.94,1.0,2.0,0.95,97.98,0.81,0.632,11,9,0.863,0.469,0.697,1.0,0.712,67.7,0.577
3.0,0.28,16.61,0.65,1.48,3.0,0.58,6.0,0.88,102.34,0.58,0.5,6,10,0.477,0.99,0.869,0.0,0.531,40.6,0.307
2.66,4.08,4.95,0.24,1.54,4.51,0.58,6.0,0.88,109.48,0.96,0.752,15,6,0.878,0.261,0.806,1.0,0.464,66.6,0.535
5.33,1.33,14.79,0.56,3.88,5.86,1.0,2.0,0.95,75.5,0.72,0.678,6,4,0.756,0.842,0.432,1.0,0.826,45.3,0.426
5.66,4.22,17.07,0.63,4.58,5.78,0.35,8.0,0.55,123.66,0.73,0.299,17,7,0.456,0.927,0.66,1.0,0.956,38.6,0.382
9.1,2.88,16.52,0.62,7.95,9.38,0.58,6.0,0.88,49.54,0.59,0.672,13,8,0.86,0.749,0.826,0.0,0.678,47.0,0.43
5.36,4.46,14.97,0.83,4.2,4.54,0.58,6.0,0.88,20.5,0.75,0.258,10,5,0.552,0.024,0.453,0.0,0.949,47.2,0.491
0.79,1.35,6.77,0.26,-0.27,1.3,1.0,2.0,0.95,144.97,0.63,0.155,6,5,0.606,0.66,0.444,1.0,0.931,57.0,0.493
2.7,5.16,4.99,0.27,1.85,4.35,0.58,6.0,0.88,179.28,0.67,0.822,6,8,0.487,0.979,0.516,1.0,0.462,53.5,0.417
2.79,5.68,16.43,0.65,1.8,2.79,0.35,8.0,0.55,14.98,0.81,0.288,15,1,0.925,0.149,0.771,0.0,0.769,51.8,0.484
6.76,4.56,16.92,0.74,5.4,6.2,0.35,8.0,0.55,152.24,0.9,0.796,18,4,0.452,0.954,0.874,1.0,0.426,37.4,0.446
6.59,2.67,11.38,0.41,5.85,8.67,0.58,6.0,0.88,97.16,0.98,0.126,15,5,0.793,0.177,0.423,1.0,0.766,48.2,0.527
3.6,0.82,1.53,0.06,2.66,8.78,1.0,2.0,0.95,26.91,0.64,0.734,8,8,0.656,0.793,0.773,1.0,0.686,63.9,0.537
0.54,0.17,14.18,0.77,-0.58,0.48,1.0,2.0,0.95,145.66,0.85,0.485,18,3,0.843,0.233,0.442,0.0,0.658,57.3,0.423
1.6,1.44,0.26,0.01,0.57,4.44,1.0,2.0,0.95,148.09,0.59,0.631,3,2,0.511,0.595,0.757,0.0,0.857,74.6,0.562
3.97,8.59,10.37,0.54,2.47,4.46,0.35,8.0,0.55,143.17,0.89,0.613,11,2,0.514,0.141,0.641,1.0,0.699,53.3,0.613
1.04,1.75,11.38,0.52,0.14,1.2,1.0,2.0,0.95,158.57,0.59,0.057,3,12,0.795,0.887,0.641,1.0,0.786,57.2,0.528
4.94,8.26,10.99,0.6,3.94,5.2,0.35,8.0,0.55,90.98,0.98,0.646,10,6,0.672,0.558,0.511,0.0,0.74,50.9,0.471
3.67,2.78,3.75,0.2,3.12,6.67,0.82,4.0,1.0,28.56,0.93,0.916,16,3,0.535,0.923,0.431,1.0,0.53,51.4,0.442
0.83,6.53,16.65,0.84,-0.93,0.7,0.35,8.0,0.55,88.34,0.6,0.9,15,10,0.757,0.419,0.833,1.0,0.495,44.1,0.295
5.62,3.83,6.76,0.33,4.64,8.26,0.82,4.0,1.0,88.22,0.95,0.188,15,3,0.655,0.136,0.817,1.0,0.965,58.6,0.563
1.8,0.29,8.38,0.38,0.52,2.47,1.0,2.0,0.95,41.13,0.68,0.199,6,10,0.964,0.855,0.45,1.0,0.893,53.5,0.504
3.46,6.44,13.25,0.65,2.28,3.46,0.35,8.0,0.55,105.15,0.95,0.612,5,10,0.926,0.418,0.426,1.0,0.812,53.0,0.533
5.69,7.03,14.78,0.66,4.58,5.63,0.35,8.0,0.55,101.41,0.56,0.745,7,3,0.64,0.239,0.979,0.0,0.652,45.2,0.436
5.38,1.05,2.5,0.1,4.87,11.96,1.0,2.0,0.95,157.14,0.83,0.719,1,11,0.487,0.893,0.593,0.0,0.537,53.4,0.398
5.98,0.4,15.86,0.63,5.05,6.1,0.82,4.0,1.0,170.27,0.85,0.894,4,7,0.644,0.619,0.612,0.0,0.758,58.5,0.449
1.34,1.51,9.71,0.4,0.06,1.79,0.82,4.0,1.0,135.91,0.94,0.718,8,6,0.637,0.267,0.795,1.0,0.384,69.8,0.592
2.77,1.19,14.86,0.55,1.59,3.08,1.0,2.0,0.95,67.53,0.85,0.709,3,4,0.923,0.458,0.446,0.0,0.532,63.8,0.417
1.38,1.02,2.71,0.14,0.18,2.82,0.58,6.0,0.88,6.04,0.74,0.698,5,8,0.634,0.444,0.774,1.0,0.469,56.5,0.564
4.12,2.3,11.63,0.55,2.82,4.58,0.58,6.0,0.88,126.04,0.93,0.473,10,10,0.52,0.789,0.5,1.0,0.493,51.4,0.446
1.11,0.66,17.21,0.71,0.01,1.05,1.0,2.0,0.95,97.29,0.63,0.217,5,3,0.576,0.041,0.584,0.0,0.628,62.8,0.473
3.78,2.15,2.66,0.12,2.58,8.04,1.0,2.0,0.95,96.99,0.6,0.074,16,3,0.952,0.928,0.491,1.0,0.758,54.2,0.539
6.07,3.22,16.6,0.78,4.94,5.37,0.82,4.0,1.0,87.26,0.57,0.694,4,5,0.463,0.618,0.528,1.0,0.408,46.7,0.478
5.94,3.39,3.52,0.19,4.78,11.0,0.82,4.0,1.0,122.52,0.98,0.977,13,4,0.71,0.603,0.697,0.0,0.922,64.5,0.441
4.47,3.31,5.12,0.24,3.15,7.58,0.35,8.0,0.55,157.63,0.59,0.741,15,12,0.976,0.804,0.567,1.0,0.809,47.8,0.52
1.09,0.7,17.79,0.77,-0.22,0.97,1.0,2.0,0.95,168.1,0.82,0.407,1,7,0.789,0.273,0.501,1.0,0.797,58.4,0.5
6.3,1.31,8.83,0.34,5.45,9.13,0.82,4.0,1.0,106.17,0.77,0.753,8,1,0.869,0.154,0.574,1.0,0.428,63.5,0.559
3.87,3.04,4.41,0.23,3.15,6.67,0.82,4.0,1.0,178.99,0.58,0.758,16,10,0.681,0.258,0.798,0.0,0.585,67.8,0.448
1.84,0.43,5.75,0.21,1.26,3.29,0.58,6.0,0.88,31.07,0.67,0.449,12,1,0.604,0.53,0.943,0.0,0.833,66.5,0.444
4.24,3.85,14.88,0.6,3.13,4.46,0.82,4.0,1.0,124.01,0.86,0.141,12,3,0.457,0.518,0.616,1.0,0.61,60.2,0.507
1.46,1.01,3.39,0.13,0.56,3.04,0.82,4.0,1.0,149.99,0.79,0.555,18,12,0.851,0.114,0.667,0.0,0.423,70.6,0.462
3.2,2.42,14.71,0.55,1.89,3.56,0.58,6.0,0.88,137.92,0.7,0.724,1,12,0.882,0.222,0.897,0.0,0.783,56.6,0.44
2.54,1.69,2.01,0.11,1.77,5.52,1.0,2.0,0.95,78.76,0.64,0.081,17,10,0.481,0.119,0.547,0.0,0.54,58.7,0.427
5.09,0.49,16.22,0.82,3.72,4.35,1.0,2.0,0.95,18.16,0.93,0.945,12,6,0.535,0.501,0.823,0.0,0.668,46.6,0.431
3.07,1.59,17.36,0.88,1.3,2.5,1.0,2.0,0.95,2.77,0.88,0.928,17,12,0.702,0.698,0.507,0.0,0.464,46.3,0.341
4.03,1.82,13.71,0.65,2.73,4.03,0.82,4.0,1.0,94.51,0.77,0.393,10,9,0.833,0.082,0.686,1.0,0.529,60.8,0.565
2.87,3.61,17.73,0.8,1.09,2.5,0.35,8.0,0.55,161.27,0.91,0.942,12,3,0.457,0.674,0.79,1.0,0.626,56.6,0.468
3.17,3.07,17.6,0.69,1.47,3.05,0.82,4.0,1.0,32.03,0.71,0.239,7,10,0.897,0.404,0.535,1.0,0.807,55.1,0.578
7.27,5.3,16.98,0.79,5.66,6.38,0.58,6.0,0.88,171.12,0.99,0.536,5,8,0.507,0.251,0.688,0.0,0.369,47.9,0.44
7.91,8.56,6.89,0.28,7.25,12.56,0.35,8.0,0.55,112.71,0.59,0.123,17,8,0.87,0.202,0.784,1.0,0.668,45.5,0.555
5.26,0.12,7.75,0.29,4.39,8.22,1.0,2.0,0.95,57.99,0.72,0.487,2,3,0.745,0.86,0.576,0.0,0.66,42.9,0.366
8.87,5.03,8.83,0.38,7.78,12.15,0.35,8.0,0.55,85.63,0.8,0.198,2,7,0.59,0.591,0.619,1.0,0.833,37.5,0.404
1.01,0.84,14.57,0.61,-0.5,1.05,1.0,2.0,0.95,113.28,0.72,0.457,12,7,0.636,0.661,0.544,1.0,0.723,59.3,0.406
1.4,1.16,9.69,0.53,0.06,1.59,0.58,6.0,0.88,77.2,0.78,0.45,1,12,0.699,0.022,0.584,1.0,0.553,56.9,0.577
2.75,2.24,13.77,0.64,1.34,2.78,0.82,4.0,1.0,66.67,0.75,0.522,3,9,0.563,0.265,0.572,1.0,0.857,62.1,0.656
3.4,0.64,10.2,0.44,2.35,4.3,1.0,2.0,0.95,63.82,0.58,0.833,17,5,0.679,0.54,0.516,1.0,0.508,60.7,0.56
6.65,2.78,9.29,0.47,5.51,8.11,0.82,4.0,1.0,119.62,0.92,0.941,9,11,0.732,0.614,0.846,1.0,0.939,64.6,0.532
2.95,0.69,2.71,0.11,2.33,6.41,0.82,4.0,1.0,79.5,0.69,0.839,3,11,0.558,0.412,0.878,0.0,0.512,66.7,0.469
1.12,0.11,14.35,0.68,-0.22,1.09,1.0,2.0,0.95,178.45,0.74,0.91,7,3,0.595,0.029,0.858,1.0,0.765,59.6,0.614
9.07,0.53,16.14,0.76,7.81,8.17,0.35,8.0,0.55,13.32,0.98,0.902,3,7,0.95,0.724,0.482,0.0,0.71,38.4,0.292
4.89,0.64,10.8,0.42,3.95,6.35,0.58,6.0,0.88,150.16,0.88,0.816,8,7,0.566,0.107,0.524,1.0,0.627,53.8,0.572
6.3,6.17,2.03,0.09,5.56,14.32,0.35,8.0,0.55,45.85,0.67,0.795,5,6,0.702,0.368,0.579,0.0,0.88,52.0,0.501
2.16,1.72,11.5,0.46,0.68,2.67,0.82,4.0,1.0,123.97,0.79,0.275,15,7,0.454,0.961,0.938,1.0,0.54,59.5,0.526
2.28,5.88,16.49,0.68,0.6,2.21,0.58,6.0,0.88,138.48,0.73,0.082,3,8,0.7,0.413,0.888,1.0,0.902,60.4,0.622
4.98,2.35,10.84,0.41,3.69,6.55,0.58,6.0,0.88,82.68,0.56,0.099,6,11,0.685,0.641,0.402,0.0,0.746,44.3,0.325
2.13,3.15,13.82,0.56,1.21,2.34,0.82,4.0,1.0,107.73,0.73,0.942,15,8,0.913,0.134,0.501,1.0,0.854,72.8,0.652
3.16,1.69,15.02,0.63,2.26,3.22,0.82,4.0,1.0,6.09,0.8,0.631,8,2,0.966,0.198,0.807,0.0,0.381,53.7,0.444
0.99,1.65,17.05,0.89,-0.76,0.8,0.82,4.0,1.0,79.46,0.96,0.481,16,2,0.569,0.203,0.949,1.0,0.531,57.6,0.395
4.64,4.38,5.09,0.21,3.82,8.29,0.82,4.0,1.0,74.72,0.62,0.326,9,4,0.777,0.907,0.614,1.0,0.404,50.1,0.492
8.01,6.29,12.75,0.5,7.04,9.42,0.35,8.0,0.55,18.96,0.58,0.366,8,8,0.931,0.997,0.945,0.0,0.353,29.7,0.228
7.83,1.21,16.06,0.87,6.56,6.42,0.35,8.0,0.55,32.24,0.77,0.372,15,3,0.498,0.71,0.651,1.0,0.424,33.6,0.349
7.19,6.12,5.09,0.19,6.23,13.31,0.58,6.0,0.88,137.56,0.67,0.347,6,6,0.841,0.491,0.951,1.0,0.384,48.6,0.448
2.77,0.4,8.41,0.44,1.32,3.51,1.0,2.0,0.95,90.09,0.75,0.989,18,8,0.693,0.112,0.817,0.0,0.428,61.7,0.525
6.32,3.31,14.81,0.63,4.88,6.45,0.82,4.0,1.0,39.81,1.0,0.054,6,7,0.938,0.246,0.689,0.0,0.909,47.3,0.463
2.38,1.32,17.12,0.65,1.35,2.38,1.0,2.0,0.95,16.43,0.92,0.677,15,11,0.956,0.594,0.403,0.0,0.763,64.4,0.45
1.86,0.26,11.59,0.55,1.01,2.07,0.82,4.0,1.0,14.59,0.98,0.412,13,5,0.544,0.965,0.902,0.0,0.363,49.1,0.32
3.53,6.63,11.77,0.61,2.25,3.68,0.35,8.0,0.55,78.96,0.91,0.345,5,6,0.803,0.832,0.697,1.0,0.631,41.2,0.405
1.36,3.75,6.63,0.33,0.24,2.0,0.35,8.0,0.55,18.54,0.78,0.975,8,11,0.814,0.155,0.687,0.0,0.533,58.8,0.521
3.7,8.66,12.32,0.59,2.65,3.94,0.35,8.0,0.55,78.14,0.81,0.573,2,9,0.507,0.425,0.455,1.0,0.574,47.7,0.53
0.94,1.47,3.23,0.16,0.2,1.84,1.0,2.0,0.95,16.83,0.94,0.333,15,11,0.688,0.808,0.598,0.0,0.483,53.1,0.435
8.33,0.75,9.62,0.53,7.45,9.47,0.58,6.0,0.88,32.57,0.76,0.707,16,5,0.778,0.974,0.609,1.0,0.857,37.7,0.377
1.15,0.12,17.47,0.66,0.06,1.14,0.82,4.0,1.0,117.45,0.84,0.464,18,4,0.496,0.77,0.486,1.0,0.364,62.4,0.471
11.1,4.18,15.48,0.65,10.03,11.1,0.35,8.0,0.55,103.36,0.93,0.098,1,2,0.784,0.713,0.968,1.0,0.814,40.2,0.461
0.69,2.67,9.24,0.37,-0.72,0.96,0.58,6.0,0.88,163.1,0.94,0.27,2,9,0.46,0.576,0.721,1.0,0.913,52.0,0.411
7.29,5.7,8.07,0.36,6.54,10.27,0.35,8.0,0.55,131.27,0.76,0.466,17,4,0.761,0.685,0.935,1.0,0.433,44.0,0.47
9.64,5.94,13.22,0.51,8.2,11.21,0.35,8.0,0.55,152.33,0.83,0.318,3,11,0.706,0.173,0.491,1.0,0.414,37.4,0.523
2.5,3.7,17.99,0.83,1.2,2.12,0.58,6.0,0.88,122.49,0.63,0.866,17,1,0.878,0.338,0.466,0.0,0.426,59.6,0.419
7.53,5.09,13.86,0.59,5.93,8.01,0.58,6.0,0.88,153.91,0.94,0.624,4,12,0.477,0.946,0.863,0.0,0.964,43.7,0.372
4.59,0.14,1.9,0.08,3.52,10.67,1.0,2.0,0.95,164.16,0.62,0.328,15,9,0.714,0.87,0.489,1.0,0.561,51.7,0.512
11.16,6.78,0.12,0.0,10.51,31.89,0.35,8.0,0.55,53.04,0.63,0.303,14,6,0.784,0.245,0.837,1.0,0.846,46.9,0.526
10.36,8.38,9.29,0.37,8.94,14.39,0.35,8.0,0.55,80.78,0.9,0.732,17,2,0.495,0.315,0.97,0.0,0.623,42.9,0.336
6.8,0.3,11.37,0.45,5.54,8.5,0.82,4.0,1.0,94.52,0.68,0.432,18,5,0.832,0.314,0.6,1.0,0.917,58.7,0.544
5.33,1.84,9.8,0.38,4.15,7.3,0.35,8.0,0.55,126.15,0.95,0.792,13,4,0.917,0.084,0.712,1.0,0.807,56.6,0.546
2.31,3.4,5.62,0.26,1.26,3.79,0.58,6.0,0.88,6.17,0.95,0.563,9,4,0.891,0.304,0.645,0.0,0.811,65.4,0.48
1.48,5.01,16.94,0.75,-0.01,1.35,0.58,6.0,0.88,2.93,0.7,0.274,18,10,0.574,0.299,0.787,0.0,0.8,39.0,0.358
5.08,1.31,14.01,0.62,4.09,5.24,0.58,6.0,0.88,77.77,0.74,0.138,14,3,0.702,0.446,0.614,1.0,0.721,50.5,0.508
5.7,4.22,17.94,0.72,3.92,5.33,0.58,6.0,0.88,132.25,0.74,0.205,17,3,0.707,0.458,0.961,0.0,0.788,50.1,0.367
7.1,1.66,17.13,0.71,5.79,6.7,0.82,4.0,1.0,23.51,0.81,0.088,5,2,0.647,0.991,0.576,1.0,0.368,31.0,0.384
0.89,7.87,16.0,0.79,-0.85,0.78,0.35,8.0,0.55,89.01,0.61,0.381,2,7,0.705,0.31,0.662,1.0,0.842,43.3,0.402
5.8,2.25,8.3,0.37,4.8,8.06,0.82,4.0,1.0,156.21,0.7,0.81,14,7,0.573,0.395,0.714,1.0,0.814,63.1,0.633
3.3,1.76,12.73,0.54,2.4,3.71,1.0,2.0,0.95,101.56,0.64,0.638,2,10,0.727,0.751,0.692,0.0,0.426,60.1,0.371
1.77,0.49,14.93,0.57,0.46,1.92,1.0,2.0,0.95,17.07,0.79,0.354,2,8,0.907,0.023,0.653,1.0,0.365,55.8,0.544
0.94,0.26,3.03,0.16,0.31,1.84,1.0,2.0,0.95,17.95,0.69,0.437,6,1,0.776,0.325,0.416,0.0,0.538,64.9,0.44
2.71,6.22,16.19,0.87,1.39,2.22,0.58,6.0,0.88,108.27,0.66,0.533,17,7,0.953,0.269,0.585,1.0,0.391,54.2,0.544
1.74,2.12,12.15,0.59,0.43,1.85,1.0,2.0,0.95,141.77,0.69,0.436,3,11,0.715,0.783,0.483,0.0,0.843,63.1,0.444
0.82,7.16,17.3,0.71,-0.7,0.77,0.35,8.0,0.55,31.79,0.58,0.926,9,10,0.583,0.68,0.98,0.0,0.719,45.0,0.205
1.9,0.9,2.21,0.11,1.07,4.13,1.0,2.0,0.95,51.74,0.74,0.63,11,11,0.951,0.635,0.968,1.0,0.522,78.3,0.589
3.64,2.66,0.29,0.01,2.83,10.11,0.82,4.0,1.0,2.36,0.76,0.906,6,7,0.745,0.696,0.684,1.0,0.689,60.9,0.557
3.12,1.97,14.69,0.65,2.12,3.12,1.0,2.0,0.95,175.02,0.72,0.621,13,3,0.895,0.812,0.971,0.0,0.641,60.9,0.417
5.66,3.35,12.25,0.49,4.76,6.74,0.82,4.0,1.0,147.3,0.83,0.818,8,4,0.969,0.967,0.421,1.0,0.92,56.1,0.474
7.39,2.83,2.0,0.1,6.61,16.42,0.82,4.0,1.0,32.34,0.64,0.752,6,2,0.762,0.746,0.474,0.0,0.905,60.5,0.423
5.46,1.54,9.59,0.47,4.26,6.66,1.0,2.0,0.95,82.8,0.97,0.659,2,6,0.679,0.995,0.559,1.0,0.662,48.4,0.396
0.69,4.05,9.58,0.45,-0.34,0.86,0.82,4.0,1.0,61.58,0.95,0.817,8,12,0.675,0.074,0.545,0.0,0.557,56.0,0.43
2.82,1.79,10.67,0.44,1.85,3.57,1.0,2.0,0.95,46.57,0.6,0.276,11,1,0.885,0.52,0.537,0.0,0.839,63.7,0.513
6.81,0.8,1.09,0.06,6.23,16.61,0.35,8.0,0.55,152.89,0.58,0.171,15,1,0.61,0.626,0.438,0.0,0.702,48.4,0.377
3.53,0.93,15.56,0.6,2.15,3.72,1.0,2.0,0.95,82.71,0.76,0.457,4,6,0.795,0.676,0.415,1.0,0.72,53.6,0.453
3.4,1.86,16.28,0.85,1.87,2.83,1.0,2.0,0.95,65.26,0.77,0.64,6,4,0.523,0.044,0.474,1.0,0.673,60.1,0.583
1.4,1.39,6.17,0.28,0.86,2.22,0.82,4.0,1.0,106.39,0.86,0.104,17,9,0.905,0.422,0.513,0.0,0.754,71.4,0.468
5.13,3.07,17.67,0.74,3.86,4.71,0.82,4.0,1.0,104.96,0.98,0.635,14,6,0.536,0.454,0.858,0.0,0.662,60.7,0.477
3.69,0.98,8.65,0.34,2.41,5.35,0.82,4.0,1.0,145.69,0.72,0.43,1,6,0.455,0.358,0.722,0.0,0.533,54.3,0.441
0.75,0.24,3.56,0.18,-0.43,1.42,0.58,6.0,0.88,129.95,0.7,0.577,6,4,0.461,0.843,0.928,0.0,0.874,46.5,0.325
2.09,0.5,8.21,0.38,1.14,2.86,1.0,2.0,0.95,32.5,0.79,0.809,14,12,0.485,0.144,0.936,0.0,0.471,66.9,0.489
11.24,2.19,0.83,0.03,10.8,29.58,0.35,8.0,0.55,97.31,0.91,0.361,2,11,0.872,0.873,0.894,1.0,0.482,34.9,0.385
1.21,0.88,15.88,0.62,0.02,1.25,1.0,2.0,0.95,94.36,0.63,0.727,17,12,0.706,0.956,0.675,1.0,0.752,64.0,0.551
1.92,0.93,15.54,0.71,0.7,1.81,0.82,4.0,1.0,160.19,0.81,0.939,12,5,0.742,0.134,0.449,1.0,0.677,68.5,0.574
4.25,3.11,7.36,0.28,3.45,6.75,0.58,6.0,0.88,70.06,0.63,0.272,3,6,0.928,0.295,0.691,0.0,0.845,57.2,0.427
2.21,1.22,6.01,0.24,1.51,3.75,1.0,2.0,0.95,134.65,0.9,0.853,7,12,0.77,0.138,0.896,1.0,0.355,73.3,0.663
10.9,7.24,13.64,0.75,9.34,9.91,0.35,8.0,0.55,178.09,0.98,0.872,8,4,0.833,0.21,0.536,1.0,0.805,46.1,0.566
8.09,2.86,16.95,0.76,6.71,7.29,0.58,6.0,0.88,153.82,0.56,0.182,5,5,0.95,0.01,0.87,1.0,0.564,47.3,0.559
8.86,6.09,5.39,0.23,7.9,15.28,0.35,8.0,0.55,7.73,0.61,0.978,11,10,0.784,0.603,0.753,1.0,0.968,44.4,0.484
2.45,1.0,10.25,0.46,0.98,3.02,0.35,8.0,0.55,18.6,0.6,0.575,2,12,0.77,0.027,0.515,1.0,0.529,52.5,0.575
2.69,0.84,0.2,0.01,1.66,7.47,1.0,2.0,0.95,71.62,1.0,0.173,14,8,0.844,0.389,0.924,0.0,0.432,65.8,0.464
2.12,5.08,5.59,0.28,0.98,3.37,0.35,8.0,0.55,83.69,0.64,0.992,15,2,0.887,0.605,0.543,1.0,0.923,72.3,0.614
4.15,0.67,15.86,0.7,2.6,3.95,1.0,2.0,0.95,128.67,0.68,0.632,6,7,0.582,0.9,0.825,1.0,0.592,51.6,0.493
2.38,2.08,4.31,0.16,1.74,4.67,1.0,2.0,0.95,113.8,0.68,0.92,7,8,0.668,0.762,0.47,1.0,0.398,67.8,0.573
4.1,1.13,3.73,0.2,3.63,7.45,0.58,6.0,0.88,115.72,0.85,0.489,11,12,0.662,0.194,0.422,1.0,0.422,61.8,0.552
5.76,0.65,9.87,0.48,4.22,6.94,0.35,8.0,0.55,26.97,0.92,0.849,6,1,0.772,0.177,0.472,1.0,0.456,50.7,0.468
1.75,2.4,3.9,0.21,0.72,3.13,0.58,6.0,0.88,40.48,0.86,0.845,17,11,0.801,0.66,0.46,1.0,0.63,66.9,0.511
8.9,8.18,6.74,0.33,8.24,13.09,0.35,8.0,0.55,77.06,1.0,0.37,7,11,0.805,0.221,0.912,0.0,0.806,40.4,0.406
3.3,4.16,11.24,0.41,2.3,4.34,0.58,6.0,0.88,78.16,0.65,0.151,11,3,0.458,0.654,0.407,0.0,0.639,46.6,0.413
0.75,5.85,7.4,0.29,-0.21,1.17,0.58,6.0,0.88,178.3,0.87,0.802,6,5,0.958,0.6,0.969,1.0,0.777,66.4,0.571
1.95,5.04,12.38,0.45,0.68,2.44,0.58,6.0,0.88,14.02,0.56,0.916,15,7,0.721,0.742,0.692,0.0,0.497,56.9,0.449
2.51,2.86,4.38,0.23,1.91,4.33,0.58,6.0,0.88,90.77,0.64,0.407,2,4,0.939,0.598,0.949,1.0,0.435,60.4,0.561
3.03,2.15,11.66,0.56,2.2,3.33,1.0,2.0,0.95,152.75,0.7,0.28,18,1,0.931,0.665,0.544,0.0,0.733,63.4,0.436
7.37,0.62,8.85,0.32,6.76,11.0,0.35,8.0,0.55,178.58,0.97,0.169,6,10,0.741,0.795,0.519,0.0,0.619,40.0,0.29
2.1,0.82,4.48,0.21,1.26,3.75,0.82,4.0,1.0,115.14,0.67,0.792,3,6,0.661,0.168,0.656,1.0,0.829,78.9,0.72
4.27,0.97,1.5,0.06,3.7,10.41,1.0,2.0,0.95,97.62,0.8,0.217,13,8,0.612,0.283,0.726,1.0,0.395,59.2,0.546
6.9,0.07,15.51,0.61,5.72,7.19,0.82,4.0,1.0,74.01,0.74,0.425,12,7,0.709,0.641,0.741,1.0,0.908,59.3,0.51
1.74,1.95,4.59,0.17,0.71,3.35,0.82,4.0,1.0,92.71,0.77,0.704,2,11,0.654,0.424,0.543,1.0,0.372,70.8,0.602
3.94,1.44,4.7,0.21,2.9,7.04,1.0,2.0,0.95,47.26,0.82,0.954,6,1,0.512,0.092,0.813,1.0,0.601,67.5,0.671
6.61,0.77,7.68,0.31,5.62,10.02,0.82,4.0,1.0,96.91,0.95,0.607,14,12,0.911,0.109,0.732,1.0,0.863,60.3,0.575
8.14,0.11,3.03,0.13,7.68,16.96,0.35,8.0,0.55,139.73,0.74,0.446,10,12,0.678,0.176,0.508,0.0,0.475,42.7,0.446
6.67,1.91,3.62,0.14,5.59,13.61,0.35,8.0,0.55,36.16,0.99,0.878,15,11,0.934,0.109,0.769,0.0,0.535,49.8,0.409
0.62,1.59,8.73,0.34,0.02,0.9,0.58,6.0,0.88,49.36,0.98,0.682,2,2,0.562,0.792,0.618,1.0,0.937,67.9,0.562
4.1,6.02,6.18,0.29,3.36,6.41,0.35,8.0,0.55,66.3,0.73,0.63,12,6,0.877,0.003,0.905,1.0,0.807,60.5,0.573
4.83,0.65,12.59,0.48,3.79,5.82,1.0,2.0,0.95,112.07,0.85,0.501,14,11,0.55,0.986,0.955,1.0,0.36,47.3,0.369
6.55,1.58,8.72,0.34,5.29,9.49,0.58,6.0,0.88,64.0,0.97,0.944,16,11,0.904,0.905,0.826,1.0,0.733,50.0,0.518
1.01,1.76,5.42,0.22,0.07,1.77,1.0,2.0,0.95,157.71,0.63,0.474,4,8,0.801,0.241,0.523,0.0,0.416,74.5,0.468
8.61,5.07,3.97,0.19,7.77,15.94,0.58,6.0,0.88,161.76,0.61,0.179,18,11,0.834,0.09,0.801,0.0,0.937,55.7,0.509
3.8,4.75,13.25,0.61,2.39,3.96,0.58,6.0,0.88,102.02,0.94,0.818,8,5,0.511,0.088,0.452,0.0,0.819,52.8,0.458
9.08,3.83,0.03,0.0,8.37,25.94,0.58,6.0,0.88,152.79,0.99,0.354,12,11,0.945,0.126,0.785,0.0,0.417,52.8,0.481
1.67,6.23,15.07,0.66,0.37,1.65,0.58,6.0,0.88,109.06,0.62,0.682,2,10,0.62,0.502,0.799,1.0,0.978,64.1,0.594
3.89,3.11,6.78,0.24,3.12,6.59,0.82,4.0,1.0,149.36,0.64,0.746,8,12,0.84,0.923,0.85,1.0,0.808,56.9,0.546
7.44,2.43,6.07,0.24,6.11,12.61,0.82,4.0,1.0,136.87,0.73,0.551,10,5,0.819,0.195,0.897,1.0,0.411,58.2,0.59
4.73,1.58,8.24,0.42,3.94,6.14,1.0,2.0,0.95,125.88,0.68,0.188,7,12,0.554,0.651,0.61,0.0,0.777,58.9,0.4
7.93,1.52,1.01,0.05,7.23,19.82,0.35,8.0,0.55,170.22,0.6,0.54,11,10,0.68,0.149,0.819,0.0,0.371,47.0,0.405
5.02,1.68,12.45,0.48,3.73,6.05,0.82,4.0,1.0,140.44,0.94,0.668,9,11,0.796,0.367,0.47,0.0,0.427,58.6,0.49
0.51,2.54,10.31,0.5,-0.87,0.6,0.82,4.0,1.0,143.39,0.63,0.51,14,5,0.753,0.099,0.437,0.0,0.605,62.2,0.346
1.06,7.38,9.7,0.37,-0.11,1.47,0.35,8.0,0.55,136.12,0.64,0.676,4,3,0.907,0.695,0.403,1.0,0.854,45.6,0.422
5.02,0.43,4.62,0.18,4.52,9.47,0.82,4.0,1.0,24.2,0.68,0.968,6,7,0.968,0.658,0.544,0.0,0.946,57.3,0.482
1.91,4.34,5.63,0.21,0.6,3.41,0.35,8.0,0.55,109.9,0.78,0.704,2,4,0.469,0.142,0.897,0.0,0.953,60.4,0.48
2.89,4.83,7.6,0.32,2.1,4.31,0.58,6.0,0.88,117.66,0.62,0.483,9,11,0.675,0.695,0.711,0.0,0.747,56.3,0.44
5.46,2.5,11.66,0.5,4.57,6.42,0.82,4.0,1.0,148.24,0.69,0.798,13,1,0.961,0.247,0.557,0.0,0.781,63.5,0.483
2.22,0.77,4.92,0.18,1.6,4.19,1.0,2.0,0.95,3.76,0.72,0.97,13,2,0.865,0.124,0.705,1.0,0.721,71.1,0.597
6.76,5.72,9.93,0.41,5.34,8.89,0.58,6.0,0.88,32.39,0.98,0.42,12,12,0.809,0.789,0.72,1.0,0.65,44.7,0.395
5.05,0.67,10.22,0.49,3.53,6.01,0.82,4.0,1.0,115.78,0.72,0.789,14,12,0.693,0.439,0.605,1.0,0.666,58.5,0.544
2.53,3.78,17.05,0.77,1.24,2.26,0.82,4.0,1.0,18.05,0.59,0.743,3,3,0.755,0.085,0.566,1.0,0.859,53.7,0.636
3.78,2.29,17.96,0.67,2.27,3.71,0.82,4.0,1.0,74.17,0.83,0.915,1,12,0.675,0.534,0.6,0.0,0.733,61.7,0.484
1.6,1.65,2.4,0.11,1.2,3.48,0.82,4.0,1.0,90.2,0.63,0.971,11,11,0.582,0.539,0.845,0.0,0.533,78.4,0.493
4.15,1.27,3.91,0.19,2.92,7.69,1.0,2.0,0.95,116.45,0.92,0.084,15,10,0.9,0.057,0.403,1.0,0.557,60.9,0.534
3.22,0.09,7.75,0.39,2.13,4.35,0.82,4.0,1.0,161.93,0.73,0.917,1,3,0.858,0.25,0.673,1.0,0.539,66.6,0.56
1.34,2.92,15.11,0.77,0.02,1.2,0.58,6.0,0.88,79.24,0.71,0.877,7,2,0.55,0.04,0.629,1.0,0.918,63.4,0.599
11.05,8.65,2.14,0.09,10.29,25.11,0.35,8.0,0.55,123.35,0.61,0.764,13,9,0.835,0.742,0.879,0.0,0.419,43.1,0.276
2.81,0.11,12.32,0.67,1.18,2.75,0.82,4.0,1.0,78.48,0.82,0.058,16,5,0.6,0.083,0.649,0.0,0.809,56.9,0.466
4.8,2.19,4.45,0.17,4.21,9.23,1.0,2.0,0.95,127.75,0.91,0.716,17,10,0.546,0.993,0.743,0.0,0.495,49.4,0.287
6.99,1.9,11.1,0.59,6.11,7.44,0.82,4.0,1.0,74.5,0.69,0.652,8,4,0.628,0.479,0.696,0.0,0.542,50.8,0.378
6.86,1.67,16.11,0.81,5.8,5.91,0.58,6.0,0.88,119.56,0.69,0.321,9,10,0.503,0.185,0.95,1.0,0.561,44.6,0.527
2.72,3.27,6.5,0.25,1.77,4.53,0.82,4.0,1.0,68.14,0.84,0.25,13,2,0.92,0.13,0.831,0.0,0.376,69.0,0.554
1.73,1.99,1.78,0.06,0.89,4.22,0.82,4.0,1.0,55.66,0.76,0.773,18,12,0.531,0.128,0.643,1.0,0.912,82.1,0.751
8.54,2.99,12.91,0.48,7.75,10.29,0.58,6.0,0.88,76.58,0.97,0.529,1,3,0.768,0.697,0.475,0.0,0.952,42.0,0.432
5.65,1.78,12.32,0.46,4.11,6.98,0.82,4.0,1.0,31.46,0.89,0.415,13,7,0.772,0.207,0.402,0.0,0.723,47.9,0.484
5.97,6.36,4.66,0.18,5.29,11.26,0.35,8.0,0.55,49.8,0.6,0.263,18,4,0.605,0.64,0.946,1.0,0.934,46.9,0.537
7.43,0.96,2.09,0.09,6.55,16.89,0.82,4.0,1.0,175.05,0.7,0.949,18,5,0.833,0.408,0.755,1.0,0.971,69.9,0.573
2.36,6.37,3.18,0.11,1.54,5.13,0.58,6.0,0.88,176.22,0.9,0.791,4,12,0.845,0.382,0.779,0.0,0.865,70.2,0.499
2.09,2.08,13.07,0.6,0.47,2.2,0.35,8.0,0.55,18.68,0.63,0.226,6,4,0.752,0.943,0.505,1.0,0.363,36.5,0.34
8.01,1.69,2.58,0.12,7.25,17.04,0.35,8.0,0.55,116.83,0.73,0.738,5,12,0.848,0.012,0.458,1.0,0.363,51.6,0.572
1.03,1.71,4.82,0.18,0.09,1.94,1.0,2.0,0.95,143.05,0.55,0.802,18,12,0.884,0.853,0.449,0.0,0.653,67.2,0.443
2.55,2.13,4.39,0.19,1.88,4.72,0.82,4.0,1.0,98.76,0.56,0.092,18,5,0.504,0.886,0.641,0.0,0.925,51.9,0.39
2.88,1.3,16.59,0.67,1.38,2.82,0.82,4.0,1.0,129.24,0.96,0.517,4,4,0.504,0.956,0.607,1.0,0.425,55.6,0.519
3.46,0.43,9.55,0.4,2.23,4.61,1.0,2.0,0.95,28.74,0.85,0.336,10,6,0.914,0.271,0.69,1.0,0.938,61.0,0.628
4.41,1.9,17.6,0.68,3.36,4.28,1.0,2.0,0.95,28.3,0.75,0.807,16,2,0.51,0.427,0.821,0.0,0.407,55.6,0.382
4.28,4.37,8.66,0.31,3.21,6.48,0.35,8.0,0.55,115.32,0.61,0.947,8,7,0.672,0.497,0.71,0.0,0.592,51.8,0.401
5.38,1.07,0.05,0.0,5.12,15.37,0.82,4.0,1.0,101.39,0.98,0.925,2,6,0.641,0.849,0.852,0.0,0.536,54.4,0.425
3.05,7.29,1.01,0.05,1.93,7.62,0.35,8.0,0.55,127.31,0.72,0.075,14,6,0.479,0.106,0.737,1.0,0.878,62.6,0.565
1.64,1.66,0.22,0.01,1.03,4.56,0.58,6.0,0.88,138.24,0.76,0.183,17,12,0.953,0.47,0.819,1.0,0.842,79.6,0.633
0.78,2.84,10.88,0.55,-0.16,0.87,0.82,4.0,1.0,72.56,0.74,0.951,15,9,0.827,0.258,0.732,1.0,0.797,64.0,0.539
3.04,2.15,2.25,0.11,2.15,6.61,1.0,2.0,0.95,40.97,0.63,0.759,18,10,0.896,0.817,0.672,1.0,0.761,60.0,0.515
4.49,1.44,3.51,0.18,3.99,8.47,1.0,2.0,0.95,109.37,0.93,0.077,10,3,0.737,0.065,0.746,1.0,0.468,59.7,0.631
2.27,4.3,10.17,0.43,0.92,2.91,0.82,4.0,1.0,10.13,0.69,0.946,1,6,0.848,0.959,0.69,1.0,0.824,56.9,0.563
2.06,1.98,9.06,0.39,0.76,2.78,1.0,2.0,0.95,6.22,0.91,0.503,2,5,0.535,0.682,0.446,0.0,0.95,49.8,0.378
5.85,0.75,17.35,0.75,4.23,5.32,0.82,4.0,1.0,117.95,0.97,0.374,5,6,0.604,0.623,0.945,0.0,0.911,57.4,0.435
7.48,2.69,17.24,0.73,5.65,6.93,0.82,4.0,1.0,19.34,0.56,0.778,10,9,0.91,0.797,0.919,1.0,0.409,46.0,0.492
0.84,2.56,6.36,0.34,-0.35,1.22,0.82,4.0,1.0,84.01,0.99,0.98,15,11,0.94,0.94,0.964,1.0,0.375,60.7,0.421
3.5,2.28,11.24,0.53,2.65,3.98,0.82,4.0,1.0,75.55,0.75,0.884,2,10,0.968,0.057,0.859,0.0,0.447,58.3,0.458
9.87,2.0,15.73,0.64,8.68,9.97,0.35,8.0,0.55,85.39,0.79,0.827,4,2,0.546,0.108,0.957,1.0,0.834,42.4,0.506
3.48,4.01,3.83,0.15,2.98,6.96,0.58,6.0,0.88,82.91,0.8,0.951,5,11,0.563,0.568,0.973,1.0,0.389,63.7,0.576
2.73,1.9,0.41,0.02,2.1,7.38,0.35,8.0,0.55,46.87,0.63,0.185,9,7,0.493,0.874,0.662,1.0,0.681,51.2,0.449
0.83,1.99,6.16,0.24,0.2,1.41,1.0,2.0,0.95,64.17,0.74,0.502,6,12,0.681,0.913,0.731,0.0,0.703,66.8,0.409
2.66,4.34,16.9,0.66,1.12,2.63,0.82,4.0,1.0,58.34,0.62,0.486,5,8,0.908,0.114,0.963,1.0,0.516,64.0,0.656
4.89,2.83,10.41,0.57,3.44,5.32,0.82,4.0,1.0,35.4,0.86,0.786,13,4,0.634,0.952,0.964,0.0,0.583,47.6,0.322
4.94,5.73,12.59,0.51,3.79,5.74,0.58,6.0,0.88,75.05,0.71,0.565,17,6,0.51,0.176,0.648,0.0,0.698,47.8,0.426
8.08,4.56,7.87,0.38,6.92,11.07,0.58,6.0,0.88,166.67,0.94,0.996,4,2,0.794,0.616,0.639,1.0,0.822,57.5,0.548
5.96,7.1,12.02,0.45,5.08,7.45,0.35,8.0,0.55,140.28,0.8,0.159,16,2,0.636,0.794,0.669,1.0,0.355,41.9,0.384
2.8,4.36,5.53,0.2,1.58,5.09,0.58,6.0,0.88,121.85,0.55,0.914,2,1,0.464,0.791,0.888,1.0,0.561,67.8,0.61
4.32,1.75,11.09,0.51,3.52,5.02,0.82,4.0,1.0,167.89,0.74,0.942,13,12,0.542,0.904,0.7,1.0,0.496,56.0,0.436
3.6,1.74,15.17,0.62,2.51,3.71,1.0,2.0,0.95,100.42,0.98,0.244,3,1,0.682,0.629,0.744,0.0,0.739,59.5,0.501
0.63,6.47,17.7,0.73,-1.01,0.58,0.35,8.0,0.55,35.21,0.84,0.261,7,9,0.895,0.726,0.868,1.0,0.835,46.3,0.294
4.84,2.83,10.43,0.55,3.65,5.38,0.82,4.0,1.0,108.07,0.6,0.318,6,2,0.491,0.845,0.929,0.0,0.596,47.4,0.299
2.86,1.4,3.79,0.17,1.68,5.5,1.0,2.0,0.95,114.77,0.75,0.203,10,1,0.929,0.66,0.766,0.0,0.424,65.5,0.424
1.17,1.64,16.68,0.84,0.05,0.98,1.0,2.0,0.95,6.1,0.78,0.195,12,2,0.926,0.029,0.48,0.0,0.808,62.5,0.495
2.57,0.85,12.75,0.52,1.4,2.95,0.35,8.0,0.55,146.0,0.75,0.949,7,5,0.542,0.687,0.915,1.0,0.956,55.1,0.571
1.87,1.4,13.0,0.58,0.66,2.01,0.58,6.0,0.88,108.15,0.67,0.353,4,10,0.653,0.2,0.605,0.0,0.633,60.8,0.539
5.72,1.97,14.88,0.61,4.04,5.96,0.58,6.0,0.88,64.7,0.56,0.221,11,7,0.869,0.358,0.442,1.0,0.584,50.1,0.471
6.65,4.75,3.85,0.16,5.97,13.04,0.58,6.0,0.88,43.41,0.58,0.319,7,9,0.565,0.561,0.815,0.0,0.712,49.5,0.425
3.89,2.85,3.55,0.14,3.08,7.94,0.35,8.0,0.55,178.27,0.74,0.168,6,10,0.623,0.383,0.734,1.0,0.361,53.6,0.521
5.04,0.66,15.15,0.69,3.34,4.85,1.0,2.0,0.95,165.41,0.57,0.663,3,8,0.5,0.803,0.819,1.0,0.55,46.4,0.402
4.87,0.36,5.37,0.19,4.01,9.02,0.58,6.0,0.88,116.12,0.96,0.851,4,1,0.569,0.825,0.48,1.0,0.893,55.4,0.485
1.33,1.99,6.64,0.25,-0.01,2.22,1.0,2.0,0.95,168.27,0.94,0.297,2,2,0.475,0.304,0.553,1.0,0.52,53.1,0.485
1.69,2.84,2.66,0.11,0.61,3.67,0.35,8.0,0.55,161.39,0.84,0.685,17,9,0.577,0.478,0.684,1.0,0.553,65.5,0.538
7.36,4.71,6.35,0.24,6.66,12.47,0.58,6.0,0.88,117.19,0.94,0.71,3,8,0.482,0.013,0.525,1.0,0.468,47.0,0.493
7.31,2.09,8.17,0.42,6.21,9.49,0.58,6.0,0.88,164.71,0.65,0.395,15,10,0.722,0.78,0.509,1.0,0.617,51.3,0.536
1.11,1.93,13.41,0.66,-0.56,1.1,1.0,2.0,0.95,35.29,0.56,0.679,15,6,0.591,0.927,0.449,1.0,0.484,42.2,0.318
0.84,1.84,1.76,0.07,-0.1,2.0,0.58,6.0,0.88,77.22,0.68,0.433,9,9,0.772,0.519,0.463,0.0,0.757,61.2,0.414
4.96,1.29,4.3,0.18,4.3,9.36,1.0,2.0,0.95,159.1,0.86,0.434,13,2,0.567,0.824,0.801,1.0,0.48,57.6,0.477
6.81,1.94,0.06,0.0,5.79,19.46,0.58,6.0,0.88,112.74,0.88,0.86,8,3,0.617,0.069,0.509,1.0,0.439,56.2,0.558
0.54,6.43,15.86,0.8,-1.16,0.47,0.58,6.0,0.88,3.73,0.71,0.5,1,8,0.913,0.473,0.426,0.0,0.707,46.3,0.252
5.75,3.42,1.8,0.07,5.14,13.69,0.82,4.0,1.0,89.34,0.71,0.568,16,5,0.643,0.014,0.605,1.0,0.912,67.9,0.7
1.61,6.05,13.11,0.72,-0.19,1.5,0.35,8.0,0.55,154.42,0.85,0.185,16,1,0.58,0.741,0.965,1.0,0.48,40.6,0.447
7.47,8.5,15.79,0.64,5.82,7.55,0.35,8.0,0.55,81.97,0.98,0.551,9,11,0.635,0.331,0.742,1.0,0.545,38.8,0.468
7.98,0.86,14.32,0.61,6.45,8.31,0.58,6.0,0.88,63.77,0.6,0.058,5,8,0.811,0.523,0.568,0.0,0.541,38.5,0.38
2.69,0.52,14.86,0.77,1.25,2.4,1.0,2.0,0.95,2.91,0.71,0.842,2,5,0.523,0.879,0.855,0.0,0.951,44.6,0.326
3.44,4.04,5.23,0.29,2.11,5.38,0.82,4.0,1.0,46.27,0.86,0.417,13,2,0.923,0.92,0.746,0.0,0.705,57.5,0.382
5.24,0.92,2.44,0.1,4.63,11.64,0.82,4.0,1.0,17.24,0.8,0.647,18,3,0.649,0.876,0.653,0.0,0.682,49.0,0.368
4.64,2.85,7.57,0.34,4.03,6.72,0.58,6.0,0.88,101.49,0.98,0.45,5,10,0.931,0.787,0.737,1.0,0.43,54.4,0.488
0.84,5.59,2.27,0.09,0.11,1.91,0.58,6.0,0.88,137.81,0.78,0.847,3,1,0.593,0.986,0.462,0.0,0.868,67.4,0.477
0.98,1.31,9.19,0.37,-0.24,1.36,1.0,2.0,0.95,93.89,0.8,0.969,5,4,0.924,0.64,0.49,1.0,0.803,66.1,0.576
1.17,0.05,10.87,0.57,0.27,1.27,0.82,4.0,1.0,38.36,0.76,0.841,15,7,0.479,0.122,0.635,0.0,0.867,72.3,0.568
9.93,5.45,7.78,0.32,9.2,14.82,0.35,8.0,0.55,147.7,0.85,0.212,18,4,0.702,0.29,0.787,1.0,0.581,41.2,0.469
2.74,1.8,2.67,0.13,2.26,5.71,1.0,2.0,0.95,71.32,0.81,0.082,15,1,0.931,0.355,0.481,1.0,0.524,73.1,0.598
2.84,3.12,7.03,0.38,1.65,3.89,0.82,4.0,1.0,64.63,0.87,0.372,5,5,0.866,0.658,0.936,0.0,0.927,65.6,0.469
7.11,1.63,12.75,0.55,5.75,7.9,0.35,8.0,0.55,48.14,0.86,0.609,12,10,0.777,0.404,0.426,0.0,0.496,42.5,0.37
3.96,2.08,13.89,0.51,2.52,4.6,0.35,8.0,0.55,20.77,0.95,0.742,13,7,0.939,0.062,0.545,0.0,0.883,47.3,0.489
5.11,0.74,12.58,0.58,3.44,5.49,1.0,2.0,0.95,104.13,0.64,0.29,15,11,0.602,0.201,0.494,0.0,0.404,47.6,0.462
1.4,1.79,16.08,0.74,0.06,1.28,1.0,2.0,0.95,99.29,0.58,0.226,17,8,0.551,0.207,0.88,1.0,0.575,68.1,0.654
2.61,1.39,15.73,0.66,1.59,2.58,1.0,2.0,0.95,94.07,0.6,0.524,2,10,0.736,0.023,0.876,1.0,0.931,61.8,0.655
4.84,0.39,5.19,0.22,4.16,8.49,1.0,2.0,0.95,94.16,0.83,0.347,2,9,0.82,0.111,0.673,1.0,0.762,56.1,0.573
2.74,3.38,2.51,0.11,1.76,5.96,0.82,4.0,1.0,166.5,0.85,0.884,8,8,0.489,0.948,0.925,0.0,0.568,58.8,0.385
4.92,1.08,2.33,0.09,4.49,11.18,1.0,2.0,0.95,90.39,0.65,0.383,16,5,0.864,0.876,0.532,0.0,0.367,53.9,0.328
7.95,6.51,9.94,0.54,6.51,8.93,0.35,8.0,0.55,125.79,0.74,0.455,5,2,0.682,0.897,0.97,1.0,0.572,35.4,0.446
2.01,2.61,4.09,0.16,0.84,3.94,0.82,4.0,1.0,143.19,0.81,0.991,1,12,0.582,0.057,0.433,1.0,0.464,70.7,0.612
7.49,0.61,7.16,0.29,6.39,11.7,0.82,4.0,1.0,15.6,0.97,0.246,12,4,0.685,0.303,0.613,1.0,0.897,47.3,0.581
6.73,3.35,0.97,0.04,5.84,17.26,0.58,6.0,0.88,112.69,0.68,0.243,5,9,0.572,0.742,0.522,1.0,0.807,56.0,0.467
5.34,2.88,8.17,0.43,4.24,6.85,0.82,4.0,1.0,8.01,0.68,0.415,3,1,0.598,0.61,0.687,1.0,0.592,44.5,0.431
5.07,2.37,11.89,0.65,3.52,5.07,0.82,4.0,1.0,168.83,0.96,0.767,11,5,0.879,0.591,0.839,1.0,0.807,65.7,0.625
4.51,1.24,17.14,0.63,3.39,4.6,1.0,2.0,0.95,178.38,0.79,0.453,17,5,0.536,0.381,0.832,0.0,0.433,51.7,0.445
1.13,1.69,9.77,0.46,0.08,1.4,0.58,6.0,0.88,111.57,0.71,0.676,1,2,0.613,0.661,0.885,0.0,0.63,59.3,0.372
5.32,1.08,15.2,0.75,4.27,4.84,1.0,2.0,0.95,169.11,0.67,0.63,11,2,0.683,0.258,0.856,1.0,0.898,59.2,0.608
6.58,2.9,4.19,0.17,6.0,12.65,0.82,4.0,1.0,92.2,0.75,0.351,18,12,0.571,0.952,0.975,1.0,0.36,52.1,0.49
3.44,0.8,1.39,0.06,2.7,8.39,1.0,2.0,0.95,44.18,0.7,0.403,14,2,0.79,0.876,0.483,1.0,0.732,57.2,0.565
4.66,6.43,11.19,0.57,3.8,5.07,0.58,6.0,0.88,167.59,0.96,0.074,7,6,0.721,0.781,0.695,1.0,0.942,52.6,0.524
3.07,4.39,1.41,0.08,1.94,7.14,0.82,4.0,1.0,41.98,0.78,0.596,18,12,0.672,0.733,0.892,0.0,0.732,68.1,0.474
2.81,5.53,5.28,0.26,2.09,4.61,0.58,6.0,0.88,138.64,0.71,0.483,4,12,0.578,0.733,0.911,1.0,0.4,59.7,0.457
6.33,4.01,8.08,0.36,5.24,8.92,0.58,6.0,0.88,149.17,0.61,0.561,14,11,0.76,0.138,0.551,1.0,0.565,49.8,0.525
4.47,2.8,13.91,0.52,2.96,5.14,0.82,4.0,1.0,4.76,0.6,0.3,18,12,0.943,0.743,0.473,0.0,0.875,41.2,0.321
1.03,1.91,16.54,0.61,-0.13,1.07,1.0,2.0,0.95,73.61,0.8,0.726,4,6,0.926,0.898,0.743,0.0,0.976,46.1,0.384
9.04,6.01,11.35,0.45,7.97,11.3,0.58,6.0,0.88,136.86,0.87,0.747,17,2,0.531,0.008,0.744,1.0,0.589,52.0,0.561
8.99,0.68,5.35,0.25,8.01,14.98,0.58,6.0,0.88,161.72,0.81,0.852,14,5,0.621,0.319,0.503,0.0,0.376,55.0,0.472
3.43,1.26,15.83,0.75,2.13,3.12,0.82,4.0,1.0,31.48,0.68,0.512,8,3,0.603,0.918,0.974,0.0,0.932,51.8,0.353
4.3,2.26,3.04,0.13,3.89,8.96,0.82,4.0,1.0,160.53,0.79,0.235,16,1,0.646,0.282,0.95,1.0,0.811,70.0,0.671
8.75,4.74,16.55,0.86,6.88,7.23,0.58,6.0,0.88,89.8,0.59,0.18,9,12,0.804,0.968,0.866,0.0,0.808,35.1,0.307
4.5,4.87,12.1,0.65,3.02,4.5,0.58,6.0,0.88,160.82,0.57,0.145,17,6,0.551,0.558,0.886,0.0,0.948,53.4,0.41
10.07,1.98,3.52,0.16,9.25,19.75,0.35,8.0,0.55,35.3,0.77,0.175,3,9,0.904,0.749,0.402,0.0,0.659,39.5,0.361
2.5,0.62,6.85,0.29,1.42,3.91,1.0,2.0,0.95,88.19,0.85,0.221,10,4,0.914,0.668,0.684,1.0,0.727,66.3,0.545
1.15,3.88,13.59,0.65,-0.57,1.15,0.82,4.0,1.0,59.92,0.85,0.16,15,6,0.8,0.348,0.631,0.0,0.837,52.6,0.394
7.05,6.06,0.52,0.03,6.59,18.55,0.35,8.0,0.55,153.48,0.73,0.584,11,5,0.808,0.411,0.869,1.0,0.601,58.8,0.524
2.78,3.61,5.55,0.25,1.79,4.63,0.82,4.0,1.0,31.64,0.64,0.644,11,3,0.771,0.02,0.819,1.0,0.407,67.5,0.664
3.72,1.17,6.52,0.33,3.01,5.47,1.0,2.0,0.95,97.35,0.94,0.268,6,6,0.626,0.216,0.825,0.0,0.373,53.8,0.483
2.93,1.75,0.76,0.04,2.62,7.51,1.0,2.0,0.95,114.42,0.86,0.082,4,7,0.797,0.131,0.83,1.0,0.893,66.5,0.638
0.57,6.55,9.75,0.36,-0.12,0.8,0.35,8.0,0.55,106.7,0.73,0.84,10,6,0.675,0.743,0.575,1.0,0.478,48.4,0.461
4.55,3.81,4.0,0.18,3.88,8.58,0.35,8.0,0.55,52.63,0.87,0.531,13,1,0.976,0.728,0.952,0.0,0.635,56.8,0.357
3.55,2.12,1.96,0.09,3.09,8.07,0.82,4.0,1.0,114.12,0.59,0.583,7,8,0.765,0.084,0.634,1.0,0.68,71.5,0.679
4.3,0.59,5.61,0.26,3.66,7.05,1.0,2.0,0.95,59.22,0.8,0.436,1,5,0.816,0.755,0.861,1.0,0.547,59.4,0.494
6.09,7.56,17.87,0.95,4.8,4.68,0.35,8.0,0.55,126.47,0.72,0.769,6,9,0.847,0.166,0.654,0.0,0.375,43.4,0.349
1.91,7.7,7.53,0.42,1.14,2.48,0.35,8.0,0.55,179.24,0.87,0.886,9,9,0.621,0.89,0.727,0.0,0.439,55.2,0.339
5.1,1.7,8.33,0.3,3.76,7.85,0.58,6.0,0.88,130.18,0.93,0.179,17,12,0.89,0.01,0.641,0.0,0.646,58.1,0.433
1.77,0.46,8.25,0.44,0.55,2.24,0.82,4.0,1.0,107.81,0.58,0.655,8,6,0.783,0.928,0.559,1.0,0.718,59.3,0.526
10.77,4.96,11.55,0.58,9.44,11.58,0.35,8.0,0.55,20.33,0.65,0.219,4,3,0.872,0.587,0.844,1.0,0.713,41.2,0.476
2.68,0.07,4.17,0.21,1.43,4.79,0.35,8.0,0.55,111.46,0.61,0.502,1,6,0.491,0.97,0.479,1.0,0.618,45.1,0.412
1.59,0.9,13.93,0.56,0.48,1.75,1.0,2.0,0.95,151.28,0.69,0.124,7,3,0.951,0.834,0.813,1.0,0.703,59.7,0.556
3.22,0.99,6.27,0.34,2.32,4.67,1.0,2.0,0.95,84.96,0.85,0.742,7,10,0.747,0.998,0.945,1.0,0.586,61.2,0.562
3.51,2.34,0.1,0.0,3.18,10.03,0.82,4.0,1.0,67.66,0.66,0.925,9,1,0.793,0.642,0.631,1.0,0.523,69.8,0.58
4.8,2.04,17.95,0.74,3.39,4.4,1.0,2.0,0.95,86.27,0.94,0.763,4,1,0.646,0.613,0.814,0.0,0.899,57.0,0.437
0.64,1.42,1.12,0.06,-0.13,1.56,1.0,2.0,0.95,177.05,0.64,0.633,1,6,0.894,0.848,0.584,0.0,0.921,61.8,0.479
5.19,0.92,15.08,0.61,4.27,5.41,1.0,2.0,0.95,148.86,0.78,0.743,3,3,0.685,0.276,0.515,1.0,0.459,59.3,0.597
1.95,1.26,2.12,0.09,0.9,4.43,1.0,2.0,0.95,17.32,0.97,0.134,3,3,0.837,0.186,0.743,0.0,0.833,69.2,0.506
4.56,5.8,16.98,0.81,2.92,3.93,0.58,6.0,0.88,169.79,0.94,0.76,5,5,0.478,0.706,0.503,0.0,0.706,50.9,0.435
8.43,1.21,5.31,0.21,7.75,15.05,0.58,6.0,0.88,89.2,0.81,0.381,17,8,0.89,0.687,0.499,1.0,0.448,49.9,0.531
4.22,7.15,14.33,0.71,2.67,3.98,0.35,8.0,0.55,91.67,0.92,0.805,3,9,0.86,0.258,0.671,0.0,0.931,51.2,0.475
1.91,5.18,6.7,0.31,0.85,2.89,0.35,8.0,0.55,8.03,0.87,0.648,1,3,0.673,0.335,0.776,0.0,0.468,55.1,0.391
5.73,1.96,11.1,0.46,4.43,7.07,0.82,4.0,1.0,132.11,0.76,0.281,12,10,0.629,0.679,0.574,0.0,0.831,58.2,0.441
5.1,2.41,10.39,0.43,4.28,6.54,0.35,8.0,0.55,31.62,0.69,0.617,17,4,0.954,0.568,0.481,1.0,0.847,45.3,0.446
6.08,2.05,2.98,0.17,5.53,11.69,0.82,4.0,1.0,159.17,0.69,0.126,8,4,0.681,0.724,0.489,1.0,0.353,53.6,0.429
8.14,8.04,12.03,0.46,6.83,10.05,0.35,8.0,0.55,137.82,0.59,0.172,5,7,0.86,0.898,0.875,1.0,0.726,34.4,0.385
1.49,1.36,13.82,0.64,0.31,1.51,1.0,2.0,0.95,148.54,0.82,0.764,3,11,0.572,0.5,0.426,1.0,0.624,65.0,0.591
2.03,2.77,12.15,0.53,1.03,2.31,0.35,8.0,0.55,171.99,0.63,0.428,17,2,0.696,0.083,0.798,0.0,0.763,61.6,0.547
2.63,2.55,6.91,0.31,1.66,3.98,0.82,4.0,1.0,172.87,0.73,0.783,10,7,0.587,0.634,0.75,1.0,0.666,71.6,0.618
1.37,1.22,7.63,0.3,0.08,2.11,0.58,6.0,0.88,16.24,0.55,0.951,9,4,0.723,0.615,0.906,1.0,0.381,60.1,0.474
5.48,0.49,10.79,0.5,4.37,6.45,0.35,8.0,0.55,122.15,0.9,0.072,9,3,0.605,0.417,0.659,1.0,0.751,46.7,0.491
3.09,0.9,3.15,0.13,2.6,6.44,1.0,2.0,0.95,27.75,0.77,0.898,12,8,0.815,0.244,0.879,1.0,0.376,62.0,0.509
2.32,2.16,1.42,0.05,1.38,5.8,1.0,2.0,0.95,77.21,0.56,0.953,9,12,0.796,0.883,0.885,1.0,0.958,74.7,0.613
5.98,3.58,14.29,0.57,5.12,6.5,0.58,6.0,0.88,104.05,0.65,0.939,9,12,0.815,0.186,0.691,0.0,0.731,57.0,0.498
0.4,1.41,14.08,0.57,-0.65,0.43,0.58,6.0,0.88,84.31,0.91,0.653,4,4,0.569,0.709,0.528,1.0,0.809,55.2,0.413
7.43,2.93,7.0,0.26,6.91,12.18,0.35,8.0,0.55,62.63,0.71,0.472,15,12,0.714,0.532,0.499,1.0,0.511,39.2,0.486
3.6,1.26,6.22,0.31,2.2,5.45,1.0,2.0,0.95,67.72,0.68,0.35,15,1,0.533,0.585,0.762,1.0,0.612,65.3,0.594
5.44,3.26,4.22,0.16,4.92,10.67,0.58,6.0,0.88,110.07,0.93,0.142,7,4,0.976,0.571,0.504,0.0,0.833,58.6,0.511
4.28,1.96,16.21,0.78,2.6,3.79,0.35,8.0,0.55,114.19,0.85,0.703,11,9,0.734,0.392,0.898,1.0,0.827,50.9,0.587
6.96,0.82,5.19,0.22,6.21,12.21,0.82,4.0,1.0,84.6,0.63,0.912,13,10,0.796,0.974,0.638,0.0,0.74,48.1,0.373
3.44,1.62,17.02,0.8,2.18,2.99,1.0,2.0,0.95,103.34,0.76,0.136,12,1,0.844,0.884,0.779,0.0,0.886,51.0,0.376
1.6,4.13,16.58,0.78,0.32,1.42,0.82,4.0,1.0,161.21,0.64,0.488,8,11,0.77,0.99,0.862,1.0,0.665,56.4,0.5
8.33,6.0,4.41,0.17,7.85,16.02,0.58,6.0,0.88,135.25,0.86,0.436,17,8,0.907,0.07,0.642,1.0,0.907,56.9,0.628
2.61,1.83,1.08,0.04,1.62,6.69,1.0,2.0,0.95,131.08,0.57,0.429,17,11,0.794,0.429,0.472,0.0,0.884,72.3,0.543
4.07,0.84,11.82,0.61,3.0,4.24,1.0,2.0,0.95,87.9,0.67,0.364,3,8,0.927,0.492,0.542,1.0,0.566,58.1,0.517
8.15,5.02,10.7,0.42,7.35,10.58,0.35,8.0,0.55,53.34,0.65,0.402,12,12,0.604,0.945,0.492,1.0,0.649,31.8,0.356
1.4,1.32,6.92,0.28,0.85,2.22,0.82,4.0,1.0,39.68,0.69,0.605,9,6,0.832,0.745,0.978,1.0,0.65,78.7,0.668
4.55,2.23,9.42,0.43,3.08,5.83,0.82,4.0,1.0,117.41,0.94,0.508,16,7,0.458,0.947,0.599,1.0,0.48,46.9,0.448
3.7,0.82,8.27,0.3,2.38,5.69,1.0,2.0,0.95,151.52,0.93,0.794,17,4,0.843,0.364,0.419,0.0,0.95,66.0,0.489
5.35,0.17,10.2,0.5,4.38,6.29,1.0,2.0,0.95,133.62,0.86,0.668,8,4,0.816,0.456,0.423,1.0,0.698,56.3,0.506
5.02,0.33,5.45,0.27,4.29,8.1,1.0,2.0,0.95,137.58,0.76,0.143,2,6,0.869,0.073,0.677,1.0,0.403,55.0,0.558
4.63,1.35,0.17,0.01,3.6,12.86,0.82,4.0,1.0,130.16,0.75,0.66,15,1,0.583,0.407,0.557,0.0,0.557,68.9,0.468
2.77,3.54,6.14,0.25,1.84,4.62,0.58,6.0,0.88,113.41,0.6,0.769,6,8,0.453,0.893,0.696,1.0,0.453,47.6,0.433
1.22,5.7,6.16,0.25,0.02,2.03,0.58,6.0,0.88,36.46,0.6,0.27,10,9,0.612,0.766,0.674,1.0,0.934,59.7,0.567
1.78,5.07,14.14,0.53,0.48,2.02,0.58,6.0,0.88,29.97,0.98,0.982,14,12,0.593,0.933,0.674,1.0,0.584,51.1,0.491
4.46,2.84,7.08,0.32,3.24,6.66,0.58,6.0,0.88,73.93,0.99,0.386,5,8,0.857,0.019,0.809,0.0,0.767,53.4,0.52
2.01,1.75,5.86,0.25,1.34,3.35,1.0,2.0,0.95,40.27,0.78,0.864,4,2,0.579,0.325,0.678,1.0,0.95,78.4,0.71
8.02,8.0,8.77,0.42,6.83,10.42,0.35,8.0,0.55,68.75,0.6,0.658,9,9,0.646,0.924,0.464,0.0,0.905,31.1,0.357
9.54,7.7,10.62,0.45,8.36,11.92,0.35,8.0,0.55,80.01,0.7,0.569,9,9,0.731,0.291,0.413,0.0,0.899,43.4,0.447
8.63,2.97,15.92,0.8,7.18,7.5,0.58,6.0,0.88,84.02,0.7,0.694,9,5,0.77,0.933,0.481,1.0,0.619,42.3,0.462
5.05,1.15,0.29,0.01,4.76,14.03,1.0,2.0,0.95,91.75,0.91,0.801,16,5,0.755,0.634,0.826,0.0,0.964,71.6,0.52
3.31,1.06,11.7,0.59,2.41,3.52,1.0,2.0,0.95,123.74,0.92,0.492,5,11,0.625,0.182,0.734,1.0,0.682,63.7,0.641
10.27,3.56,5.29,0.22,9.47,18.02,0.35,8.0,0.55,3.52,0.7,0.193,8,10,0.808,0.327,0.665,0.0,0.835,38.2,0.369
1.7,0.7,5.55,0.29,0.71,2.66,0.82,4.0,1.0,170.12,0.57,0.171,12,2,0.624,0.315,0.533,0.0,0.477,64.5,0.536
7.04,0.99,6.4,0.33,5.7,10.35,0.82,4.0,1.0,80.26,0.93,0.406,15,12,0.903,0.209,0.429,1.0,0.601,55.0,0.54
0.83,0.43,16.44,0.65,-0.17,0.83,1.0,2.0,0.95,136.68,0.6,0.515,12,12,0.978,0.415,0.522,0.0,0.854,58.4,0.413
5.22,0.08,6.84,0.31,3.84,7.91,1.0,2.0,0.95,19.81,0.71,0.344,3,7,0.951,0.652,0.533,0.0,0.76,51.5,0.452
5.25,0.64,11.65,0.55,4.33,5.83,1.0,2.0,0.95,46.32,0.8,0.172,5,3,0.818,0.762,0.435,0.0,0.896,53.1,0.399
9.53,3.72,3.14,0.14,9.01,19.45,0.35,8.0,0.55,146.08,0.85,0.397,4,3,0.466,0.204,0.634,1.0,0.923,44.9,0.514
2.06,1.96,0.62,0.02,1.01,5.57,1.0,2.0,0.95,10.28,0.72,0.619,17,3,0.534,0.015,0.92,0.0,0.615,65.3,0.578
11.31,7.54,9.66,0.5,10.05,13.31,0.35,8.0,0.55,115.36,0.69,0.496,9,3,0.621,0.54,0.955,0.0,0.651,43.4,0.416
1.25,2.29,14.5,0.75,-0.31,1.14,0.82,4.0,1.0,134.29,0.87,0.318,4,4,0.57,0.185,0.782,1.0,0.798,55.5,0.536
7.3,0.91,7.6,0.31,6.25,11.06,0.58,6.0,0.88,168.36,0.57,0.911,13,11,0.475,0.198,0.506,0.0,0.75,55.1,0.437
3.95,5.06,8.71,0.41,2.76,5.2,0.35,8.0,0.55,147.42,0.81,0.479,7,8,0.779,0.546,0.468,1.0,0.763,51.7,0.5
2.18,3.56,8.77,0.37,1.0,3.03,0.82,4.0,1.0,120.91,0.7,0.543,3,6,0.676,0.025,0.715,0.0,0.493,68.0,0.476
1.51,2.33,8.15,0.35,0.11,2.16,0.58,6.0,0.88,174.0,0.99,0.223,17,4,0.525,0.681,0.85,0.0,0.812,61.7,0.467
4.37,2.36,0.85,0.04,3.62,11.21,0.82,4.0,1.0,125.48,1.0,0.208,6,2,0.811,0.635,0.898,0.0,0.881,69.9,0.46
9.92,2.49,17.26,0.63,8.79,10.12,0.35,8.0,0.55,162.37,0.99,0.899,15,6,0.522,0.938,0.4,1.0,0.796,36.9,0.381
0.65,0.93,2.59,0.1,-0.35,1.44,1.0,2.0,0.95,145.64,0.98,0.28,6,11,0.672,0.591,0.544,1.0,0.394,67.0,0.471
1.73,6.52,17.0,0.87,0.23,1.42,0.35,8.0,0.55,121.66,0.89,0.06,4,9,0.615,0.103,0.765,1.0,0.496,50.7,0.576
2.06,7.75,13.58,0.54,0.53,2.31,0.35,8.0,0.55,171.01,0.57,0.846,9,2,0.782,0.426,0.498,1.0,0.828,57.4,0.514
2.56,5.62,8.9,0.36,1.58,3.61,0.58,6.0,0.88,12.08,0.6,0.781,9,5,0.789,0.329,0.787,1.0,0.969,56.8,0.532
3.06,4.38,10.64,0.43,2.29,3.92,0.35,8.0,0.55,141.0,0.87,0.583,13,10,0.725,0.925,0.622,0.0,0.722,48.1,0.416
0.95,1.69,6.49,0.26,-0.33,1.56,1.0,2.0,0.95,77.09,0.73,0.757,12,11,0.868,0.852,0.733,0.0,0.942,57.3,0.391
7.81,0.27,10.2,0.56,6.2,8.58,0.35,8.0,0.55,19.59,0.96,0.812,15,5,0.64,0.683,0.604,0.0,0.524,43.2,0.327
7.38,1.1,10.05,0.38,6.2,10.11,0.58,6.0,0.88,133.85,0.89,0.792,6,8,0.904,0.334,0.758,0.0,0.549,49.9,0.465
3.64,0.72,8.95,0.45,2.61,4.55,1.0,2.0,0.95,49.11,0.87,0.383,15,6,0.85,0.959,0.587,0.0,0.47,47.1,0.334
7.27,3.58,7.16,0.29,6.56,11.36,0.58,6.0,0.88,18.12,0.82,0.883,13,5,0.527,0.34,0.605,0.0,0.93,45.6,0.48
5.96,6.41,5.83,0.29,4.72,9.31,0.58,6.0,0.88,45.77,0.62,0.993,1,8,0.569,0.695,0.527,0.0,0.627,51.6,0.35
2.58,0.19,11.02,0.42,1.56,3.35,0.58,6.0,0.88,100.12,0.81,0.442,17,10,0.662,0.575,0.923,1.0,0.82,63.2,0.63
4.3,2.44,16.66,0.82,2.77,3.68,0.58,6.0,0.88,15.71,0.86,0.356,8,9,0.757,0.097,0.932,1.0,0.687,46.7,0.575
5.5,3.17,11.61,0.49,3.92,6.55,0.82,4.0,1.0,84.82,0.81,0.101,15,8,0.763,0.065,0.978,0.0,0.703,56.2,0.43
4.71,4.68,1.15,0.05,3.6,11.78,0.58,6.0,0.88,51.14,0.66,0.902,1,12,0.767,0.431,0.843,0.0,0.971,57.8,0.469
3.37,3.78,15.77,0.57,2.43,3.66,0.58,6.0,0.88,98.05,0.86,0.349,1,10,0.478,0.754,0.741,0.0,0.737,50.6,0.419
2.13,2.67,13.66,0.69,1.04,2.05,0.82,4.0,1.0,117.59,0.77,0.164,3,2,0.951,0.574,0.95,1.0,0.857,70.2,0.604
2.02,2.09,3.19,0.14,1.42,4.12,0.58,6.0,0.88,18.15,0.67,0.241,12,11,0.785,0.34,0.836,1.0,0.363,65.5,0.628
3.87,0.26,0.03,0.0,3.61,11.06,1.0,2.0,0.95,60.18,0.69,0.81,12,2,0.957,0.188,0.76,0.0,0.687,75.8,0.509
4.64,2.55,16.05,0.64,3.0,4.69,0.82,4.0,1.0,33.59,0.62,0.828,1,10,0.471,0.538,0.956,0.0,0.859,51.7,0.403
6.6,3.92,3.01,0.16,6.03,12.94,0.58,6.0,0.88,29.63,0.83,0.371,15,11,0.74,0.389,0.66,0.0,0.771,47.1,0.384
2.06,3.61,3.39,0.15,1.36,4.12,0.82,4.0,1.0,165.16,0.96,0.82,4,9,0.498,0.655,0.929,1.0,0.827,79.9,0.614
3.55,0.91,17.0,0.76,2.17,3.2,0.82,4.0,1.0,16.67,0.56,0.149,18,8,0.773,0.306,0.976,1.0,0.836,54.6,0.565
1.32,0.24,16.06,0.63,-0.05,1.35,1.0,2.0,0.95,32.86,0.69,0.096,1,1,0.962,0.385,0.604,0.0,0.869,53.1,0.434
3.99,3.01,0.8,0.04,3.31,10.23,0.82,4.0,1.0,35.06,0.65,0.354,7,8,0.56,0.64,0.409,1.0,0.48,61.2,0.581
5.01,1.47,16.47,0.77,3.84,4.47,1.0,2.0,0.95,71.41,0.65,0.922,13,1,0.533,0.599,0.761,1.0,0.906,61.5,0.578
2.22,5.81,13.26,0.64,0.74,2.24,0.58,6.0,0.88,76.03,0.74,0.314,7,8,0.584,0.01,0.802,0.0,0.788,56.9,0.518
0.85,0.55,2.86,0.11,0.43,1.85,0.82,4.0,1.0,97.58,0.63,0.753,13,5,0.734,0.285,0.731,0.0,0.829,78.9,0.619
7.14,2.46,8.96,0.46,5.58,8.81,0.82,4.0,1.0,85.47,0.6,0.267,13,3,0.494,0.694,0.439,1.0,0.738,51.9,0.46
3.76,1.13,17.54,0.68,2.21,3.65,1.0,2.0,0.95,9.79,0.56,0.195,9,3,0.636,0.201,0.774,1.0,0.589,52.5,0.544
1.67,0.9,11.84,0.53,0.15,1.9,0.82,4.0,1.0,14.35,0.66,0.552,18,3,0.526,0.964,0.433,0.0,0.608,47.5,0.36
5.53,1.45,0.69,0.03,4.67,14.55,0.82,4.0,1.0,3.05,0.55,0.105,13,10,0.513,0.225,0.764,0.0,0.362,49.2,0.405
3.5,5.44,8.09,0.32,2.35,5.22,0.35,8.0,0.55,111.04,0.71,0.989,15,8,0.937,0.153,0.711,1.0,0.491,55.9,0.583
11.49,7.77,6.63,0.36,10.2,16.18,0.35,8.0,0.55,27.63,0.76,0.725,18,4,0.973,0.125,0.763,0.0,0.943,45.3,0.437
5.3,3.45,6.54,0.31,4.4,8.03,0.35,8.0,0.55,130.75,0.64,0.256,7,10,0.553,0.874,0.782,1.0,0.917,41.0,0.482
4.53,2.74,7.07,0.31,3.51,6.86,0.35,8.0,0.55,82.51,0.96,0.958,14,1,0.556,0.338,0.916,1.0,0.94,59.0,0.64
3.92,0.88,12.01,0.58,2.46,4.22,1.0,2.0,0.95,102.28,0.62,0.432,7,3,0.668,0.469,0.903,0.0,0.83,58.9,0.478
3.83,1.74,1.54,0.09,2.76,8.7,1.0,2.0,0.95,11.39,0.93,0.348,12,4,0.844,0.958,0.578,0.0,0.579,51.4,0.372
5.65,6.21,5.22,0.27,4.65,9.11,0.35,8.0,0.55,162.35,0.62,0.444,18,10,0.667,0.562,0.765,1.0,0.785,54.2,0.588
6.85,0.47,0.71,0.03,6.17,18.03,0.82,4.0,1.0,86.88,0.9,0.607,12,8,0.76,0.182,0.919,1.0,0.946,68.4,0.692
4.92,0.2,2.43,0.12,4.22,10.47,1.0,2.0,0.95,28.61,1.0,0.801,7,11,0.62,0.711,0.95,0.0,0.573,61.0,0.429
11.41,3.25,4.55,0.2,10.13,20.75,0.35,8.0,0.55,162.96,0.56,0.353,6,1,0.794,0.701,0.553,1.0,0.563,43.3,0.509
7.7,2.96,0.56,0.02,6.64,20.81,0.35,8.0,0.55,3.9,0.81,0.338,7,8,0.651,0.036,0.79,1.0,0.561,48.4,0.582
4.89,3.04,16.97,0.67,3.5,4.79,0.35,8.0,0.55,89.01,0.67,0.918,3,11,0.934,0.861,0.92,0.0,0.861,44.5,0.316
1.26,0.19,10.29,0.51,0.43,1.47,1.0,2.0,0.95,15.42,0.88,0.75,11,10,0.487,0.583,0.96,1.0,0.748,62.7,0.583
0.64,0.35,16.52,0.61,-0.38,0.67,1.0,2.0,0.95,129.85,0.59,0.461,8,4,0.476,0.079,0.586,0.0,0.65,54.5,0.467
3.7,3.23,10.65,0.4,2.67,4.93,0.82,4.0,1.0,92.35,0.59,0.975,9,3,0.915,0.575,0.51,0.0,0.793,59.9,0.418
7.27,1.54,7.1,0.27,6.5,11.73,0.58,6.0,0.88,75.39,0.84,0.257,9,6,0.84,0.531,0.78,1.0,0.527,46.6,0.426
4.19,6.46,11.16,0.43,3.44,5.37,0.35,8.0,0.55,138.07,0.87,0.061,3,6,0.762,0.916,0.61,0.0,0.709,39.1,0.299
7.14,3.2,8.99,0.35,6.27,10.2,0.58,6.0,0.88,179.84,0.64,0.608,2,12,0.637,0.465,0.668,1.0,0.642,53.5,0.52
5.63,1.73,17.09,0.64,4.07,5.69,0.82,4.0,1.0,69.9,0.94,0.192,12,1,0.68,0.817,0.925,0.0,0.724,45.9,0.314
5.62,2.42,3.56,0.15,5.09,11.24,0.35,8.0,0.55,149.7,0.93,0.314,7,8,0.772,0.499,0.652,0.0,0.657,50.3,0.391
0.69,0.75,8.58,0.41,-0.17,0.91,1.0,2.0,0.95,169.91,0.91,0.446,1,5,0.785,0.339,0.58,1.0,0.735,63.4,0.567
6.98,5.34,15.55,0.72,5.19,6.52,0.58,6.0,0.88,13.24,0.75,0.446,7,6,0.815,0.91,0.923,1.0,0.846,38.4,0.439
6.74,5.96,17.38,0.67,5.33,6.61,0.58,6.0,0.88,164.23,0.87,0.629,8,8,0.749,0.891,0.582,0.0,0.592,37.8,0.287
5.51,7.93,17.05,0.67,4.53,5.4,0.35,8.0,0.55,71.34,0.64,0.781,5,6,0.899,0.059,0.543,0.0,0.556,48.3,0.434
5.95,4.21,8.72,0.41,4.54,7.83,0.82,4.0,1.0,37.61,0.91,0.229,4,5,0.839,0.735,0.513,1.0,0.506,49.9,0.496
1.89,0.49,5.33,0.29,0.8,2.95,1.0,2.0,0.95,77.01,0.72,0.787,5,8,0.782,0.555,0.744,1.0,0.418,66.1,0.529
3.53,5.18,5.81,0.32,2.92,5.27,0.35,8.0,0.55,60.12,0.76,0.185,13,9,0.463,0.434,0.588,0.0,0.556,50.8,0.354
3.31,5.01,0.71,0.03,2.42,8.71,0.58,6.0,0.88,129.03,0.77,0.931,5,3,0.504,0.163,0.814,0.0,0.825,71.7,0.533
4.18,0.66,7.21,0.39,3.19,5.65,0.35,8.0,0.55,142.57,0.86,0.571,3,4,0.688,0.115,0.929,1.0,0.493,48.6,0.549
0.62,1.86,4.06,0.22,-0.04,1.09,1.0,2.0,0.95,43.41,0.62,0.877,17,6,0.621,0.756,0.789,0.0,0.671,61.6,0.372
6.48,0.4,10.61,0.53,5.2,7.36,0.35,8.0,0.55,3.27,0.87,0.603,12,9,0.926,0.164,0.523,0.0,0.927,45.2,0.415
5.02,1.1,3.63,0.15,4.34,10.04,0.58,6.0,0.88,60.22,0.67,0.163,10,8,0.465,0.603,0.778,1.0,0.479,47.8,0.46
4.18,1.93,3.6,0.15,3.14,8.36,1.0,2.0,0.95,150.26,0.85,0.892,10,6,0.696,0.648,0.533,1.0,0.487,61.4,0.472
6.5,0.95,17.04,0.78,5.19,5.75,0.82,4.0,1.0,177.19,0.82,0.207,16,8,0.747,0.285,0.972,0.0,0.399,50.1,0.349
3.54,1.89,17.04,0.62,2.41,3.65,1.0,2.0,0.95,69.89,0.81,0.202,2,6,0.564,0.191,0.645,1.0,0.398,52.6,0.472
4.98,0.7,4.73,0.17,3.81,9.58,1.0,2.0,0.95,144.5,0.64,0.923,1,8,0.543,0.113,0.82,1.0,0.898,64.9,0.639
0.56,3.74,1.14,0.05,0.08,1.4,0.58,6.0,0.88,72.76,0.72,0.085,14,8,0.669,0.973,0.735,0.0,0.764,66.7,0.489
6.93,1.38,4.81,0.19,5.67,12.83,0.58,6.0,0.88,35.48,0.86,0.82,2,10,0.893,0.435,0.952,1.0,0.849,56.5,0.588
3.68,3.97,8.21,0.36,2.93,5.18,0.58,6.0,0.88,119.23,0.72,0.573,5,6,0.84,0.347,0.501,1.0,0.584,61.6,0.601
6.17,3.32,8.9,0.38,5.23,8.45,0.82,4.0,1.0,78.84,0.82,0.891,11,6,0.792,0.451,0.713,0.0,0.911,58.8,0.523
4.63,2.4,14.98,0.76,2.94,4.17,0.82,4.0,1.0,26.83,0.92,0.246,13,2,0.886,0.881,0.974,0.0,0.677,45.0,0.319
5.64,3.03,14.18,0.62,4.49,5.81,0.82,4.0,1.0,150.89,0.72,0.94,17,11,0.884,0.219,0.604,1.0,0.783,67.0,0.589
2.09,6.12,13.56,0.54,0.54,2.35,0.35,8.0,0.55,174.53,0.91,0.52,3,12,0.954,0.242,0.636,0.0,0.691,51.3,0.48
0.43,0.69,3.73,0.14,-0.54,0.88,1.0,2.0,0.95,13.93,0.75,0.163,12,11,0.664,0.698,0.574,1.0,0.586,52.9,0.423
7.43,5.24,12.22,0.44,6.32,9.41,0.35,8.0,0.55,64.57,0.67,0.5,13,9,0.858,0.423,0.741,1.0,0.948,47.9,0.588
0.78,4.32,16.31,0.72,-0.65,0.73,0.35,8.0,0.55,16.77,0.88,0.73,4,8,0.651,0.337,0.75,1.0,0.372,40.5,0.388
2.76,3.64,0.19,0.01,1.77,7.67,0.35,8.0,0.55,140.99,0.97,0.472,17,3,0.695,0.697,0.625,0.0,0.51,57.3,0.411
6.8,1.33,2.93,0.14,6.13,13.88,0.82,4.0,1.0,21.52,0.62,0.846,7,8,0.708,0.006,0.85,0.0,0.837,51.7,0.441
8.27,3.87,8.88,0.35,6.98,11.81,0.58,6.0,0.88,170.75,0.6,0.206,5,12,0.969,0.605,0.414,1.0,0.581,48.9,0.428
6.16,0.75,8.53,0.41,5.03,8.11,0.58,6.0,0.88,77.16,0.58,0.3,12,8,0.663,0.919,0.926,0.0,0.426,36.3,0.294
3.54,4.38,6.72,0.33,2.9,5.21,0.82,4.0,1.0,142.62,0.63,0.443,18,1,0.573,0.147,0.477,1.0,0.357,60.8,0.602
3.05,0.62,9.55,0.45,1.66,3.81,1.0,2.0,0.95,58.88,0.66,0.506,7,4,0.802,0.478,0.524,0.0,0.594,60.0,0.455
1.1,0.32,9.18,0.34,0.45,1.59,1.0,2.0,0.95,93.38,0.99,0.588,8,11,0.849,0.84,0.61,0.0,0.872,63.9,0.484
4.83,1.73,0.5,0.02,3.77,13.05,1.0,2.0,0.95,71.56,0.82,0.874,5,8,0.776,0.79,0.915,0.0,0.502,64.5,0.431
2.58,0.12,1.19,0.06,1.51,6.29,1.0,2.0,0.95,27.91,0.84,0.401,13,5,0.696,0.807,0.932,1.0,0.877,59.6,0.588
6.05,3.43,15.68,0.63,4.58,6.17,0.35,8.0,0.55,166.37,0.82,0.678,5,8,0.629,0.691,0.966,0.0,0.509,41.5,0.311
5.79,1.54,16.68,0.79,4.55,5.08,0.58,6.0,0.88,36.05,0.99,0.232,11,9,0.808,0.279,0.747,0.0,0.834,51.2,0.406
2.09,4.54,12.83,0.55,1.12,2.32,0.58,6.0,0.88,84.36,0.78,0.161,10,11,0.581,0.598,0.767,1.0,0.465,62.2,0.537
3.15,3.17,16.78,0.74,1.87,2.89,0.82,4.0,1.0,47.34,0.58,0.168,13,9,0.971,0.003,0.51,1.0,0.935,60.2,0.684
5.03,2.8,4.78,0.17,4.08,9.67,0.58,6.0,0.88,89.14,0.6,0.465,11,2,0.524,0.123,0.841,0.0,0.376,50.1,0.376
1.52,0.68,13.37,0.6,0.64,1.6,0.58,6.0,0.88,119.53,0.58,0.156,9,5,0.678,0.23,0.759,1.0,0.935,62.1,0.58
3.2,0.73,3.96,0.15,2.1,6.4,1.0,2.0,0.95,38.16,0.83,0.957,3,10,0.842,0.979,0.556,1.0,0.428,53.0,0.444
3.64,0.77,3.12,0.15,3.15,7.28,0.82,4.0,1.0,44.5,0.69,0.601,13,8,0.563,0.1,0.448,1.0,0.629,65.5,0.601
0.61,6.74,3.69,0.15,-0.16,1.22,0.35,8.0,0.55,157.78,0.7,0.07,17,10,0.656,0.442,0.519,0.0,0.793,50.7,0.426
2.23,3.59,3.92,0.18,1.57,4.21,0.35,8.0,0.55,129.26,0.95,0.41,16,1,0.814,0.563,0.774,0.0,0.635,69.6,0.474
3.64,0.18,7.85,0.35,2.68,5.2,0.58,6.0,0.88,79.85,0.71,0.306,9,8,0.534,0.219,0.74,0.0,0.883,59.6,0.481
0.99,4.03,1.66,0.07,0.63,2.36,0.82,4.0,1.0,16.11,0.97,0.48,10,3,0.905,0.279,0.931,0.0,0.608,69.6,0.462
3.55,1.28,14.1,0.53,2.03,4.03,1.0,2.0,0.95,133.91,0.68,0.497,14,3,0.575,0.808,0.513,0.0,0.392,45.3,0.372
4.17,3.44,9.96,0.46,3.31,5.15,0.82,4.0,1.0,96.99,0.63,0.798,11,3,0.856,0.513,0.412,0.0,0.598,57.4,0.431
2.08,2.7,6.61,0.26,1.18,3.41,0.82,4.0,1.0,82.98,0.87,0.728,6,11,0.771,0.042,0.97,0.0,0.35,71.9,0.563
6.49,6.4,16.0,0.71,4.98,6.12,0.35,8.0,0.55,94.5,0.9,0.599,13,5,0.727,0.408,0.692,1.0,0.43,40.5,0.405
8.05,0.81,16.27,0.75,6.8,7.32,0.58,6.0,0.88,6.25,0.77,0.763,7,7,0.861,0.75,0.661,0.0,0.759,39.7,0.314
4.99,1.99,4.55,0.21,3.92,8.91,1.0,2.0,0.95,68.14,0.64,0.174,2,4,0.952,0.897,0.935,1.0,0.586,48.9,0.506
1.22,2.62,14.78,0.63,0.31,1.24,0.35,8.0,0.55,176.68,0.93,0.114,11,4,0.614,0.507,0.406,0.0,0.442,54.9,0.384
2.97,1.41,6.68,0.3,2.14,4.57,1.0,2.0,0.95,111.1,0.71,0.36,12,1,0.875,0.586,0.912,1.0,0.623,68.9,0.601
5.49,0.38,14.84,0.7,3.93,5.23,1.0,2.0,0.95,132.2,0.84,0.187,7,2,0.777,0.276,0.528,0.0,0.541,58.1,0.42
3.34,3.64,2.73,0.12,2.75,7.11,0.82,4.0,1.0,165.06,0.55,0.113,2,5,0.835,0.787,0.527,0.0,0.933,63.0,0.409
9.4,3.05,13.1,0.6,8.15,9.89,0.35,8.0,0.55,172.26,0.81,0.571,11,11,0.802,0.527,0.787,1.0,0.858,48.0,0.481
2.58,0.64,16.92,0.81,0.69,2.22,1.0,2.0,0.95,178.45,0.57,0.612,9,2,0.887,0.555,0.89,0.0,0.905,63.8,0.533
3.94,1.14,7.43,0.34,2.87,5.71,1.0,2.0,0.95,55.24,0.66,0.642,3,6,0.941,0.057,0.635,1.0,0.447,59.7,0.522
1.43,1.59,15.82,0.69,-0.32,1.38,0.58,6.0,0.88,106.74,0.73,0.857,10,4,0.774,0.165,0.492,1.0,0.724,55.8,0.473
4.45,0.07,9.73,0.42,3.7,5.78,1.0,2.0,0.95,174.67,0.91,0.666,2,1,0.7,0.033,0.569,1.0,0.778,69.0,0.673
0.56,1.97,5.94,0.32,-0.51,0.84,1.0,2.0,0.95,177.9,0.83,0.83,7,3,0.925,0.824,0.684,1.0,0.724,62.7,0.459
1.62,3.08,15.34,0.78,-0.07,1.43,0.58,6.0,0.88,93.65,0.77,0.263,10,1,0.658,0.339,0.494,1.0,0.86,49.6,0.528
6.33,5.39,7.52,0.28,5.12,10.05,0.58,6.0,0.88,152.79,0.85,0.25,15,3,0.823,0.037,0.434,0.0,0.443,55.4,0.416
1.8,0.77,5.76,0.28,0.86,2.86,1.0,2.0,0.95,74.96,0.97,0.685,18,12,0.761,0.937,0.522,1.0,0.763,65.7,0.53
0.95,0.26,15.36,0.75,-0.21,0.86,0.58,6.0,0.88,90.58,0.85,0.428,11,8,0.52,0.327,0.961,1.0,0.765,56.9,0.561
0.4,3.46,17.18,0.78,-1.04,0.35,0.82,4.0,1.0,177.93,0.62,0.89,8,9,0.77,0.957,0.926,0.0,0.613,57.2,0.24
7.67,2.49,0.05,0.0,6.72,21.91,0.58,6.0,0.88,91.19,0.64,0.366,17,5,0.731,0.89,0.976,0.0,0.624,52.1,0.411
11.1,5.22,5.22,0.19,10.27,20.56,0.35,8.0,0.55,52.64,0.56,0.61,3,8,0.89,0.417,0.669,0.0,0.932,46.1,0.387
3.1,4.32,0.7,0.03,2.05,8.16,0.58,6.0,0.88,47.24,0.67,0.554,2,4,0.955,0.449,0.63,1.0,0.38,58.2,0.564
0.53,7.65,13.19,0.51,-0.9,0.62,0.35,8.0,0.55,138.86,0.85,0.522,7,9,0.8,0.288,0.467,0.0,0.933,47.2,0.321
4.25,0.92,12.33,0.66,2.79,4.21,0.82,4.0,1.0,170.49,0.56,0.173,9,3,0.798,0.672,0.641,1.0,0.479,54.5,0.448
3.18,3.6,9.88,0.53,1.56,3.61,0.58,6.0,0.88,157.43,0.93,0.053,8,2,0.863,0.794,0.948,0.0,0.421,55.6,0.339
6.05,4.26,11.06,0.43,5.07,7.76,0.35,8.0,0.55,18.38,0.63,0.816,18,5,0.834,0.911,0.76,0.0,0.975,36.1,0.31
3.77,4.07,11.37,0.62,2.17,3.89,0.82,4.0,1.0,143.09,0.74,0.817,13,4,0.539,0.621,0.68,0.0,0.965,65.5,0.53
6.57,4.06,5.8,0.27,5.29,10.6,0.35,8.0,0.55,8.48,0.63,0.592,1,11,0.945,0.649,0.641,0.0,0.961,46.6,0.352
3.41,1.26,2.1,0.11,2.63,7.41,1.0,2.0,0.95,179.31,0.88,0.374,2,11,0.618,0.312,0.877,1.0,0.375,61.7,0.609
5.33,3.6,17.99,0.86,3.5,4.4,0.82,4.0,1.0,176.67,0.99,0.396,16,5,0.841,0.407,0.415,1.0,0.556,59.8,0.597
2.22,0.25,4.76,0.22,0.99,3.89,1.0,2.0,0.95,34.51,0.65,0.81,8,1,0.597,0.841,0.719,0.0,0.861,65.7,0.47
8.64,4.36,1.81,0.08,7.52,20.09,0.58,6.0,0.88,57.52,0.95,0.138,11,5,0.843,0.137,0.455,0.0,0.417,49.2,0.417
4.06,0.75,2.86,0.1,2.95,9.02,0.58,6.0,0.88,46.07,0.7,0.226,4,11,0.88,0.47,0.823,0.0,0.457,57.8,0.473
7.43,0.07,9.41,0.45,6.05,9.29,0.82,4.0,1.0,140.17,0.63,0.57,2,7,0.562,0.667,0.512,1.0,0.567,51.5,0.501
2.81,4.09,16.01,0.64,1.7,2.84,0.58,6.0,0.88,109.74,0.55,0.159,7,12,0.584,0.128,0.507,0.0,0.959,52.1,0.504
7.49,3.29,13.16,0.53,6.6,8.51,0.82,4.0,1.0,40.83,0.98,0.596,7,12,0.509,0.696,0.64,1.0,0.48,46.6,0.485
4.82,0.75,7.4,0.3,3.69,7.42,1.0,2.0,0.95,80.93,0.64,0.653,7,7,0.637,0.87,0.898,0.0,0.659,54.0,0.381
0.38,3.09,1.11,0.04,0.04,0.97,0.58,6.0,0.88,83.66,0.68,0.443,10,3,0.6,0.177,0.846,1.0,0.845,78.7,0.694
3.12,1.52,3.62,0.14,2.02,6.37,0.58,6.0,0.88,173.5,0.67,0.506,15,3,0.459,0.234,0.682,0.0,0.971,64.1,0.54
1.14,3.19,9.4,0.38,0.28,1.56,0.82,4.0,1.0,119.18,0.91,0.759,1,2,0.751,0.885,0.54,1.0,0.509,61.8,0.565
4.84,4.3,0.06,0.0,4.31,13.83,0.82,4.0,1.0,124.76,0.8,0.59,1,8,0.553,0.108,0.578,1.0,0.508,67.5,0.624
7.82,8.46,10.17,0.47,6.78,9.54,0.35,8.0,0.55,113.18,0.95,0.358,11,6,0.7,0.241,0.593,0.0,0.621,42.9,0.421
3.26,0.34,7.39,0.4,2.21,4.35,1.0,2.0,0.95,97.23,0.88,0.147,18,8,0.831,0.221,0.524,1.0,0.411,58.5,0.604
1.69,2.5,10.6,0.47,0.79,2.06,0.35,8.0,0.55,62.66,0.66,0.163,9,10,0.735,0.629,0.841,0.0,0.65,51.5,0.361
5.12,1.1,17.86,0.69,3.43,4.92,1.0,2.0,0.95,19.82,0.78,0.268,9,1,0.676,0.349,0.607,1.0,0.7,48.0,0.546
3.79,0.46,14.8,0.73,2.77,3.51,1.0,2.0,0.95,33.93,0.92,0.238,10,8,0.482,0.449,0.759,0.0,0.424,55.0,0.381
7.99,2.88,12.38,0.47,7.13,9.74,0.58,6.0,0.88,69.3,0.63,0.083,6,11,0.897,0.42,0.449,0.0,0.483,38.3,0.302
5.35,0.77,12.85,0.51,3.84,6.22,0.82,4.0,1.0,96.49,0.96,0.612,11,8,0.533,0.997,0.709,0.0,0.951,48.8,0.389
3.46,2.33,3.85,0.15,2.4,6.92,0.35,8.0,0.55,5.56,0.73,0.407,18,8,0.941,0.875,0.467,0.0,0.918,41.2,0.375
3.23,0.9,11.69,0.47,1.82,3.94,1.0,2.0,0.95,11.4,0.63,0.882,5,4,0.931,0.508,0.752,0.0,0.502,53.7,0.392
1.69,0.76,2.45,0.12,0.96,3.6,1.0,2.0,0.95,153.34,0.64,0.813,8,12,0.787,0.518,0.762,0.0,0.616,79.5,0.485
4.57,4.51,17.87,0.84,3.45,3.84,0.58,6.0,0.88,4.05,0.56,0.682,1,12,0.466,0.322,0.839,0.0,0.402,37.6,0.404
2.61,1.97,11.66,0.63,1.19,2.66,1.0,2.0,0.95,174.42,0.56,0.192,12,6,0.651,0.115,0.93,1.0,0.824,62.8,0.567
4.64,2.56,8.58,0.37,3.25,6.44,0.82,4.0,1.0,15.64,0.63,0.775,17,10,0.868,0.314,0.672,1.0,0.644,50.5,0.473
8.46,2.53,11.46,0.61,6.98,8.81,0.58,6.0,0.88,50.96,0.62,0.409,4,4,0.669,0.798,0.697,1.0,0.583,39.5,0.402
5.96,1.68,0.75,0.03,5.15,15.68,0.82,4.0,1.0,11.44,0.64,0.44,18,8,0.778,0.787,0.41,0.0,0.429,46.2,0.38
4.81,0.59,9.51,0.35,3.43,6.87,1.0,2.0,0.95,133.45,0.67,0.747,6,9,0.953,0.498,0.94,0.0,0.588,62.6,0.462
2.41,0.57,12.11,0.62,1.2,2.48,1.0,2.0,0.95,122.67,0.88,0.546,10,7,0.608,0.021,0.91,0.0,0.582,70.9,0.547
1.09,4.23,4.53,0.2,0.61,1.98,0.82,4.0,1.0,71.45,0.98,0.65,6,6,0.951,0.374,0.569,0.0,0.468,76.2,0.549
3.46,4.52,5.29,0.19,2.25,6.41,0.58,6.0,0.88,6.14,0.59,0.408,14,5,0.907,0.513,0.957,0.0,0.836,56.4,0.434
6.29,1.25,13.06,0.68,4.84,6.11,0.82,4.0,1.0,126.1,0.85,0.373,10,11,0.789,0.993,0.569,0.0,0.927,45.2,0.39
2.13,3.5,10.57,0.39,1.39,2.88,0.58,6.0,0.88,131.66,0.91,0.816,3,2,0.827,0.455,0.671,0.0,0.693,69.2,0.465
3.6,0.48,3.9,0.18,2.9,6.79,1.0,2.0,0.95,42.18,0.95,0.862,3,2,0.937,0.612,0.693,1.0,0.975,64.3,0.641
9.03,6.35,9.44,0.52,7.49,10.38,0.35,8.0,0.55,39.15,0.56,0.82,4,6,0.863,0.112,0.474,0.0,0.504,39.6,0.384
3.29,2.53,17.62,0.92,1.5,2.59,0.35,8.0,0.55,75.96,0.55,0.64,7,7,0.645,0.792,0.478,0.0,0.398,46.3,0.378
1.35,1.96,4.16,0.18,0.63,2.55,0.58,6.0,0.88,6.69,0.61,0.997,7,3,0.882,0.158,0.525,0.0,0.396,62.7,0.458
1.21,2.28,0.66,0.03,0.31,3.18,0.35,8.0,0.55,25.15,0.79,0.944,2,6,0.784,0.778,0.596,1.0,0.939,66.1,0.631
3.02,0.26,13.43,0.6,1.45,3.18,1.0,2.0,0.95,169.11,0.97,0.881,2,9,0.919,0.361,0.631,0.0,0.865,67.6,0.504
1.16,8.28,3.83,0.14,0.12,2.37,0.35,8.0,0.55,47.22,0.7,0.099,14,9,0.742,0.436,0.463,1.0,0.617,59.0,0.6
7.39,3.67,5.23,0.19,6.85,13.69,0.82,4.0,1.0,56.11,0.8,0.804,15,4,0.632,0.237,0.9,0.0,0.607,55.7,0.473
0.63,1.48,8.13,0.33,-0.46,0.93,1.0,2.0,0.95,10.45,0.72,0.586,3,5,0.601,0.182,0.409,1.0,0.975,53.8,0.468
8.9,5.06,6.77,0.26,8.14,14.59,0.35,8.0,0.55,100.38,0.82,0.62,15,2,0.921,0.296,0.71,1.0,0.715,50.5,0.543
2.71,0.5,0.38,0.02,2.18,7.32,0.82,4.0,1.0,112.14,0.99,0.235,6,4,0.507,0.839,0.868,0.0,0.535,57.4,0.453
6.64,8.46,0.99,0.04,6.33,17.03,0.35,8.0,0.55,101.31,0.62,0.658,15,7,0.965,0.031,0.656,0.0,0.545,57.4,0.506
2.68,2.93,16.34,0.67,1.0,2.63,0.82,4.0,1.0,94.6,0.85,0.583,1,5,0.889,0.897,0.957,0.0,0.968,59.3,0.443
4.16,4.86,15.28,0.78,2.63,3.68,0.35,8.0,0.55,65.85,0.85,0.462,9,2,0.865,0.382,0.619,1.0,0.747,55.0,0.515
9.37,0.91,14.95,0.56,7.91,10.3,0.35,8.0,0.55,145.69,0.69,0.37,4,5,0.897,0.777,0.631,0.0,0.502,40.2,0.301
6.08,0.32,0.53,0.02,5.4,16.43,0.58,6.0,0.88,41.82,0.55,0.86,14,10,0.657,0.885,0.436,0.0,0.424,50.6,0.34
0.89,2.96,14.66,0.69,-0.87,0.86,0.82,4.0,1.0,154.09,0.57,0.113,17,1,0.774,0.279,0.57,0.0,0.89,57.0,0.335
6.52,2.32,15.69,0.57,5.15,7.09,0.82,4.0,1.0,113.6,0.57,0.4,9,5,0.459,0.495,0.657,1.0,0.596,48.3,0.549
5.54,3.37,7.41,0.38,4.79,7.59,0.82,4.0,1.0,5.46,0.91,0.759,16,12,0.781,0.474,0.623,0.0,0.969,51.0,0.492
4.31,0.62,7.15,0.31,3.3,6.53,1.0,2.0,0.95,13.95,0.64,0.243,8,2,0.947,0.954,0.582,0.0,0.478,45.5,0.316
6.42,0.74,0.19,0.01,5.4,17.83,0.35,8.0,0.55,31.24,0.6,0.623,1,7,0.51,0.75,0.538,1.0,0.433,46.5,0.458
3.79,1.3,8.05,0.3,2.78,5.83,0.58,6.0,0.88,56.66,0.82,0.74,6,10,0.621,0.141,0.629,0.0,0.963,53.3,0.456
1.57,0.49,4.5,0.24,0.68,2.66,1.0,2.0,0.95,21.27,0.61,0.49,16,11,0.722,0.915,0.444,0.0,0.753,57.6,0.455
1.08,0.89,9.35,0.34,0.34,1.57,0.82,4.0,1.0,99.21,0.88,0.517,15,4,0.852,0.867,0.534,0.0,0.902,68.2,0.434
4.09,2.27,10.3,0.46,2.75,5.05,0.58,6.0,0.88,89.72,0.87,0.567,14,7,0.811,0.994,0.663,0.0,0.604,50.4,0.324
6.13,7.12,15.48,0.85,4.38,5.11,0.35,8.0,0.55,68.95,0.61,0.676,6,3,0.569,0.349,0.791,0.0,0.975,47.0,0.454
4.35,1.21,8.05,0.42,3.45,5.65,1.0,2.0,0.95,103.36,0.88,0.547,6,2,0.97,0.139,0.729,1.0,0.826,69.3,0.651
2.5,4.13,9.75,0.38,1.13,3.42,0.58,6.0,0.88,171.65,0.61,0.923,11,1,0.954,0.692,0.533,1.0,0.964,70.5,0.628
6.28,2.0,10.9,0.41,5.1,8.26,0.58,6.0,0.88,100.53,0.58,0.13,12,8,0.782,0.508,0.958,0.0,0.788,48.3,0.392
2.03,2.42,8.06,0.35,0.97,2.9,0.82,4.0,1.0,175.04,0.63,0.937,15,5,0.652,0.078,0.756,1.0,0.662,77.6,0.66
6.48,2.55,7.86,0.34,5.17,9.39,0.82,4.0,1.0,150.99,0.61,0.54,7,8,0.977,0.038,0.773,1.0,0.779,56.9,0.612
2.99,3.08,15.89,0.64,1.36,3.02,0.82,4.0,1.0,136.49,0.73,0.741,11,11,0.692,0.038,0.79,0.0,0.526,63.8,0.539
8.15,1.81,3.29,0.14,7.37,16.63,0.58,6.0,0.88,72.14,0.61,0.835,10,3,0.788,0.634,0.477,1.0,0.847,58.6,0.515
4.26,3.97,10.31,0.54,3.13,4.79,0.82,4.0,1.0,48.41,0.86,0.92,6,9,0.854,0.722,0.941,0.0,0.926,59.9,0.412
3.24,2.61,15.63,0.77,1.77,2.89,0.82,4.0,1.0,141.14,0.72,0.262,17,2,0.747,0.391,0.612,1.0,0.677,66.7,0.649
0.49,2.15,8.78,0.35,-0.81,0.7,0.58,6.0,0.88,41.91,0.64,0.647,4,11,0.924,0.824,0.443,0.0,0.926,46.2,0.21
4.08,3.12,10.48,0.51,3.29,4.74,0.82,4.0,1.0,151.26,0.64,0.342,11,5,0.69,0.327,0.59,0.0,0.486,54.8,0.447
6.2,2.12,15.23,0.66,5.09,6.14,0.82,4.0,1.0,77.87,0.93,0.094,9,3,0.819,0.643,0.463,0.0,0.372,48.1,0.357
3.93,1.18,10.11,0.42,2.55,5.1,1.0,2.0,0.95,136.88,0.55,0.393,8,9,0.729,0.856,0.602,0.0,0.911,54.9,0.421
4.99,8.41,15.55,0.65,3.74,4.99,0.35,8.0,0.55,136.26,0.79,0.316,6,3,0.711,0.338,0.596,1.0,0.691,45.3,0.516
7.64,2.13,12.83,0.53,6.71,8.68,0.58,6.0,0.88,24.94,0.98,0.915,3,12,0.677,0.332,0.479,0.0,0.906,42.1,0.445
6.2,3.89,15.81,0.84,4.91,5.21,0.58,6.0,0.88,116.39,0.92,0.992,4,6,0.91,0.069,0.403,1.0,0.653,54.2,0.585
6.54,1.64,1.81,0.09,5.48,14.86,0.35,8.0,0.55,95.41,0.72,0.607,16,3,0.715,0.85,0.974,0.0,0.617,47.8,0.394
6.23,1.03,0.11,0.01,5.53,17.31,0.58,6.0,0.88,133.5,0.63,0.4,7,2,0.729,0.805,0.5,0.0,0.814,47.8,0.327
4.69,3.87,11.61,0.48,3.43,5.65,0.82,4.0,1.0,12.5,0.88,0.891,17,4,0.67,0.49,0.518,1.0,0.567,52.2,0.543
6.13,0.81,8.21,0.32,4.8,9.15,0.35,8.0,0.55,87.45,0.69,0.759,12,9,0.783,0.484,0.62,0.0,0.555,47.6,0.392
4.61,5.8,4.34,0.23,4.08,7.95,0.35,8.0,0.55,156.69,0.87,0.962,16,3,0.484,0.687,0.515,0.0,0.933,56.4,0.496
2.03,0.42,10.38,0.44,0.82,2.57,1.0,2.0,0.95,133.9,0.95,0.958,14,6,0.798,0.585,0.771,0.0,0.698,70.7,0.543
6.33,4.65,4.4,0.19,5.13,11.72,0.58,6.0,0.88,38.17,0.8,0.343,14,2,0.709,0.645,0.828,1.0,0.488,54.6,0.475
3.29,0.61,4.57,0.18,2.2,6.21,1.0,2.0,0.95,110.8,0.88,0.221,15,10,0.887,0.861,0.655,0.0,0.71,55.0,0.358
2.61,5.95,8.43,0.36,1.58,3.68,0.58,6.0,0.88,22.03,0.77,0.901,11,3,0.757,0.558,0.931,0.0,0.432,54.5,0.425
1.04,0.83,13.13,0.52,0.22,1.2,1.0,2.0,0.95,35.54,0.57,0.092,18,8,0.771,0.94,0.913,1.0,0.57,54.6,0.506
6.46,2.39,4.26,0.18,5.24,12.19,0.58,6.0,0.88,144.17,0.97,0.801,2,4,0.459,0.978,0.537,1.0,0.757,49.6,0.509
1.35,0.48,15.03,0.77,0.15,1.21,0.58,6.0,0.88,131.58,0.95,0.874,1,3,0.791,0.167,0.938,1.0,0.768,64.3,0.578
6.33,4.86,3.47,0.14,5.77,12.92,0.58,6.0,0.88,2.87,0.74,0.497,7,11,0.765,0.093,0.961,0.0,0.601,47.9,0.462
1.42,0.3,12.36,0.49,0.29,1.69,1.0,2.0,0.95,85.05,0.85,0.101,3,2,0.51,0.403,0.475,0.0,0.376,60.9,0.388
5.52,2.93,16.66,0.65,3.83,5.52,0.82,4.0,1.0,37.24,0.83,0.743,2,5,0.753,0.431,0.596,0.0,0.766,52.2,0.478
7.46,0.73,13.76,0.66,6.46,7.39,0.58,6.0,0.88,52.63,0.91,0.699,17,3,0.939,0.86,0.734,1.0,0.969,42.3,0.436
0.47,3.63,3.49,0.13,-0.76,0.98,0.82,4.0,1.0,64.3,0.72,0.801,1,4,0.829,0.569,0.6,1.0,0.869,68.4,0.446
1.67,2.46,7.63,0.35,0.79,2.39,0.35,8.0,0.55,67.27,0.69,0.928,7,1,0.587,0.075,0.831,0.0,0.366,66.0,0.55
1.72,5.42,8.63,0.37,0.86,2.39,0.35,8.0,0.55,31.61,0.83,0.471,3,7,0.676,0.591,0.639,0.0,0.43,53.6,0.415
2.11,0.61,15.55,0.59,0.69,2.24,1.0,2.0,0.95,116.28,0.65,0.725,10,1,0.582,0.125,0.757,1.0,0.953,71.9,0.699
4.46,7.86,5.55,0.3,3.53,6.86,0.35,8.0,0.55,122.52,1.0,0.403,14,3,0.951,0.251,0.888,0.0,0.877,53.4,0.457
0.58,0.18,2.13,0.08,0.15,1.35,1.0,2.0,0.95,38.89,0.91,0.75,14,9,0.572,0.449,0.56,0.0,0.658,76.6,0.478
3.01,1.8,12.06,0.54,2.09,3.38,1.0,2.0,0.95,7.43,0.87,0.975,2,8,0.495,0.508,0.637,0.0,0.505,49.4,0.359
5.34,1.8,5.18,0.19,4.09,9.89,1.0,2.0,0.95,89.58,0.64,0.431,4,12,0.554,0.017,0.652,1.0,0.685,58.3,0.578
8.19,5.27,8.93,0.45,7.01,10.24,0.35,8.0,0.55,61.41,1.0,0.813,7,10,0.663,0.823,0.933,1.0,0.931,42.8,0.512
9.53,0.74,10.53,0.45,8.12,11.91,0.35,8.0,0.55,126.51,0.76,0.08,9,7,0.67,0.1,0.96,0.0,0.826,43.9,0.38
7.78,1.14,4.54,0.25,6.72,12.97,0.35,8.0,0.55,106.23,0.79,0.944,3,12,0.748,0.7,0.81,1.0,0.712,47.4,0.5
1.98,0.42,4.6,0.19,1.51,3.67,1.0,2.0,0.95,106.96,0.84,0.618,16,7,0.865,0.529,0.686,0.0,0.758,72.6,0.525
4.54,0.87,10.02,0.48,3.46,5.47,1.0,2.0,0.95,70.0,0.59,0.255,10,1,0.707,0.571,0.544,0.0,0.83,57.5,0.413
5.68,6.02,17.92,0.8,4.62,4.94,0.58,6.0,0.88,128.64,0.96,0.207,14,11,0.524,0.214,0.43,1.0,0.866,50.3,0.515
2.47,1.86,11.89,0.48,1.2,2.98,1.0,2.0,0.95,119.56,0.67,0.857,18,2,0.575,0.684,0.836,1.0,0.918,76.4,0.579
11.08,6.45,9.68,0.4,9.61,14.77,0.35,8.0,0.55,167.15,0.78,0.825,3,9,0.942,0.894,0.576,0.0,0.451,29.7,0.314
5.13,4.88,4.2,0.15,3.9,10.26,0.58,6.0,0.88,68.54,0.97,0.562,2,1,0.588,0.047,0.675,1.0,0.77,62.1,0.578
3.07,0.42,10.72,0.57,1.7,3.34,0.82,4.0,1.0,16.96,0.62,0.896,9,3,0.768,0.423,0.924,0.0,0.642,60.0,0.468
7.76,0.49,0.78,0.04,6.86,19.9,0.35,8.0,0.55,48.04,0.91,0.801,14,2,0.638,0.044,0.922,0.0,0.462,50.6,0.488
2.73,1.69,1.93,0.07,1.92,6.5,0.82,4.0,1.0,154.9,0.85,0.659,6,5,0.789,0.885,0.937,1.0,0.876,65.9,0.564
8.91,2.86,4.78,0.21,8.32,15.91,0.58,6.0,0.88,81.02,0.62,0.371,13,3,0.535,0.933,0.736,0.0,0.87,40.5,0.344
0.35,4.26,17.28,0.67,-0.8,0.34,0.82,4.0,1.0,73.22,0.86,0.267,2,7,0.523,0.259,0.678,1.0,0.729,53.2,0.366
0.81,0.21,17.98,0.94,-1.14,0.63,1.0,2.0,0.95,178.97,0.66,0.678,6,4,0.829,0.108,0.524,1.0,0.913,59.6,0.486
5.08,0.74,9.2,0.42,3.75,6.6,1.0,2.0,0.95,126.66,0.96,0.392,9,5,0.713,0.262,0.757,1.0,0.55,55.3,0.51
2.85,5.21,7.5,0.28,1.92,4.52,0.58,6.0,0.88,133.78,0.95,0.935,3,9,0.517,0.259,0.712,0.0,0.694,65.2,0.531
5.5,4.87,1.74,0.09,4.93,12.5,0.35,8.0,0.55,94.02,1.0,0.798,11,10,0.548,0.395,0.618,1.0,0.694,56.0,0.553
5.35,2.58,12.54,0.53,4.31,6.08,0.82,4.0,1.0,92.2,0.81,0.704,3,6,0.63,0.261,0.582,0.0,0.42,54.6,0.46
0.77,3.04,8.6,0.4,-0.47,1.03,0.82,4.0,1.0,69.91,0.86,0.384,3,8,0.492,0.683,0.436,1.0,0.48,51.8,0.397
1.07,2.57,5.9,0.25,0.25,1.78,0.82,4.0,1.0,3.37,0.56,0.673,10,3,0.608,0.971,0.545,0.0,0.535,50.5,0.338
7.54,4.9,10.02,0.45,6.42,9.42,0.58,6.0,0.88,10.9,0.91,0.299,1,5,0.617,0.865,0.684,1.0,0.564,36.0,0.409
7.38,6.37,3.46,0.15,6.46,14.76,0.58,6.0,0.88,77.68,0.66,0.793,9,7,0.914,0.783,0.895,0.0,0.835,54.1,0.387
2.39,0.77,10.95,0.54,1.55,2.69,1.0,2.0,0.95,125.67,0.85,0.202,6,2,0.543,0.294,0.959,1.0,0.62,72.2,0.648
3.81,1.23,5.69,0.3,3.24,5.86,0.35,8.0,0.55,16.07,0.68,0.984,3,6,0.933,0.852,0.873,1.0,0.686,46.9,0.447
0.38,1.99,9.66,0.51,-0.88,0.44,1.0,2.0,0.95,176.79,0.77,0.52,18,3,0.554,0.079,0.735,1.0,0.63,68.4,0.431
4.43,6.56,7.35,0.36,3.68,6.24,0.58,6.0,0.88,146.53,0.58,0.744,6,1,0.558,0.251,0.827,1.0,0.566,59.5,0.592
10.01,4.71,8.3,0.39,8.67,13.53,0.35,8.0,0.55,32.05,0.99,0.951,6,5,0.518,0.672,0.803,0.0,0.667,44.6,0.35
0.78,4.48,7.73,0.37,-0.15,1.08,0.58,6.0,0.88,118.09,0.7,0.188,7,2,0.509,0.944,0.489,1.0,0.53,44.2,0.435
7.96,5.48,14.68,0.78,6.56,7.04,0.35,8.0,0.55,139.69,0.89,0.281,10,11,0.79,0.742,0.684,0.0,0.471,42.3,0.338
6.21,3.96,6.37,0.35,5.15,8.87,0.82,4.0,1.0,144.61,0.58,0.795,8,1,0.585,0.715,0.513,1.0,0.734,65.0,0.527
2.26,3.94,5.96,0.29,1.46,3.53,0.82,4.0,1.0,8.37,0.96,0.715,4,9,0.487,0.873,0.656,1.0,0.674,49.8,0.462
2.34,1.16,12.06,0.56,1.31,2.57,0.82,4.0,1.0,11.52,0.79,0.828,12,12,0.485,0.603,0.526,0.0,0.36,58.7,0.443
2.55,3.95,2.65,0.12,1.75,5.43,0.58,6.0,0.88,119.67,0.94,0.749,14,10,0.73,0.776,0.913,0.0,0.543,70.3,0.46
6.34,0.51,15.12,0.61,5.26,6.6,0.82,4.0,1.0,43.39,0.91,0.869,18,12,0.961,0.71,0.502,0.0,0.92,59.1,0.466
2.16,2.11,10.22,0.54,0.54,2.43,0.35,8.0,0.55,177.39,0.85,0.525,13,3,0.95,0.567,0.97,0.0,0.798,59.7,0.421
1.22,3.6,0.27,0.01,0.2,3.39,0.82,4.0,1.0,4.9,0.86,0.417,14,7,0.511,0.91,0.695,1.0,0.8,54.8,0.505
2.08,2.56,1.67,0.09,1.12,4.73,0.58,6.0,0.88,161.8,0.68,0.353,8,11,0.95,0.59,0.838,1.0,0.524,75.0,0.632
1.74,1.4,15.59,0.65,0.13,1.74,0.82,4.0,1.0,142.64,0.57,0.239,1,8,0.893,0.404,0.506,1.0,0.865,61.7,0.566
5.23,0.7,0.35,0.01,4.6,14.53,0.35,8.0,0.55,175.1,0.85,0.451,3,2,0.457,0.647,0.931,1.0,0.897,58.5,0.575
7.41,0.06,8.05,0.38,6.44,10.15,0.82,4.0,1.0,147.59,0.96,0.305,16,1,0.727,0.015,0.848,0.0,0.621,61.1,0.478
3.05,3.21,10.16,0.46,2.01,3.77,0.82,4.0,1.0,83.72,0.56,0.272,14,9,0.744,0.898,0.728,1.0,0.683,55.1,0.51
2.23,0.85,10.64,0.54,1.05,2.51,1.0,2.0,0.95,15.8,0.75,0.408,8,3,0.462,0.087,0.65,1.0,0.636,64.6,0.616
3.07,1.37,1.42,0.05,2.12,7.67,0.82,4.0,1.0,176.51,0.81,0.938,3,8,0.641,0.51,0.963,0.0,0.64,71.0,0.524
3.84,1.73,3.33,0.18,2.95,7.25,0.82,4.0,1.0,143.91,0.84,0.187,3,10,0.828,0.403,0.48,1.0,0.462,58.6,0.594
5.04,0.54,0.96,0.04,3.9,12.92,0.58,6.0,0.88,159.33,0.87,0.398,5,2,0.886,0.347,0.57,1.0,0.875,59.5,0.575
0.37,2.56,2.27,0.09,-0.39,0.84,0.82,4.0,1.0,2.01,0.81,0.941,2,2,0.785,0.22,0.808,1.0,0.608,63.3,0.524
6.27,1.26,15.56,0.56,5.03,6.89,0.82,4.0,1.0,165.68,0.82,0.893,9,1,0.481,0.485,0.778,0.0,0.451,56.9,0.418
1.05,0.95,7.01,0.26,-0.25,1.72,1.0,2.0,0.95,143.48,0.72,0.507,2,6,0.95,0.641,0.837,0.0,0.408,57.5,0.424
6.38,3.9,1.97,0.08,5.98,14.84,0.82,4.0,1.0,35.1,0.59,0.886,12,4,0.952,0.862,0.656,0.0,0.476,48.2,0.297
6.97,6.0,0.08,0.0,5.95,19.91,0.35,8.0,0.55,149.74,0.84,0.883,10,9,0.827,0.699,0.532,0.0,0.852,55.8,0.419
6.54,1.84,2.37,0.12,5.36,13.91,0.82,4.0,1.0,138.35,0.74,0.746,17,3,0.968,0.202,0.58,0.0,0.484,66.4,0.53
1.68,0.15,6.33,0.27,0.64,2.71,1.0,2.0,0.95,41.48,0.63,0.495,10,4,0.965,0.784,0.822,1.0,0.511,70.2,0.597
8.32,1.04,9.54,0.43,7.41,10.67,0.58,6.0,0.88,99.13,0.57,0.458,7,10,0.74,0.99,0.978,1.0,0.936,42.6,0.453
2.62,1.04,16.58,0.64,1.19,2.65,0.82,4.0,1.0,153.27,0.73,0.181,2,6,0.627,0.446,0.658,1.0,0.794,59.7,0.561
3.57,2.44,7.15,0.36,2.8,5.03,0.58,6.0,0.88,148.79,0.82,0.564,11,6,0.507,0.493,0.806,0.0,0.77,59.5,0.507
5.25,2.19,8.33,0.36,4.31,7.39,1.0,2.0,0.95,108.98,0.86,0.185,10,12,0.949,0.682,0.431,0.0,0.456,50.0,0.399
8.76,2.11,16.56,0.8,6.91,7.62,0.58,6.0,0.88,123.5,1.0,0.898,5,3,0.682,0.314,0.86,1.0,0.899,49.3,0.501
8.82,6.17,0.91,0.04,8.24,22.62,0.35,8.0,0.55,155.58,0.97,0.911,12,11,0.814,0.588,0.655,1.0,0.37,50.4,0.532
1.46,3.93,3.44,0.18,0.52,2.75,0.35,8.0,0.55,10.81,0.71,0.756,12,11,0.465,0.231,0.836,0.0,0.38,61.9,0.44
7.28,3.41,0.22,0.01,6.53,20.22,0.82,4.0,1.0,2.53,0.71,0.941,7,7,0.474,0.612,0.964,1.0,0.391,51.3,0.496
5.27,2.18,6.06,0.25,4.01,8.78,1.0,2.0,0.95,172.85,0.71,0.772,8,6,0.814,0.34,0.427,1.0,0.395,57.0,0.59
3.67,0.91,7.71,0.28,2.44,5.83,1.0,2.0,0.95,12.46,0.8,0.731,16,5,0.473,0.695,0.54,1.0,0.666,54.7,0.465
5.08,2.53,5.2,0.22,3.79,8.91,0.82,4.0,1.0,68.74,0.65,0.053,16,8,0.65,0.848,0.491,1.0,0.355,42.9,0.398
0.73,0.51,6.83,0.33,-0.61,1.07,1.0,2.0,0.95,34.69,0.6,0.56,6,10,0.482,0.187,0.949,0.0,0.488,52.8,0.32
0.71,1.64,0.58,0.03,-0.33,1.87,1.0,2.0,0.95,77.07,0.85,0.388,1,11,0.855,0.541,0.93,1.0,0.503,62.2,0.542
2.33,1.0,14.3,0.59,1.48,2.48,1.0,2.0,0.95,161.56,0.7,0.977,15,6,0.85,0.996,0.723,1.0,0.554,65.4,0.481
4.59,2.63,7.62,0.39,3.91,6.2,0.82,4.0,1.0,171.68,0.66,0.687,6,1,0.919,0.141,0.615,0.0,0.399,63.6,0.48
3.93,0.32,16.33,0.85,2.15,3.28,1.0,2.0,0.95,151.85,0.65,0.764,1,3,0.55,0.7,0.498,0.0,0.393,57.9,0.405
3.04,2.01,13.01,0.52,1.79,3.49,1.0,2.0,0.95,79.2,0.9,0.528,7,9,0.647,0.55,0.447,1.0,0.708,59.7,0.607
5.38,0.46,10.01,0.54,4.55,6.04,0.82,4.0,1.0,178.65,0.7,0.275,18,12,0.77,0.216,0.718,1.0,0.733,56.6,0.621
10.38,7.08,4.97,0.18,9.69,19.58,0.35,8.0,0.55,11.51,0.59,0.538,6,12,0.85,0.163,0.431,0.0,0.737,40.4,0.419
1.32,4.16,1.06,0.06,0.77,3.22,0.82,4.0,1.0,177.76,0.84,0.745,17,12,0.508,0.421,0.953,1.0,0.714,83.4,0.694
5.61,3.25,2.3,0.09,4.44,12.75,0.82,4.0,1.0,51.31,0.87,0.192,5,3,0.83,0.498,0.893,0.0,0.788,55.8,0.429
0.65,3.43,2.35,0.12,-0.01,1.38,0.82,4.0,1.0,10.37,0.66,0.237,2,6,0.829,0.595,0.942,1.0,0.638,54.1,0.562
3.5,0.53,13.82,0.56,2.14,3.85,1.0,2.0,0.95,178.34,0.59,0.699,3,8,0.608,0.865,0.424,0.0,0.717,54.0,0.36
1.71,1.86,13.35,0.51,0.89,1.99,1.0,2.0,0.95,70.9,0.62,0.589,7,2,0.672,0.014,0.432,1.0,0.701,70.2,0.692
5.48,6.64,16.04,0.73,3.9,5.07,0.35,8.0,0.55,167.52,0.59,0.537,13,6,0.642,0.303,0.566,1.0,0.539,41.8,0.537
11.27,6.04,10.88,0.55,10.28,12.52,0.35,8.0,0.55,76.2,0.55,0.665,13,3,0.69,0.129,0.498,0.0,0.623,43.7,0.364
2.18,3.47,11.98,0.44,0.86,2.76,0.82,4.0,1.0,169.47,0.8,0.355,5,2,0.81,0.85,0.769,0.0,0.686,62.0,0.487
4.16,2.05,2.66,0.13,3.52,8.67,1.0,2.0,0.95,148.08,0.59,0.621,13,5,0.567,0.56,0.867,0.0,0.804,69.2,0.474
11.21,1.68,6.58,0.35,10.16,16.01,0.35,8.0,0.55,42.03,0.67,0.242,2,12,0.578,0.079,0.884,1.0,0.606,37.7,0.516
8.25,5.15,7.03,0.28,7.15,13.1,0.58,6.0,0.88,90.89,0.91,0.431,9,12,0.859,0.901,0.769,0.0,0.577,38.9,0.296
11.4,2.42,6.96,0.28,10.21,18.1,0.35,8.0,0.55,70.05,0.91,0.459,9,3,0.492,0.343,0.615,0.0,0.711,44.4,0.455
5.0,5.39,3.34,0.15,4.48,10.0,0.58,6.0,0.88,142.0,0.72,0.412,10,8,0.546,0.853,0.539,1.0,0.898,47.9,0.451
1.72,0.88,16.8,0.81,-0.19,1.48,1.0,2.0,0.95,171.75,0.84,0.604,8,3,0.949,0.817,0.575,1.0,0.908,46.8,0.488
6.67,1.98,13.87,0.68,4.92,6.48,0.35,8.0,0.55,123.16,0.56,0.557,4,8,0.948,0.822,0.933,0.0,0.937,34.1,0.354
1.38,8.21,5.06,0.26,0.56,2.26,0.35,8.0,0.55,174.56,0.68,0.901,14,9,0.873,0.26,0.89,1.0,0.381,66.0,0.599
6.57,4.11,12.18,0.49,5.48,7.82,0.82,4.0,1.0,62.78,0.88,0.19,15,8,0.69,0.577,0.632,1.0,0.606,49.3,0.433
8.69,4.28,0.84,0.03,7.81,22.87,0.58,6.0,0.88,147.12,0.92,0.936,3,1,0.942,0.367,0.776,0.0,0.373,64.2,0.46
5.57,0.34,3.35,0.15,4.45,11.14,0.82,4.0,1.0,36.69,0.74,0.624,8,10,0.817,0.123,0.933,1.0,0.683,63.1,0.557
6.85,0.91,3.57,0.15,6.15,13.7,0.82,4.0,1.0,29.44,0.9,0.217,1,10,0.792,0.576,0.766,1.0,0.844,50.1,0.542
7.92,5.68,12.29,0.45,7.09,9.9,0.58,6.0,0.88,28.84,0.86,0.824,8,12,0.776,0.894,0.75,0.0,0.351,35.6,0.276
5.94,1.03,4.08,0.18,5.08,11.21,0.82,4.0,1.0,175.01,0.76,0.137,2,9,0.967,0.046,0.509,1.0,0.846,57.5,0.603
6.28,0.92,0.69,0.04,5.88,16.1,0.82,4.0,1.0,72.56,0.71,0.853,18,4,0.923,0.558,0.725,0.0,0.795,70.2,0.503
10.64,6.72,9.61,0.47,9.58,12.98,0.35,8.0,0.55,37.65,0.75,0.3,5,4,0.969,0.964,0.97,0.0,0.439,27.0,0.266
3.62,1.67,5.26,0.19,2.89,6.7,1.0,2.0,0.95,178.29,0.94,0.588,6,3,0.839,0.354,0.433,0.0,0.867,67.0,0.575
3.01,0.26,7.01,0.27,1.95,4.85,0.82,4.0,1.0,130.53,0.94,0.282,4,9,0.479,0.397,0.86,1.0,0.416,59.3,0.539
2.45,3.71,5.49,0.29,1.43,3.83,0.58,6.0,0.88,28.43,0.95,0.118,13,3,0.663,0.057,0.855,1.0,0.494,66.3,0.609
3.88,2.11,4.98,0.22,3.1,6.81,0.58,6.0,0.88,46.75,0.58,0.216,3,6,0.496,0.977,0.555,0.0,0.707,45.6,0.325
3.38,5.03,12.07,0.51,2.3,3.93,0.35,8.0,0.55,177.29,0.82,0.478,16,6,0.877,0.06,0.866,0.0,0.361,49.6,0.483
0.72,1.91,8.93,0.46,-0.55,0.89,1.0,2.0,0.95,28.64,0.58,0.242,8,12,0.678,0.947,0.634,1.0,0.606,43.4,0.344
0.88,1.9,16.08,0.79,-0.84,0.77,0.82,4.0,1.0,177.35,0.63,0.466,13,11,0.855,0.46,0.597,1.0,0.759,58.3,0.391
7.08,3.03,16.2,0.65,5.92,7.08,0.82,4.0,1.0,22.52,0.59,0.781,11,5,0.55,0.954,0.79,1.0,0.464,35.9,0.329
3.37,0.81,0.42,0.02,2.41,9.11,1.0,2.0,0.95,50.47,0.68,0.658,10,8,0.454,0.05,0.481,1.0,0.599,65.0,0.635
5.88,2.66,8.06,0.36,5.01,8.28,0.35,8.0,0.55,169.5,0.74,0.241,12,7,0.816,0.034,0.898,0.0,0.365,43.8,0.381
3.71,0.21,13.3,0.48,2.5,4.47,0.82,4.0,1.0,111.73,0.98,0.469,4,11,0.75,0.358,0.73,1.0,0.49,57.1,0.564
8.37,1.62,6.3,0.32,7.66,12.49,0.35,8.0,0.55,75.61,0.64,0.335,3,6,0.775,0.916,0.76,1.0,0.735,33.8,0.373
3.12,8.56,13.57,0.51,1.56,3.63,0.35,8.0,0.55,54.0,0.65,0.724,3,5,0.774,0.396,0.938,0.0,0.824,49.8,0.455
2.87,3.0,4.08,0.15,1.72,5.74,0.58,6.0,0.88,48.96,0.79,0.692,18,3,0.527,0.048,0.59,1.0,0.431,63.4,0.622
7.42,2.96,9.6,0.37,6.36,10.31,0.82,4.0,1.0,154.75,0.67,0.287,4,1,0.979,0.76,0.658,0.0,0.786,53.7,0.406
2.82,0.7,15.33,0.71,1.62,2.66,1.0,2.0,0.95,128.34,0.74,0.37,5,3,0.47,0.01,0.575,1.0,0.884,61.1,0.572
4.4,3.63,2.55,0.1,3.75,9.78,0.82,4.0,1.0,26.27,0.6,0.747,15,6,0.905,0.864,0.707,1.0,0.47,52.3,0.482
11.1,4.91,7.74,0.3,9.77,17.08,0.35,8.0,0.55,110.49,0.97,0.298,12,9,0.608,0.259,0.59,1.0,0.489,36.8,0.511
0.79,1.39,16.02,0.8,-0.61,0.69,0.58,6.0,0.88,168.04,0.88,0.082,8,4,0.614,0.293,0.554,0.0,0.763,45.2,0.285
8.31,3.69,13.35,0.54,6.96,9.34,0.35,8.0,0.55,141.09,0.79,0.077,18,11,0.616,0.708,0.482,1.0,0.59,39.1,0.378
3.68,2.14,7.89,0.38,2.65,5.04,1.0,2.0,0.95,35.52,0.57,0.247,11,1,0.532,0.537,0.859,1.0,0.947,58.7,0.604
4.21,2.27,8.07,0.38,2.84,5.77,0.58,6.0,0.88,166.17,0.62,0.241,17,3,0.781,0.234,0.479,0.0,0.558,54.8,0.401
6.63,1.05,3.95,0.19,5.79,12.28,0.82,4.0,1.0,14.05,0.86,0.687,14,8,0.644,0.816,0.654,1.0,0.439,43.1,0.441
2.63,4.95,3.12,0.13,2.07,5.48,0.58,6.0,0.88,15.93,0.96,0.915,18,5,0.883,0.171,0.417,1.0,0.802,69.3,0.595
4.21,2.04,17.04,0.66,2.61,4.17,0.82,4.0,1.0,143.9,0.96,0.066,15,12,0.536,0.163,0.862,1.0,0.383,55.4,0.536
10.57,2.32,15.9,0.7,8.96,10.07,0.35,8.0,0.55,20.08,0.96,0.66,16,6,0.887,0.414,0.761,0.0,0.933,37.1,0.363
4.19,4.05,2.77,0.11,3.3,9.11,0.82,4.0,1.0,62.43,0.94,0.111,5,6,0.767,0.803,0.739,1.0,0.593,55.3,0.47
8.72,4.8,2.65,0.13,8.13,18.17,0.58,6.0,0.88,35.4,0.81,0.943,6,2,0.519,0.086,0.427,1.0,0.959,51.1,0.602
9.35,6.55,0.9,0.03,8.24,24.61,0.35,8.0,0.55,15.16,0.93,0.87,16,5,0.818,0.798,0.941,0.0,0.572,49.1,0.381
6.7,1.22,5.73,0.21,5.59,11.96,0.58,6.0,0.88,89.93,0.63,0.185,16,7,0.847,0.25,0.723,0.0,0.453,47.8,0.381
1.16,0.82,12.22,0.49,0.2,1.38,0.82,4.0,1.0,158.47,0.72,0.96,7,12,0.84,0.692,0.874,0.0,0.965,72.8,0.509
1.92,1.86,8.98,0.37,0.52,2.67,1.0,2.0,0.95,4.09,0.76,0.814,1,6,0.775,0.378,0.694,1.0,0.395,56.9,0.507
5.89,5.51,16.27,0.74,4.36,5.4,0.35,8.0,0.55,39.24,0.98,0.618,11,7,0.574,0.185,0.934,1.0,0.551,42.5,0.546
0.48,0.4,7.19,0.31,-0.2,0.73,0.82,4.0,1.0,109.62,0.56,0.4,6,3,0.764,0.117,0.587,1.0,0.488,59.8,0.523
2.94,2.19,12.03,0.46,1.68,3.63,0.35,8.0,0.55,32.68,0.83,0.332,6,1,0.679,0.076,0.785,0.0,0.757,53.8,0.427
5.53,1.02,9.69,0.37,4.87,7.68,0.82,4.0,1.0,104.15,0.93,0.263,6,2,0.884,0.084,0.893,0.0,0.948,57.6,0.456
5.03,6.02,2.03,0.09,4.56,11.43,0.58,6.0,0.88,79.51,0.74,0.525,13,5,0.924,0.104,0.738,1.0,0.515,60.7,0.571
7.21,5.53,12.13,0.66,5.97,7.14,0.58,6.0,0.88,103.46,0.78,0.936,15,11,0.728,0.245,0.582,1.0,0.839,58.2,0.601
9.0,2.67,5.59,0.22,8.02,15.79,0.58,6.0,0.88,130.91,0.65,0.676,4,10,0.525,0.93,0.869,0.0,0.397,36.4,0.259
0.58,0.4,4.55,0.23,-0.73,1.0,1.0,2.0,0.95,52.09,0.77,0.536,4,2,0.7,0.615,0.489,1.0,0.721,62.7,0.455
3.71,1.15,3.58,0.14,3.3,7.57,1.0,2.0,0.95,41.04,0.74,0.439,6,12,0.451,0.005,0.943,0.0,0.69,57.4,0.481
0.37,1.41,5.88,0.3,-0.39,0.57,1.0,2.0,0.95,96.24,0.66,0.724,12,9,0.815,0.925,0.889,0.0,0.766,60.0,0.37
2.67,1.2,7.78,0.3,1.48,4.11,1.0,2.0,0.95,168.17,0.94,0.218,18,4,0.917,0.502,0.918,0.0,0.485,64.9,0.509
2.95,1.42,15.9,0.58,1.34,3.17,1.0,2.0,0.95,135.51,0.9,0.218,15,2,0.581,0.552,0.96,0.0,0.351,55.2,0.36
1.79,1.03,10.96,0.58,0.5,1.92,0.82,4.0,1.0,92.44,0.99,0.382,6,8,0.841,0.728,0.437,1.0,0.555,68.6,0.589
2.44,1.98,8.87,0.47,1.68,2.98,1.0,2.0,0.95,136.48,0.88,0.834,6,1,0.786,0.934,0.703,1.0,0.506,63.1,0.466
11.02,1.07,16.53,0.66,9.81,10.91,0.35,8.0,0.55,107.63,0.81,0.557,8,9,0.817,0.35,0.689,0.0,0.974,44.5,0.381
4.55,6.14,14.8,0.63,3.02,4.64,0.35,8.0,0.55,110.87,0.71,0.838,5,6,0.688,0.308,0.694,0.0,0.566,45.2,0.371
7.36,0.13,8.0,0.38,6.61,10.08,0.35,8.0,0.55,155.37,0.56,0.305,16,3,0.855,0.412,0.742,1.0,0.39,44.6,0.485
0.59,0.08,14.07,0.62,-0.86,0.61,0.35,8.0,0.55,90.65,0.8,0.701,10,7,0.596,0.954,0.512,1.0,0.421,37.5,0.224
6.14,5.56,3.71,0.15,5.28,12.28,0.35,8.0,0.55,96.91,1.0,0.328,18,1,0.591,0.316,0.86,0.0,0.768,52.5,0.433
2.03,0.42,15.04,0.54,1.1,2.28,1.0,2.0,0.95,26.84,0.76,0.427,10,9,0.769,0.061,0.887,0.0,0.52,65.1,0.491
4.32,0.05,15.79,0.67,3.24,4.24,1.0,2.0,0.95,120.5,0.57,0.508,18,9,0.576,0.595,0.675,0.0,0.699,54.8,0.467
1.12,2.11,14.19,0.52,0.31,1.29,1.0,2.0,0.95,39.89,0.86,0.734,13,2,0.764,0.869,0.746,0.0,0.361,64.1,0.393
1.24,1.76,10.18,0.39,-0.23,1.68,0.58,6.0,0.88,120.36,0.95,0.329,15,10,0.477,0.761,0.93,0.0,0.762,49.7,0.311
0.51,1.41,3.67,0.17,-0.49,0.98,1.0,2.0,0.95,10.47,0.67,0.331,9,3,0.769,0.938,0.628,1.0,0.769,53.3,0.416
9.48,3.32,5.42,0.29,8.82,14.81,0.35,8.0,0.55,140.51,0.6,0.915,14,8,0.523,0.932,0.846,0.0,0.942,36.6,0.34
2.51,6.15,11.66,0.56,1.03,2.76,0.58,6.0,0.88,48.03,0.69,0.906,10,9,0.603,0.785,0.616,0.0,0.728,55.8,0.362
4.17,1.41,8.8,0.47,3.33,5.09,0.82,4.0,1.0,61.28,0.71,0.147,2,1,0.843,0.394,0.782,0.0,0.936,56.0,0.494
2.99,6.86,2.58,0.09,2.23,6.8,0.35,8.0,0.55,77.76,0.67,0.66,8,10,0.634,0.321,0.792,1.0,0.458,58.9,0.526
1.63,5.68,1.83,0.1,0.85,3.62,0.58,6.0,0.88,89.09,0.83,0.476,2,6,0.936,0.529,0.769,1.0,0.544,68.8,0.574
2.81,1.56,6.59,0.33,1.57,4.13,0.58,6.0,0.88,54.97,0.94,0.745,10,2,0.892,0.844,0.469,1.0,0.792,60.6,0.527
3.0,5.95,3.66,0.17,2.16,5.77,0.58,6.0,0.88,97.11,0.65,0.169,7,7,0.494,0.788,0.799,0.0,0.87,57.7,0.443
3.4,0.21,8.54,0.37,2.63,4.72,0.82,4.0,1.0,164.62,0.58,0.805,16,9,0.702,0.01,0.88,1.0,0.466,68.3,0.601
2.64,0.71,5.88,0.24,1.36,4.47,1.0,2.0,0.95,131.75,0.77,0.815,17,1,0.504,0.565,0.462,1.0,0.782,68.0,0.566
5.89,6.48,7.97,0.37,5.13,8.18,0.35,8.0,0.55,146.01,0.81,0.112,10,4,0.561,0.396,0.741,1.0,0.91,48.7,0.524
0.83,3.9,10.55,0.58,-0.03,0.89,0.58,6.0,0.88,10.58,0.82,0.373,8,10,0.459,0.906,0.883,1.0,0.453,39.8,0.405
7.75,2.59,5.17,0.21,6.96,13.84,0.35,8.0,0.55,133.03,0.78,0.541,15,10,0.646,0.171,0.928,1.0,0.869,53.8,0.554
7.25,0.88,9.33,0.49,6.01,8.63,0.58,6.0,0.88,33.89,0.58,0.758,15,12,0.736,0.66,0.784,0.0,0.867,47.0,0.4
10.37,4.09,16.67,0.65,9.02,10.37,0.35,8.0,0.55,165.03,0.67,0.362,4,5,0.871,0.206,0.688,0.0,0.68,38.3,0.389
1.29,0.52,0.53,0.02,0.73,3.49,1.0,2.0,0.95,79.33,0.79,0.787,8,10,0.973,0.492,0.712,1.0,0.946,80.7,0.611
4.15,1.38,16.5,0.6,2.69,4.37,1.0,2.0,0.95,114.19,0.63,0.15,15,10,0.475,0.316,0.725,1.0,0.933,57.7,0.549
1.17,5.48,5.64,0.24,0.04,1.98,0.58,6.0,0.88,136.31,0.76,0.762,11,4,0.517,0.395,0.833,0.0,0.427,64.3,0.474
1.63,1.89,2.26,0.1,0.88,3.62,1.0,2.0,0.95,25.92,0.94,0.382,8,12,0.676,0.574,0.8,1.0,0.871,74.3,0.669
0.57,0.75,15.83,0.75,-1.04,0.52,1.0,2.0,0.95,38.77,0.58,0.376,17,8,0.559,0.758,0.481,1.0,0.4,53.4,0.311
6.69,1.88,4.36,0.18,5.66,12.62,0.35,8.0,0.55,113.54,0.8,0.977,14,2,0.644,0.956,0.661,0.0,0.404,40.3,0.284
3.02,4.31,3.35,0.16,1.86,5.92,0.35,8.0,0.55,20.02,0.68,0.423,2,11,0.521,0.508,0.539,1.0,0.464,45.7,0.431
11.46,5.74,7.38,0.34,10.66,16.61,0.35,8.0,0.55,33.52,0.59,0.817,9,2,0.883,0.683,0.444,0.0,0.743,44.3,0.426
6.16,1.39,9.64,0.37,4.76,8.56,0.58,6.0,0.88,74.91,0.67,0.977,4,1,0.55,0.56,0.401,1.0,0.967,51.0,0.488
2.68,1.23,15.43,0.58,1.63,2.88,0.35,8.0,0.55,48.13,0.67,0.16,8,10,0.618,0.211,0.413,1.0,0.712,45.0,0.518
6.71,5.69,11.87,0.49,5.15,7.99,0.58,6.0,0.88,165.74,0.81,0.214,18,5,0.947,0.509,0.844,1.0,0.825,51.8,0.571
6.29,3.39,9.68,0.36,5.56,8.86,0.82,4.0,1.0,89.39,0.75,0.894,1,11,0.963,0.806,0.957,0.0,0.847,53.4,0.448
7.45,5.07,0.63,0.03,6.99,19.61,0.58,6.0,0.88,91.69,0.79,0.112,16,4,0.741,0.443,0.833,0.0,0.811,52.6,0.411
5.36,7.31,1.7,0.07,4.53,12.76,0.35,8.0,0.55,112.84,0.6,0.954,7,9,0.888,0.873,0.962,0.0,0.693,47.5,0.344
7.28,4.07,1.22,0.05,6.25,18.2,0.82,4.0,1.0,43.41,0.59,0.083,12,8,0.695,0.007,0.84,0.0,0.362,56.8,0.463
1.26,1.46,4.87,0.17,0.64,2.42,0.58,6.0,0.88,100.05,0.58,0.64,10,2,0.956,0.924,0.484,1.0,0.693,62.8,0.536
2.03,3.46,4.6,0.17,1.26,3.9,0.35,8.0,0.55,34.63,0.72,0.992,10,3,0.548,0.014,0.883,0.0,0.459,61.2,0.495
0.53,0.71,9.47,0.5,-0.54,0.62,1.0,2.0,0.95,10.95,0.56,0.569,15,12,0.796,0.056,0.939,0.0,0.37,51.3,0.384
10.31,3.67,2.44,0.1,9.79,22.91,0.35,8.0,0.55,172.6,0.81,0.059,15,8,0.771,0.03,0.456,0.0,0.436,47.0,0.431
0.48,1.04,11.08,0.59,-1.0,0.51,1.0,2.0,0.95,8.16,0.75,0.202,4,4,0.736,0.381,0.424,1.0,0.907,51.1,0.384
1.21,3.55,4.57,0.17,0.19,2.33,0.82,4.0,1.0,51.72,0.73,0.156,16,2,0.752,0.547,0.976,0.0,0.649,65.8,0.444
3.26,4.33,2.6,0.13,2.62,6.79,0.82,4.0,1.0,154.52,0.97,0.175,12,3,0.499,0.397,0.484,0.0,0.485,64.8,0.501
7.17,4.03,11.96,0.66,6.03,7.1,0.82,4.0,1.0,134.06,0.75,0.85,6,7,0.777,0.208,0.506,1.0,0.549,54.7,0.505
1.23,4.12,14.73,0.58,0.38,1.32,0.35,8.0,0.55,174.78,0.61,0.951,12,10,0.736,0.112,0.421,0.0,0.417,60.5,0.453
1.23,0.97,15.86,0.57,-0.19,1.34,1.0,2.0,0.95,132.39,0.91,0.891,9,8,0.745,0.791,0.927,1.0,0.43,57.7,0.524
2.93,0.63,8.21,0.45,1.59,3.66,1.0,2.0,0.95,80.02,0.85,0.978,4,10,0.467,0.292,0.891,0.0,0.404,60.0,0.399
3.16,4.23,11.26,0.43,1.81,4.05,0.82,4.0,1.0,176.38,0.68,0.306,14,5,0.688,0.951,0.692,0.0,0.491,56.4,0.367
4.3,1.02,15.4,0.78,2.42,3.81,0.58,6.0,0.88,37.48,0.88,0.702,5,1,0.64,0.329,0.91,0.0,0.351,48.2,0.398
3.12,2.6,12.86,0.58,2.09,3.35,0.35,8.0,0.55,21.8,0.55,0.54,3,2,0.584,0.406,0.402,0.0,0.592,48.7,0.421
1.34,2.2,16.81,0.66,-0.06,1.33,0.82,4.0,1.0,96.68,0.9,0.74,2,7,0.455,0.795,0.595,0.0,0.944,56.0,0.424
11.5,3.45,0.73,0.04,10.7,29.49,0.35,8.0,0.55,151.73,0.82,0.313,8,4,0.68,0.89,0.819,0.0,0.95,36.8,0.284
1.99,1.47,10.0,0.46,1.06,2.46,1.0,2.0,0.95,91.22,0.89,0.965,10,3,0.966,0.189,0.551,0.0,0.393,70.7,0.542
4.13,0.25,5.79,0.21,3.15,7.38,0.58,6.0,0.88,46.57,0.81,0.719,13,7,0.684,0.716,0.455,0.0,0.518,54.7,0.338
5.4,2.39,1.65,0.07,4.3,12.86,0.82,4.0,1.0,118.17,0.78,0.617,10,1,0.529,0.891,0.482,1.0,0.666,54.9,0.463
8.63,3.11,14.21,0.66,6.89,8.54,0.58,6.0,0.88,75.26,0.62,0.934,12,8,0.459,0.295,0.492,0.0,0.975,48.7,0.404
1.33,0.81,7.54,0.4,0.53,1.77,0.58,6.0,0.88,114.42,0.7,0.586,10,11,0.909,0.398,0.912,0.0,0.643,64.5,0.429
4.9,0.52,2.3,0.11,4.42,10.65,0.35,8.0,0.55,17.43,0.59,0.885,6,4,0.971,0.127,0.826,1.0,0.393,50.8,0.471
9.01,4.74,0.21,0.01,8.38,25.03,0.58,6.0,0.88,59.87,0.98,0.783,9,5,0.652,0.046,0.908,0.0,0.913,63.5,0.524
6.44,1.35,14.85,0.81,4.85,5.55,0.82,4.0,1.0,61.26,0.55,0.524,7,12,0.614,0.845,0.55,1.0,0.702,43.3,0.445
6.31,1.48,5.72,0.3,5.18,9.71,0.35,8.0,0.55,149.04,0.85,0.224,15,1,0.72,0.847,0.808,1.0,0.939,49.1,0.525
6.47,1.25,1.38,0.05,5.42,16.18,0.82,4.0,1.0,159.33,0.73,0.568,17,5,0.869,0.293,0.671,0.0,0.767,65.8,0.525
0.49,2.75,16.79,0.64,-0.66,0.49,0.58,6.0,0.88,102.68,1.0,0.975,5,4,0.616,0.272,0.521,0.0,0.544,53.5,0.36
6.46,8.34,2.71,0.13,5.54,13.46,0.35,8.0,0.55,152.14,0.82,0.764,6,6,0.586,0.786,0.41,1.0,0.766,48.4,0.454
4.3,0.27,12.78,0.56,3.32,4.73,1.0,2.0,0.95,99.98,0.79,0.49,1,11,0.677,0.307,0.596,1.0,0.665,59.7,0.608
3.07,0.65,14.42,0.62,1.36,3.16,1.0,2.0,0.95,74.12,0.94,0.067,4,2,0.976,0.182,0.493,1.0,0.546,60.4,0.551
2.12,0.18,12.75,0.69,0.66,2.04,0.82,4.0,1.0,171.29,0.74,0.833,8,8,0.525,0.714,0.772,1.0,0.383,61.6,0.476
1.1,1.99,14.91,0.62,-0.55,1.13,0.82,4.0,1.0,10.81,0.59,0.312,1,4,0.608,0.937,0.872,0.0,0.417,34.1,0.215
8.85,4.9,0.82,0.03,7.82,23.29,0.35,8.0,0.55,136.87,0.95,0.198,12,11,0.829,0.978,0.975,1.0,0.412,42.6,0.448
9.51,2.93,6.56,0.36,8.8,13.39,0.35,8.0,0.55,38.67,0.75,0.262,17,3,0.824,0.023,0.935,1.0,0.679,40.7,0.472
7.03,0.54,4.08,0.21,6.22,12.55,0.35,8.0,0.55,77.96,0.8,0.536,16,3,0.519,0.203,0.746,1.0,0.508,48.2,0.472
3.82,3.69,0.73,0.03,3.06,10.05,0.82,4.0,1.0,20.88,0.96,0.223,10,9,0.458,0.723,0.718,1.0,0.643,61.9,0.481
5.01,2.96,5.28,0.2,4.45,9.11,0.82,4.0,1.0,157.99,0.98,0.204,4,7,0.76,0.789,0.623,1.0,0.697,62.6,0.51
0.57,7.06,12.28,0.57,-0.62,0.62,0.35,8.0,0.55,124.84,0.66,0.857,12,12,0.847,0.877,0.482,1.0,0.385,37.9,0.283
7.88,2.59,0.08,0.0,7.45,22.51,0.58,6.0,0.88,66.79,0.99,0.957,17,5,0.923,0.157,0.892,0.0,0.741,65.5,0.528
5.31,1.97,1.19,0.07,4.73,12.64,0.58,6.0,0.88,21.07,0.74,0.819,3,1,0.618,0.229,0.485,1.0,0.924,59.1,0.623
8.14,3.59,14.3,0.7,6.45,7.75,0.35,8.0,0.55,111.37,0.7,0.344,3,2,0.452,0.017,0.469,1.0,0.925,41.2,0.57
3.86,3.62,10.53,0.47,2.32,4.71,0.82,4.0,1.0,58.97,0.66,0.37,4,3,0.739,0.076,0.66,1.0,0.558,54.5,0.53
7.35,3.31,1.77,0.08,6.89,17.09,0.58,6.0,0.88,154.03,0.84,0.774,15,3,0.57,0.383,0.489,1.0,0.624,60.4,0.622
4.22,3.08,2.54,0.12,3.47,8.98,0.58,6.0,0.88,6.86,0.64,0.836,15,2,0.642,0.806,0.838,1.0,0.685,51.2,0.452
1.47,1.1,5.52,0.27,0.94,2.37,1.0,2.0,0.95,35.06,0.75,0.83,10,9,0.899,0.706,0.79,1.0,0.381,75.3,0.559
7.99,3.57,2.66,0.12,7.15,17.0,0.35,8.0,0.55,150.44,1.0,0.476,14,5,0.522,0.445,0.918,0.0,0.441,51.0,0.443
7.09,0.96,9.87,0.36,6.08,9.99,0.82,4.0,1.0,125.11,0.71,0.169,17,7,0.833,0.836,0.752,1.0,0.914,50.9,0.534
6.94,2.1,1.04,0.05,6.33,17.35,0.35,8.0,0.55,43.89,0.55,0.799,17,10,0.859,0.474,0.735,0.0,0.953,51.9,0.485
10.96,6.84,5.66,0.23,9.85,18.9,0.35,8.0,0.55,75.25,0.58,0.5,15,8,0.827,0.344,0.492,0.0,0.72,45.6,0.377
1.7,1.24,3.78,0.17,0.57,3.27,0.58,6.0,0.88,83.07,0.64,0.107,6,3,0.95,0.147,0.46,0.0,0.877,67.2,0.556
5.1,1.11,8.85,0.4,4.4,6.8,0.35,8.0,0.55,54.43,0.83,0.566,4,5,0.592,0.552,0.735,0.0,0.37,40.3,0.288
11.0,0.12,10.52,0.4,10.19,14.67,0.35,8.0,0.55,161.93,0.89,0.995,18,1,0.501,0.979,0.554,1.0,0.519,41.5,0.358
4.82,1.02,15.9,0.62,3.17,4.97,1.0,2.0,0.95,145.51,0.59,0.928,15,1,0.921,0.685,0.946,1.0,0.717,63.3,0.543
2.4,8.07,6.78,0.34,1.71,3.48,0.35,8.0,0.55,145.88,0.62,0.315,15,7,0.969,0.916,0.403,0.0,0.953,49.1,0.373
2.73,1.07,6.3,0.25,1.54,4.55,0.58,6.0,0.88,99.91,0.6,0.623,8,3,0.695,0.158,0.84,0.0,0.691,58.3,0.529
4.58,0.53,11.74,0.56,3.11,5.03,1.0,2.0,0.95,147.44,0.58,0.839,14,8,0.659,0.331,0.5,0.0,0.698,57.3,0.518
3.3,6.6,10.55,0.58,1.86,3.55,0.35,8.0,0.55,92.01,0.8,0.336,1,7,0.847,0.994,0.837,0.0,0.457,40.1,0.317
3.26,1.86,3.09,0.17,2.68,6.27,1.0,2.0,0.95,15.84,0.72,0.834,10,4,0.778,0.279,0.714,0.0,0.718,58.0,0.429
2.12,0.8,17.23,0.84,0.97,1.78,0.82,4.0,1.0,29.41,0.72,0.669,11,6,0.902,0.059,0.759,0.0,0.973,64.7,0.579
1.51,0.92,9.08,0.39,0.39,2.04,1.0,2.0,0.95,125.74,0.64,0.234,8,4,0.914,0.295,0.543,0.0,0.723,63.8,0.533
2.14,1.66,9.69,0.4,1.39,2.85,1.0,2.0,0.95,150.03,0.9,0.765,3,3,0.916,0.058,0.852,1.0,0.547,78.5,0.683
7.15,0.56,4.37,0.19,6.54,13.24,0.82,4.0,1.0,87.64,0.69,0.403,6,2,0.93,0.384,0.745,1.0,0.754,61.3,0.626
6.04,5.27,10.55,0.53,4.88,6.86,0.58,6.0,0.88,127.13,0.59,0.404,13,3,0.95,0.855,0.559,1.0,0.445,46.8,0.456
3.16,0.95,16.3,0.65,1.5,3.16,0.35,8.0,0.55,77.78,0.75,0.778,1,1,0.753,0.158,0.83,1.0,0.549,52.0,0.489
5.39,0.32,12.44,0.47,4.37,6.57,0.82,4.0,1.0,58.57,0.67,0.734,5,2,0.758,0.105,0.538,0.0,0.676,55.8,0.525
7.46,2.33,10.9,0.57,6.05,8.11,0.35,8.0,0.55,46.74,0.61,0.972,17,9,0.575,0.819,0.764,1.0,0.791,38.9,0.39
5.61,4.27,5.45,0.23,4.71,9.67,0.82,4.0,1.0,78.79,0.84,0.838,7,4,0.917,0.758,0.742,1.0,0.573,60.6,0.537
1.2,1.05,9.77,0.47,0.11,1.46,1.0,2.0,0.95,12.2,0.78,0.655,12,12,0.729,0.192,0.829,0.0,0.963,62.5,0.512
1.85,6.95,0.32,0.01,1.25,5.14,0.35,8.0,0.55,24.31,0.81,0.21,10,4,0.907,0.638,0.585,1.0,0.4,65.9,0.505
1.58,3.83,0.16,0.01,1.16,4.39,0.82,4.0,1.0,131.82,0.85,0.654,6,5,0.687,0.552,0.509,1.0,0.905,85.0,0.631
6.02,1.12,4.92,0.24,5.04,10.2,0.82,4.0,1.0,107.74,0.9,0.625,14,7,0.54,0.694,0.423,1.0,0.601,56.5,0.553
7.93,0.39,10.45,0.47,7.05,9.67,0.58,6.0,0.88,86.94,0.68,0.087,8,10,0.49,0.737,0.449,0.0,0.505,42.6,0.343
1.31,1.35,8.35,0.44,0.12,1.66,0.82,4.0,1.0,70.05,0.55,0.094,1,9,0.526,0.486,0.422,1.0,0.527,57.2,0.553
9.62,0.53,17.56,0.66,8.38,9.52,0.35,8.0,0.55,40.87,0.79,0.942,1,1,0.753,0.228,0.501,1.0,0.617,43.1,0.492
6.48,2.98,3.7,0.14,5.92,13.22,0.82,4.0,1.0,75.05,0.56,0.94,9,5,0.828,0.965,0.574,0.0,0.801,52.0,0.355
1.41,4.96,8.28,0.37,0.23,1.96,0.58,6.0,0.88,71.13,0.71,0.953,2,7,0.905,0.208,0.546,1.0,0.463,69.0,0.645
9.37,4.19,15.45,0.81,7.84,8.08,0.35,8.0,0.55,5.52,0.59,0.854,7,3,0.609,0.183,0.912,1.0,0.703,40.3,0.471
1.06,3.3,3.94,0.18,-0.03,2.0,0.58,6.0,0.88,143.71,0.78,0.419,9,8,0.752,0.997,0.496,1.0,0.837,48.2,0.426
3.34,2.52,5.06,0.22,2.7,5.86,0.82,4.0,1.0,79.23,0.87,0.11,1,1,0.766,0.227,0.907,1.0,0.653,69.5,0.583
8.45,2.1,14.04,0.58,6.91,9.09,0.35,8.0,0.55,7.79,0.9,0.503,3,5,0.806,0.05,0.683,1.0,0.814,38.1,0.506
2.87,3.04,7.13,0.33,1.83,4.22,0.58,6.0,0.88,82.34,0.84,0.863,14,5,0.925,0.849,0.476,1.0,0.826,55.8,0.563
2.24,0.69,12.49,0.54,0.76,2.52,1.0,2.0,0.95,134.88,0.81,0.941,5,8,0.702,0.696,0.735,0.0,0.357,63.2,0.404
7.6,7.38,6.93,0.33,6.82,11.18,0.35,8.0,0.55,75.32,0.95,0.082,2,4,0.824,0.444,0.931,0.0,0.483,39.6,0.37
0.51,1.81,12.62,0.47,-0.31,0.62,0.82,4.0,1.0,168.08,0.63,0.224,14,8,0.933,0.642,0.85,0.0,0.836,61.5,0.427
4.02,4.45,5.93,0.25,2.82,6.7,0.35,8.0,0.55,70.92,0.89,0.594,7,5,0.81,0.169,0.699,1.0,0.972,51.9,0.616
8.11,5.58,11.46,0.48,7.26,9.77,0.58,6.0,0.88,22.99,0.75,0.299,18,7,0.855,0.765,0.716,1.0,0.78,44.6,0.455
1.69,0.32,1.26,0.05,0.9,4.23,0.82,4.0,1.0,173.26,0.95,0.064,7,10,0.758,0.767,0.695,0.0,0.774,77.2,0.517
3.86,2.49,7.54,0.36,2.5,5.44,0.82,4.0,1.0,38.33,0.91,0.49,15,12,0.935,0.006,0.645,1.0,0.735,59.9,0.618
0.57,3.17,10.64,0.43,-0.68,0.73,0.82,4.0,1.0,175.1,0.59,0.783,11,5,0.814,0.64,0.802,0.0,0.528,64.7,0.354
5.36,8.75,10.78,0.58,4.24,5.76,0.35,8.0,0.55,97.87,0.64,0.399,17,3,0.958,0.272,0.726,1.0,0.765,48.1,0.477
5.95,3.07,14.8,0.79,4.29,5.22,0.82,4.0,1.0,21.87,0.76,0.867,1,7,0.786,0.954,0.557,0.0,0.777,38.3,0.337
0.88,1.45,4.55,0.18,-0.33,1.66,1.0,2.0,0.95,119.15,0.96,0.671,3,6,0.451,0.939,0.849,0.0,0.65,56.1,0.395
7.38,0.42,15.84,0.79,5.9,6.47,0.35,8.0,0.55,98.02,0.78,0.903,3,8,0.534,0.15,0.496,1.0,0.697,44.9,0.555
8.06,2.19,17.04,0.69,7.1,7.75,0.58,6.0,0.88,28.22,0.78,0.6,11,10,0.547,0.647,0.766,0.0,0.397,41.6,0.325
4.05,1.95,6.93,0.36,2.76,5.7,1.0,2.0,0.95,74.29,0.61,0.58,17,3,0.896,0.24,0.47,0.0,0.75,64.1,0.564
2.52,7.94,4.76,0.23,1.76,4.34,0.35,8.0,0.55,107.89,0.83,0.225,9,6,0.979,0.68,0.908,0.0,0.401,51.3,0.404
2.48,2.91,6.73,0.3,1.91,3.82,0.82,4.0,1.0,18.02,0.97,0.959,15,6,0.582,0.183,0.927,1.0,0.605,70.8,0.653
4.71,2.87,8.08,0.42,3.4,6.12,0.82,4.0,1.0,45.13,0.69,0.852,10,1,0.637,0.222,0.843,1.0,0.666,60.5,0.587
9.16,6.87,5.01,0.28,8.42,14.54,0.35,8.0,0.55,73.22,0.87,0.848,17,9,0.528,0.352,0.816,1.0,0.979,47.1,0.519
4.93,8.79,17.29,0.85,3.8,4.11,0.35,8.0,0.55,73.78,0.76,0.787,17,7,0.6,0.074,0.616,1.0,0.707,49.0,0.599
1.31,0.27,4.62,0.19,0.54,2.43,0.82,4.0,1.0,31.51,0.73,0.639,1,7,0.671,0.073,0.663,1.0,0.461,72.0,0.619
4.55,3.26,14.24,0.56,3.53,5.0,0.82,4.0,1.0,59.07,0.8,0.504,13,9,0.723,0.71,0.662,0.0,0.584,57.0,0.354
1.62,1.18,0.88,0.03,0.65,4.26,1.0,2.0,0.95,161.35,0.92,0.141,7,10,0.73,0.19,0.843,0.0,0.447,69.1,0.449
4.97,0.67,0.89,0.03,4.1,13.08,1.0,2.0,0.95,167.53,0.62,0.636,3,5,0.843,0.661,0.895,1.0,0.811,68.1,0.551
0.44,1.16,10.35,0.49,-1.07,0.52,1.0,2.0,0.95,152.16,0.76,0.082,18,7,0.792,0.833,0.623,0.0,0.818,53.6,0.256
8.66,2.21,17.45,0.71,7.65,8.17,0.58,6.0,0.88,34.51,0.7,0.271,16,7,0.677,0.942,0.459,1.0,0.702,35.3,0.356
3.69,1.89,7.24,0.37,3.07,5.12,1.0,2.0,0.95,86.35,0.71,0.647,1,8,0.776,0.409,0.943,1.0,0.71,66.6,0.554
8.12,0.09,4.46,0.16,7.29,15.92,0.58,6.0,0.88,23.45,0.62,0.264,3,11,0.553,0.66,0.583,1.0,0.411,38.0,0.417
4.94,0.37,17.83,0.83,3.67,4.19,0.82,4.0,1.0,17.34,0.81,0.68,2,3,0.818,0.833,0.832,0.0,0.722,41.5,0.304
0.8,2.66,3.31,0.16,-0.46,1.57,0.35,8.0,0.55,50.96,0.75,0.572,1,5,0.711,0.026,0.835,1.0,0.896,55.2,0.502
5.1,1.95,12.45,0.55,4.03,5.67,1.0,2.0,0.95,140.38,0.82,0.797,2,12,0.745,0.781,0.607,1.0,0.788,62.6,0.507
1.07,2.35,3.47,0.17,0.14,2.06,0.58,6.0,0.88,15.06,0.91,0.533,12,6,0.739,0.079,0.827,0.0,0.552,68.1,0.494
7.81,2.23,12.0,0.44,7.08,9.89,0.35,8.0,0.55,89.56,0.76,0.098,1,10,0.58,0.829,0.407,1.0,0.551,26.5,0.365
5.47,0.58,16.62,0.66,4.43,5.42,1.0,2.0,0.95,16.5,0.79,0.697,13,7,0.858,0.767,0.828,0.0,0.5,46.8,0.392
7.98,2.49,17.5,0.69,6.48,7.67,0.35,8.0,0.55,97.08,0.56,0.422,6,10,0.82,0.091,0.923,1.0,0.786,45.7,0.504
5.51,1.54,7.52,0.38,4.09,7.55,0.82,4.0,1.0,109.67,0.76,0.3,1,9,0.931,0.9,0.842,1.0,0.657,49.5,0.521
11.42,0.42,3.03,0.11,10.45,24.83,0.35,8.0,0.55,108.71,0.83,0.564,10,4,0.492,0.2,0.897,0.0,0.861,45.9,0.387
5.41,3.72,6.17,0.24,4.72,9.17,0.58,6.0,0.88,119.15,0.6,0.673,2,5,0.977,0.799,0.79,0.0,0.442,50.6,0.375
7.91,4.22,17.14,0.79,6.63,6.94,0.35,8.0,0.55,87.48,0.86,0.8,18,11,0.923,0.773,0.933,0.0,0.4,45.1,0.312
4.59,1.28,13.13,0.55,3.43,5.1,1.0,2.0,0.95,143.1,0.91,0.998,5,7,0.545,0.327,0.84,1.0,0.931,62.1,0.658
5.71,0.37,9.62,0.53,4.61,6.49,0.82,4.0,1.0,146.71,0.96,0.056,13,9,0.663,0.331,0.871,1.0,0.499,55.7,0.506
2.26,0.33,9.56,0.39,1.07,3.05,1.0,2.0,0.95,78.35,0.93,0.643,4,1,0.906,0.587,0.744,0.0,0.387,72.3,0.494
2.96,0.15,4.72,0.24,2.3,5.02,0.82,4.0,1.0,169.81,0.89,0.59,12,4,0.904,0.574,0.878,1.0,0.376,71.1,0.577
1.04,2.13,6.28,0.24,0.13,1.76,1.0,2.0,0.95,54.56,0.69,0.821,5,1,0.619,0.747,0.958,1.0,0.787,79.9,0.595
0.99,0.09,10.1,0.4,-0.17,1.32,1.0,2.0,0.95,63.92,0.71,0.251,10,6,0.661,0.406,0.903,1.0,0.444,55.4,0.496
6.75,2.54,4.23,0.16,6.25,13.24,0.58,6.0,0.88,76.76,0.61,0.565,1,8,0.456,0.449,0.771,1.0,0.918,50.8,0.493
7.67,0.46,9.07,0.5,6.6,9.02,0.58,6.0,0.88,37.43,0.55,0.469,3,7,0.713,0.094,0.645,1.0,0.682,47.0,0.521
2.18,0.38,4.42,0.21,1.34,3.89,0.82,4.0,1.0,49.23,0.87,0.97,12,4,0.501,0.812,0.803,1.0,0.718,66.1,0.549
4.26,2.05,11.47,0.49,3.15,5.07,1.0,2.0,0.95,134.36,0.69,0.733,7,7,0.625,0.885,0.721,0.0,0.905,54.0,0.406
4.77,8.4,6.74,0.3,3.56,7.34,0.35,8.0,0.55,174.76,1.0,0.709,16,12,0.497,0.265,0.896,0.0,0.705,49.2,0.444
5.8,1.95,15.31,0.79,4.16,5.09,0.35,8.0,0.55,126.35,0.65,0.698,7,10,0.979,0.405,0.55,0.0,0.897,51.3,0.421
6.18,4.12,16.12,0.71,4.7,5.83,0.82,4.0,1.0,107.69,0.63,0.207,16,4,0.78,0.709,0.53,1.0,0.761,49.6,0.462
0.51,0.46,12.4,0.69,-0.79,0.49,0.82,4.0,1.0,35.62,0.89,0.216,9,5,0.523,0.962,0.687,0.0,0.731,46.1,0.27
4.47,1.09,14.76,0.55,3.39,4.97,1.0,2.0,0.95,49.83,0.7,0.902,2,8,0.622,0.568,0.753,0.0,0.477,57.5,0.375
4.04,0.9,5.12,0.25,2.97,6.73,1.0,2.0,0.95,34.81,0.89,0.993,5,3,0.711,0.467,0.527,0.0,0.611,62.5,0.487
5.27,0.91,5.38,0.24,3.99,8.93,1.0,2.0,0.95,80.85,0.64,0.393,8,7,0.873,0.335,0.582,1.0,0.435,56.0,0.561
3.65,1.75,5.36,0.29,2.35,5.7,1.0,2.0,0.95,50.1,0.85,0.875,16,6,0.718,0.428,0.644,1.0,0.709,60.3,0.616
0.45,0.22,12.72,0.64,-0.87,0.45,0.82,4.0,1.0,176.82,0.84,0.804,13,5,0.951,0.729,0.564,1.0,0.518,65.7,0.422
1.1,4.08,17.66,0.71,-0.35,1.04,0.82,4.0,1.0,88.22,0.81,0.565,9,10,0.868,0.258,0.93,1.0,0.372,59.0,0.54
0.48,1.9,12.64,0.51,-0.4,0.56,0.58,6.0,0.88,76.22,0.94,0.332,5,3,0.845,0.975,0.549,1.0,0.414,40.9,0.362
3.75,2.01,5.93,0.28,2.43,5.95,1.0,2.0,0.95,42.58,0.56,0.715,6,11,0.689,0.741,0.973,0.0,0.437,55.0,0.399
8.94,2.02,14.88,0.55,8.0,9.93,0.58,6.0,0.88,72.79,0.76,0.529,16,2,0.899,0.774,0.705,0.0,0.479,46.4,0.355
0.99,5.8,17.51,0.84,-0.43,0.83,0.35,8.0,0.55,10.81,0.86,0.988,7,12,0.833,0.576,0.615,1.0,0.645,49.0,0.438
3.93,4.98,5.84,0.26,3.04,6.44,0.58,6.0,0.88,49.94,0.9,0.417,18,4,0.965,0.856,0.898,1.0,0.447,49.1,0.405
3.31,0.35,1.51,0.07,2.98,7.88,1.0,2.0,0.95,76.53,0.71,0.353,15,11,0.718,0.951,0.592,1.0,0.553,59.5,0.48
4.28,8.72,3.1,0.14,3.66,8.73,0.35,8.0,0.55,3.22,0.72,0.474,17,7,0.878,0.856,0.569,0.0,0.575,39.2,0.299
1.32,1.2,4.62,0.22,0.79,2.32,0.58,6.0,0.88,93.19,0.83,0.936,1,3,0.875,0.833,0.517,1.0,0.925,68.6,0.521
6.33,3.62,15.61,0.62,5.08,6.53,0.82,4.0,1.0,172.58,0.73,0.093,10,5,0.532,0.212,0.773,0.0,0.459,54.3,0.42
3.13,1.63,4.02,0.14,2.08,6.39,1.0,2.0,0.95,51.48,0.58,0.306,1,10,0.858,0.638,0.878,1.0,0.726,65.1,0.618
1.85,2.44,17.82,0.76,0.75,1.67,0.35,8.0,0.55,66.54,0.82,0.55,10,6,0.935,0.464,0.605,1.0,0.824,57.8,0.618
3.3,1.12,11.5,0.57,2.27,3.59,1.0,2.0,0.95,5.35,0.7,0.837,18,1,0.524,0.983,0.401,1.0,0.52,46.7,0.47
4.48,2.13,6.37,0.27,3.13,7.23,1.0,2.0,0.95,26.9,0.78,0.63,1,8,0.551,0.312,0.424,0.0,0.705,49.6,0.424
5.22,3.06,10.97,0.4,4.47,6.96,0.58,6.0,0.88,56.96,0.78,0.454,9,11,0.727,0.159,0.402,0.0,0.879,48.9,0.471
8.11,7.1,4.98,0.21,7.51,14.48,0.35,8.0,0.55,117.11,0.65,0.973,14,1,0.841,0.361,0.718,1.0,0.454,52.4,0.514
1.06,4.32,3.46,0.19,0.28,1.96,0.82,4.0,1.0,152.13,0.65,0.968,3,6,0.499,0.812,0.936,0.0,0.645,68.0,0.432
6.69,3.63,14.79,0.63,5.46,6.83,0.82,4.0,1.0,99.68,0.93,0.937,5,4,0.521,0.725,0.528,1.0,0.425,55.2,0.543
5.4,1.95,4.1,0.17,4.49,10.38,1.0,2.0,0.95,8.39,0.92,0.775,14,6,0.887,0.873,0.814,1.0,0.385,49.3,0.419
11.33,5.13,12.66,0.68,9.73,11.0,0.35,8.0,0.55,76.89,0.69,0.242,17,2,0.974,0.879,0.716,0.0,0.881,35.8,0.319
2.17,0.19,8.89,0.48,0.95,2.61,1.0,2.0,0.95,67.79,0.99,0.774,13,3,0.665,0.55,0.693,1.0,0.609,72.0,0.641
3.88,0.91,2.72,0.11,2.94,8.43,1.0,2.0,0.95,34.11,0.97,0.797,1,11,0.9,0.738,0.717,0.0,0.447,60.7,0.45
9.8,6.91,1.77,0.07,8.79,23.33,0.35,8.0,0.55,6.73,0.92,0.057,13,7,0.829,0.85,0.746,0.0,0.38,32.0,0.236
4.56,0.68,9.96,0.37,3.75,6.33,0.82,4.0,1.0,163.14,0.78,0.933,14,11,0.611,0.902,0.934,0.0,0.8,51.4,0.384
6.05,3.67,9.33,0.37,5.24,8.4,0.35,8.0,0.55,175.45,0.7,0.706,1,8,0.684,0.74,0.844,0.0,0.413,41.9,0.343
4.38,5.98,6.43,0.26,3.42,7.18,0.58,6.0,0.88,111.98,0.85,0.752,17,5,0.827,0.28,0.426,1.0,0.969,61.7,0.56
1.95,0.71,8.7,0.47,0.45,2.38,1.0,2.0,0.95,20.23,0.62,0.265,11,1,0.555,0.536,0.658,1.0,0.746,59.2,0.605
4.18,1.3,7.88,0.29,3.11,6.53,1.0,2.0,0.95,97.72,0.94,0.185,10,11,0.592,0.426,0.569,1.0,0.965,60.8,0.563
6.21,1.89,15.41,0.56,4.71,6.82,0.82,4.0,1.0,13.82,0.65,0.178,11,8,0.566,0.499,0.784,0.0,0.574,46.1,0.367
4.65,3.11,2.65,0.12,4.19,9.89,0.82,4.0,1.0,72.04,0.8,0.756,2,3,0.749,0.089,0.724,1.0,0.755,70.2,0.615
2.5,1.69,17.87,0.82,0.96,2.14,0.82,4.0,1.0,113.58,0.66,0.285,14,7,0.463,0.467,0.52,1.0,0.851,64.2,0.615
2.32,1.12,13.37,0.56,1.05,2.55,0.35,8.0,0.55,117.75,0.96,0.513,4,7,0.484,0.003,0.408,0.0,0.915,53.1,0.512
6.64,0.68,15.01,0.72,4.82,6.21,0.35,8.0,0.55,42.57,0.89,0.846,16,7,0.82,0.059,0.743,0.0,0.787,49.5,0.434
4.58,3.18,2.26,0.1,3.67,10.18,0.82,4.0,1.0,179.45,0.99,0.782,1,3,0.675,0.853,0.602,0.0,0.712,59.1,0.404
1.18,3.92,7.48,0.33,0.5,1.74,0.82,4.0,1.0,134.83,1.0,0.443,3,1,0.524,0.313,0.629,0.0,0.525,75.0,0.579
6.02,3.7,2.41,0.1,5.48,13.38,0.82,4.0,1.0,111.24,0.79,0.119,7,12,0.682,0.423,0.528,1.0,0.658,59.7,0.501
9.99,5.42,5.89,0.24,9.27,16.93,0.35,8.0,0.55,73.84,0.67,0.076,6,4,0.58,0.858,0.436,1.0,0.886,35.9,0.419
1.63,5.35,14.64,0.77,0.28,1.46,0.58,6.0,0.88,89.15,0.61,0.257,12,12,0.929,0.381,0.755,1.0,0.574,63.0,0.588
7.99,3.34,15.85,0.61,6.88,8.32,0.35,8.0,0.55,10.01,0.65,0.865,18,6,0.451,0.179,0.865,1.0,0.39,42.0,0.447
7.48,6.11,4.6,0.2,6.62,13.6,0.58,6.0,0.88,34.14,0.96,0.267,1,5,0.698,0.241,0.535,1.0,0.933,46.9,0.569
2.28,1.09,10.44,0.52,1.21,2.62,1.0,2.0,0.95,22.37,0.86,0.609,17,9,0.697,0.824,0.524,0.0,0.901,50.1,0.337
2.96,2.94,11.71,0.53,1.74,3.36,0.58,6.0,0.88,11.21,0.79,0.405,2,1,0.503,0.697,0.679,0.0,0.404,46.3,0.301
5.18,0.59,7.8,0.33,4.45,7.62,1.0,2.0,0.95,20.49,0.91,0.512,18,2,0.741,0.097,0.757,1.0,0.747,54.1,0.55
7.31,5.55,7.32,0.31,6.04,11.08,0.58,6.0,0.88,27.42,0.74,0.599,7,4,0.94,0.721,0.616,1.0,0.463,50.0,0.411
0.62,0.47,3.33,0.14,-0.51,1.27,1.0,2.0,0.95,175.87,0.86,0.368,1,11,0.623,0.831,0.498,0.0,0.41,54.3,0.236
5.71,0.95,1.36,0.06,4.9,13.93,0.35,8.0,0.55,27.22,0.59,0.867,14,4,0.559,0.74,0.482,0.0,0.887,49.5,0.343
2.47,6.45,2.35,0.1,2.08,5.49,0.58,6.0,0.88,69.24,0.84,0.141,2,2,0.51,0.208,0.71,0.0,0.491,59.9,0.435
2.95,2.3,17.2,0.9,1.62,2.36,0.82,4.0,1.0,45.3,0.82,0.369,14,11,0.6,0.126,0.576,1.0,0.538,61.2,0.599
9.19,1.57,10.51,0.47,8.31,11.21,0.35,8.0,0.55,32.95,0.57,0.82,12,4,0.682,0.454,0.789,0.0,0.524,41.9,0.382
1.97,3.14,4.18,0.19,0.87,3.65,0.58,6.0,0.88,61.56,0.63,0.414,13,6,0.881,0.563,0.438,1.0,0.831,67.6,0.553
6.59,2.27,11.15,0.5,5.58,7.75,0.82,4.0,1.0,49.45,0.9,0.401,8,7,0.9,0.698,0.492,1.0,0.84,58.5,0.592
5.19,2.83,4.2,0.21,4.24,9.27,0.35,8.0,0.55,124.71,0.97,0.171,18,6,0.846,0.154,0.517,1.0,0.661,52.2,0.528
4.69,1.08,8.24,0.34,3.31,6.8,0.58,6.0,0.88,171.26,0.89,0.57,8,6,0.594,0.94,0.566,1.0,0.665,47.1,0.471
2.48,0.27,13.15,0.68,1.07,2.41,1.0,2.0,0.95,107.06,0.66,0.628,18,11,0.491,0.096,0.899,0.0,0.414,69.2,0.517
5.32,0.43,4.41,0.19,4.7,9.85,0.82,4.0,1.0,25.28,0.58,0.707,1,2,0.595,0.614,0.872,0.0,0.7,49.5,0.425
1.19,4.31,17.62,0.8,-0.03,1.03,0.82,4.0,1.0,138.74,0.9,0.47,6,6,0.79,0.838,0.834,0.0,0.595,49.7,0.344
2.64,7.19,10.76,0.48,1.27,3.18,0.35,8.0,0.55,106.14,0.91,0.649,10,1,0.564,0.821,0.552,0.0,0.976,46.9,0.404
8.36,5.01,1.59,0.07,7.2,19.9,0.35,8.0,0.55,6.55,0.86,0.573,7,6,0.567,0.111,0.461,1.0,0.418,41.9,0.524
0.93,1.72,4.44,0.18,-0.12,1.75,1.0,2.0,0.95,8.03,0.89,0.235,8,5,0.965,0.215,0.932,1.0,0.875,57.1,0.531
5.23,0.71,0.82,0.03,4.27,13.76,0.58,6.0,0.88,49.22,0.88,0.957,14,8,0.768,0.038,0.977,0.0,0.415,56.7,0.439
4.32,0.15,5.61,0.21,3.72,7.71,1.0,2.0,0.95,164.31,0.62,0.584,14,7,0.941,0.404,0.716,0.0,0.821,60.4,0.492
1.62,0.36,17.19,0.67,0.48,1.59,1.0,2.0,0.95,161.37,0.97,0.337,9,3,0.978,0.21,0.515,1.0,0.389,67.7,0.653
2.85,2.07,10.65,0.53,1.61,3.24,1.0,2.0,0.95,12.46,0.7,0.507,3,8,0.511,0.877,0.854,0.0,0.717,41.3,0.377
5.48,0.7,8.35,0.31,4.78,8.3,1.0,2.0,0.95,168.05,0.8,0.672,10,2,0.513,0.84,0.666,1.0,0.55,56.4,0.546
4.33,1.36,17.46,0.77,2.88,3.87,1.0,2.0,0.95,89.37,0.68,0.457,3,4,0.744,0.964,0.422,1.0,0.54,50.2,0.472
1.71,5.1,5.15,0.25,1.08,2.85,0.35,8.0,0.55,64.01,0.94,0.122,8,2,0.938,0.218,0.43,1.0,0.958,63.4,0.568
7.8,2.26,17.97,0.91,6.08,6.19,0.58,6.0,0.88,133.65,0.95,0.052,12,5,0.708,0.809,0.942,1.0,0.718,41.2,0.456
4.25,4.01,9.12,0.33,3.16,6.25,0.58,6.0,0.88,176.65,0.56,0.151,11,7,0.689,0.939,0.932,0.0,0.58,47.3,0.321
6.44,0.85,11.49,0.61,5.45,6.71,0.82,4.0,1.0,73.95,0.89,0.394,12,1,0.587,0.874,0.676,0.0,0.402,49.8,0.367
1.37,1.51,17.76,0.82,-0.25,1.17,0.58,6.0,0.88,173.06,0.94,0.298,17,8,0.862,0.103,0.403,1.0,0.608,51.2,0.529
2.85,1.2,0.14,0.01,2.43,7.92,1.0,2.0,0.95,130.18,0.6,0.877,6,3,0.572,0.552,0.505,0.0,0.529,70.1,0.479
4.11,1.61,10.91,0.46,3.37,5.07,0.82,4.0,1.0,50.58,0.57,0.764,9,8,0.771,0.116,0.616,0.0,0.794,63.4,0.499
4.6,2.08,5.66,0.27,3.42,7.42,1.0,2.0,0.95,80.85,0.62,0.778,17,10,0.52,0.826,0.859,1.0,0.532,54.2,0.536
9.1,3.7,0.74,0.03,8.37,23.95,0.58,6.0,0.88,7.2,0.97,0.066,3,1,0.924,0.102,0.567,1.0,0.503,45.5,0.495
5.97,2.27,16.32,0.6,4.9,6.28,0.82,4.0,1.0,85.58,0.73,0.481,5,9,0.469,0.085,0.696,0.0,0.364,47.5,0.396
3.82,0.54,10.05,0.39,2.61,5.16,1.0,2.0,0.95,19.33,0.92,0.64,15,5,0.944,0.904,0.877,1.0,0.726,45.0,0.488
9.11,6.04,14.12,0.59,8.01,9.69,0.58,6.0,0.88,138.73,0.8,0.314,1,7,0.769,0.43,0.77,1.0,0.576,42.3,0.486
0.51,0.63,0.87,0.04,-0.17,1.31,0.35,8.0,0.55,43.57,0.89,0.403,2,2,0.662,0.144,0.64,0.0,0.614,54.1,0.407
1.07,0.52,0.37,0.02,0.39,2.89,1.0,2.0,0.95,72.93,0.83,0.658,13,5,0.593,0.46,0.886,0.0,0.554,81.1,0.484
6.53,1.62,2.54,0.12,5.98,13.89,0.58,6.0,0.88,93.19,0.9,0.31,15,12,0.517,0.111,0.592,0.0,0.944,53.6,0.439
3.24,1.9,17.22,0.63,2.03,3.31,0.58,6.0,0.88,150.47,0.8,0.41,6,5,0.537,0.452,0.539,0.0,0.49,49.0,0.43
3.63,6.15,15.27,0.72,2.2,3.39,0.58,6.0,0.88,146.26,0.79,0.265,9,1,0.933,0.14,0.652,0.0,0.92,62.0,0.531
2.11,4.3,17.12,0.71,0.45,1.99,0.35,8.0,0.55,6.71,0.59,0.491,6,2,0.64,0.241,0.502,1.0,0.591,46.8,0.557
2.39,2.17,14.75,0.58,0.73,2.57,1.0,2.0,0.95,23.56,0.65,0.199,2,5,0.732,0.938,0.608,0.0,0.445,40.2,0.323
0.9,0.56,4.38,0.2,0.26,1.64,1.0,2.0,0.95,109.55,0.59,0.109,2,11,0.461,0.709,0.776,1.0,0.413,64.6,0.574
8.33,5.97,12.6,0.68,6.77,8.09,0.35,8.0,0.55,64.99,0.82,0.052,15,10,0.979,0.812,0.483,0.0,0.53,32.6,0.315
1.33,1.07,17.32,0.71,-0.03,1.25,0.82,4.0,1.0,165.06,0.79,0.122,11,7,0.604,0.734,0.886,1.0,0.358,54.5,0.489
2.14,4.07,16.42,0.6,0.72,2.25,0.58,6.0,0.88,175.38,0.74,0.45,14,6,0.481,0.177,0.673,1.0,0.392,54.5,0.548
4.58,1.44,8.58,0.46,3.31,5.65,1.0,2.0,0.95,143.89,0.83,0.198,8,2,0.808,0.391,0.763,1.0,0.365,60.4,0.539
2.63,2.2,2.72,0.11,2.17,5.72,0.35,8.0,0.55,65.32,0.62,0.876,13,11,0.724,0.284,0.697,1.0,0.489,61.3,0.517
4.68,0.89,0.72,0.03,4.19,12.32,0.82,4.0,1.0,149.77,0.9,0.283,18,10,0.931,0.149,0.541,0.0,0.481,63.3,0.47
4.59,1.88,17.48,0.68,3.2,4.46,0.35,8.0,0.55,47.9,0.77,0.576,16,7,0.632,0.072,0.972,0.0,0.929,45.8,0.405
6.46,0.25,6.98,0.32,5.29,9.64,0.58,6.0,0.88,71.94,0.63,0.473,8,6,0.484,0.144,0.506,1.0,0.549,47.7,0.58
3.85,3.68,12.11,0.57,2.39,4.18,0.82,4.0,1.0,111.22,0.99,0.297,15,9,0.606,0.426,0.496,1.0,0.796,63.0,0.527
7.32,2.81,17.25,0.73,5.51,6.78,0.35,8.0,0.55,76.55,0.72,0.932,4,3,0.884,0.054,0.645,0.0,0.823,49.5,0.489
4.62,1.06,5.75,0.32,3.68,6.9,0.82,4.0,1.0,140.42,0.67,0.883,5,2,0.519,0.11,0.654,1.0,0.918,63.3,0.662
8.52,3.07,17.71,0.71,6.83,8.04,0.58,6.0,0.88,120.93,0.86,0.323,12,8,0.833,0.464,0.909,1.0,0.423,47.5,0.505
2.71,0.49,11.7,0.5,1.88,3.19,1.0,2.0,0.95,82.6,0.86,0.949,5,4,0.552,0.645,0.911,0.0,0.934,66.8,0.463
4.05,0.9,7.2,0.28,3.51,6.43,1.0,2.0,0.95,37.09,0.83,0.687,17,7,0.556,0.113,0.973,0.0,0.367,62.0,0.423
4.96,1.81,6.98,0.34,3.55,7.19,0.58,6.0,0.88,98.68,0.64,0.765,14,8,0.808,0.381,0.949,0.0,0.941,60.1,0.5
8.42,5.63,12.55,0.58,6.87,9.05,0.35,8.0,0.55,115.94,0.66,0.921,14,10,0.521,0.562,0.615,1.0,0.526,45.3,0.416
1.39,2.75,13.74,0.73,-0.07,1.29,0.82,4.0,1.0,40.3,0.57,0.67,1,2,0.507,0.332,0.627,1.0,0.567,54.7,0.553
3.14,0.15,17.13,0.68,1.72,3.05,1.0,2.0,0.95,136.81,0.88,0.322,3,1,0.599,0.272,0.437,1.0,0.593,61.2,0.525
6.31,0.88,11.42,0.6,5.02,6.64,0.82,4.0,1.0,40.67,0.69,0.354,17,1,0.554,0.624,0.407,1.0,0.675,52.2,0.48
2.86,1.8,9.88,0.54,1.25,3.21,1.0,2.0,0.95,110.26,0.62,0.489,4,7,0.926,0.527,0.724,0.0,0.655,57.4,0.389
5.07,2.6,17.66,0.76,3.7,4.57,0.58,6.0,0.88,17.16,0.81,0.835,13,8,0.639,0.736,0.702,0.0,0.451,42.0,0.376
8.26,2.23,17.62,0.88,6.97,6.72,0.58,6.0,0.88,65.46,0.79,0.609,14,6,0.683,0.15,0.614,1.0,0.95,54.1,0.594
2.37,1.74,11.87,0.63,0.72,2.42,0.82,4.0,1.0,126.67,0.7,0.091,11,9,0.882,0.929,0.648,1.0,0.731,53.0,0.522
0.4,3.48,6.14,0.31,-0.86,0.61,0.82,4.0,1.0,33.82,0.89,0.458,18,11,0.568,0.317,0.77,0.0,0.454,54.9,0.296
4.25,6.39,0.08,0.0,3.3,12.14,0.58,6.0,0.88,169.57,0.55,0.92,16,3,0.92,0.842,0.771,0.0,0.7,61.6,0.389
9.2,4.15,16.56,0.6,8.25,9.68,0.35,8.0,0.55,158.43,0.78,0.183,5,12,0.838,0.652,0.934,0.0,0.351,37.6,0.253
1.1,0.15,2.55,0.1,0.63,2.44,1.0,2.0,0.95,54.55,0.68,0.256,2,6,0.842,0.483,0.877,1.0,0.971,71.2,0.644
10.77,5.98,10.49,0.46,9.74,13.3,0.35,8.0,0.55,128.34,0.75,0.783,13,8,0.666,0.041,0.753,1.0,0.68,42.9,0.498
0.5,4.08,6.6,0.34,-0.79,0.72,0.58,6.0,0.88,52.12,0.61,0.691,12,4,0.864,0.624,0.955,0.0,0.43,51.6,0.207
2.58,4.14,0.24,0.01,1.73,7.17,0.58,6.0,0.88,87.13,0.66,0.098,4,6,0.711,0.641,0.466,1.0,0.373,62.4,0.472
8.25,8.01,7.54,0.41,7.56,10.86,0.35,8.0,0.55,73.44,0.8,0.732,9,8,0.932,0.598,0.901,0.0,0.489,43.1,0.353
2.91,3.94,10.8,0.57,1.61,3.16,0.82,4.0,1.0,86.01,0.59,0.29,8,12,0.718,0.413,0.767,1.0,0.778,59.8,0.529
1.01,4.38,8.91,0.46,-0.26,1.25,0.82,4.0,1.0,77.34,0.62,0.543,10,7,0.736,0.264,0.916,0.0,0.973,60.1,0.416
0.55,0.12,15.85,0.64,-0.46,0.56,1.0,2.0,0.95,99.21,0.85,0.132,13,1,0.619,0.589,0.724,1.0,0.526,63.4,0.474
2.41,1.45,13.13,0.49,1.08,2.87,1.0,2.0,0.95,37.27,0.66,0.904,7,7,0.767,0.763,0.92,0.0,0.406,60.3,0.434
3.06,1.33,4.23,0.18,2.19,5.77,1.0,2.0,0.95,131.43,0.91,0.344,18,1,0.542,0.644,0.95,1.0,0.79,68.3,0.566
4.82,0.27,13.31,0.72,3.63,4.5,0.82,4.0,1.0,41.27,0.75,0.453,8,7,0.659,0.534,0.773,0.0,0.438,48.5,0.396
2.15,2.17,13.7,0.65,0.86,2.15,1.0,2.0,0.95,126.14,0.67,0.485,1,6,0.933,0.22,0.976,0.0,0.373,65.1,0.487
5.17,3.28,0.15,0.01,4.49,14.36,0.82,4.0,1.0,38.1,0.75,0.529,5,2,0.746,0.987,0.833,0.0,0.77,56.4,0.394
8.53,3.16,0.52,0.02,7.92,23.05,0.35,8.0,0.55,88.48,0.77,0.873,17,8,0.704,0.87,0.473,0.0,0.608,39.9,0.327
0.57,4.82,7.14,0.28,-0.5,0.9,0.58,6.0,0.88,83.86,0.73,0.613,6,7,0.679,0.444,0.882,0.0,0.709,57.0,0.363
1.3,3.51,14.71,0.75,-0.17,1.18,0.35,8.0,0.55,116.07,0.85,0.728,1,8,0.604,0.584,0.869,0.0,0.435,39.7,0.305
2.05,2.87,10.86,0.47,1.08,2.5,0.35,8.0,0.55,99.73,0.63,0.579,18,1,0.618,0.924,0.933,1.0,0.429,55.0,0.516
4.03,4.88,3.39,0.18,2.9,7.6,0.35,8.0,0.55,107.06,0.98,0.385,13,6,0.875,0.534,0.656,0.0,0.88,53.6,0.43
4.85,0.83,0.78,0.03,4.41,12.76,1.0,2.0,0.95,50.02,0.87,0.222,15,9,0.893,0.491,0.771,0.0,0.745,63.7,0.51
0.48,0.49,15.79,0.74,-0.52,0.44,0.82,4.0,1.0,116.59,0.73,0.644,16,5,0.541,0.754,0.413,1.0,0.444,55.6,0.374
3.27,0.97,2.14,0.09,2.6,7.43,0.82,4.0,1.0,159.79,0.56,0.955,7,1,0.948,0.812,0.856,1.0,0.76,68.6,0.539
4.4,4.16,14.27,0.59,2.71,4.68,0.35,8.0,0.55,126.12,0.7,0.89,3,11,0.854,0.305,0.949,1.0,0.918,55.4,0.621
0.8,2.54,16.26,0.63,-0.39,0.82,0.58,6.0,0.88,56.1,0.97,0.258,11,12,0.485,0.381,0.649,1.0,0.573,51.9,0.423
4.99,5.2,10.11,0.38,3.8,6.84,0.58,6.0,0.88,166.98,0.84,0.947,6,7,0.891,0.216,0.968,1.0,0.676,57.8,0.516
5.62,4.64,0.08,0.0,4.85,16.06,0.35,8.0,0.55,45.38,0.9,0.668,18,4,0.798,0.649,0.574,1.0,0.978,59.3,0.604
2.18,1.69,14.23,0.67,1.21,2.14,1.0,2.0,0.95,179.03,0.56,0.216,9,7,0.696,0.733,0.405,1.0,0.474,61.8,0.581
4.41,3.08,8.04,0.3,3.44,6.78,0.82,4.0,1.0,27.25,0.99,0.349,12,11,0.783,0.686,0.54,0.0,0.39,46.5,0.359
1.36,0.3,2.39,0.1,1.01,3.02,0.58,6.0,0.88,178.66,0.56,0.226,18,2,0.615,0.343,0.913,0.0,0.923,76.8,0.598
6.24,3.32,11.17,0.42,5.29,8.1,0.82,4.0,1.0,16.0,0.87,0.91,4,3,0.577,0.353,0.417,0.0,0.603,44.3,0.388
1.71,2.89,12.16,0.45,0.32,2.14,0.58,6.0,0.88,63.22,0.86,0.547,16,4,0.73,0.554,0.793,1.0,0.534,65.5,0.533
11.24,7.03,14.83,0.61,9.88,11.71,0.35,8.0,0.55,59.7,0.59,0.682,10,6,0.889,0.313,0.797,1.0,0.79,47.3,0.515
2.43,7.45,7.48,0.37,1.43,3.38,0.35,8.0,0.55,70.58,1.0,0.183,3,11,0.618,0.476,0.959,0.0,0.829,54.7,0.397
0.67,2.3,2.13,0.08,-0.22,1.56,0.35,8.0,0.55,71.82,0.56,0.64,2,7,0.753,0.084,0.883,0.0,0.363,54.5,0.461
9.04,2.9,8.89,0.48,8.02,10.89,0.58,6.0,0.88,128.79,0.87,0.83,18,3,0.936,0.125,0.793,1.0,0.628,57.3,0.528
7.16,0.99,14.07,0.54,5.92,8.04,0.82,4.0,1.0,100.98,0.98,0.343,12,2,0.799,0.65,0.433,1.0,0.733,53.4,0.49
4.77,0.36,3.16,0.13,4.3,9.94,1.0,2.0,0.95,47.45,0.76,0.779,15,7,0.697,0.606,0.437,1.0,0.534,56.5,0.491
2.13,0.61,15.32,0.76,0.87,1.92,0.58,6.0,0.88,79.59,0.83,0.264,3,1,0.813,0.856,0.785,1.0,0.655,58.7,0.464
2.45,1.52,2.06,0.08,1.72,5.7,1.0,2.0,0.95,24.52,0.96,0.962,3,8,0.563,0.162,0.465,1.0,0.439,68.2,0.635
2.9,5.46,2.82,0.12,2.32,6.17,0.35,8.0,0.55,102.96,0.58,0.356,7,11,0.694,0.778,0.466,0.0,0.576,53.7,0.412
0.36,5.68,6.23,0.26,-0.68,0.59,0.35,8.0,0.55,131.76,0.72,0.237,9,5,0.618,0.01,0.973,0.0,0.432,51.0,0.363
4.36,2.46,0.62,0.03,3.28,11.47,0.82,4.0,1.0,115.56,0.95,0.212,11,9,0.662,0.761,0.427,0.0,0.521,62.9,0.455
2.3,3.03,8.27,0.39,1.13,3.11,0.82,4.0,1.0,97.49,0.88,0.278,14,9,0.718,0.045,0.915,0.0,0.631,66.1,0.568
1.27,1.65,6.76,0.36,0.4,1.79,0.58,6.0,0.88,28.5,0.59,0.559,18,3,0.642,0.236,0.418,0.0,0.782,58.9,0.514
6.18,6.38,11.47,0.57,4.65,6.72,0.35,8.0,0.55,44.29,0.8,0.684,3,11,0.947,0.479,0.542,1.0,0.728,45.2,0.495
6.28,2.86,3.32,0.18,5.55,11.85,0.58,6.0,0.88,16.38,0.86,0.145,2,8,0.934,0.457,0.652,1.0,0.703,51.8,0.467
1.3,1.47,0.12,0.01,0.39,3.61,0.58,6.0,0.88,159.02,0.81,0.126,9,11,0.611,0.26,0.611,1.0,0.439,68.9,0.58
3.44,1.03,8.97,0.44,2.37,4.35,1.0,2.0,0.95,123.82,0.6,0.767,17,9,0.67,0.141,0.647,1.0,0.602,60.7,0.575
10.65,3.91,3.94,0.22,9.87,18.68,0.35,8.0,0.55,38.93,0.59,0.567,17,8,0.846,0.823,0.427,0.0,0.487,34.9,0.32
6.46,6.35,5.43,0.21,5.25,11.54,0.58,6.0,0.88,33.31,0.74,0.741,1,5,0.954,0.11,0.867,1.0,0.841,56.2,0.55
2.28,0.69,4.08,0.17,1.02,4.38,1.0,2.0,0.95,133.21,0.64,0.927,9,8,0.464,0.25,0.582,1.0,0.724,78.3,0.717
3.05,2.48,17.3,0.96,1.6,2.33,0.82,4.0,1.0,41.14,0.86,0.925,8,7,0.836,0.69,0.446,1.0,0.713,58.7,0.586
3.76,0.41,16.83,0.77,2.23,3.36,1.0,2.0,0.95,51.87,0.57,0.301,13,12,0.946,0.145,0.455,1.0,0.457,55.9,0.527
3.02,0.09,9.66,0.43,1.84,3.87,1.0,2.0,0.95,178.02,0.73,0.101,16,6,0.809,0.526,0.823,1.0,0.875,64.2,0.56
7.31,0.55,2.9,0.11,6.86,15.89,0.35,8.0,0.55,24.11,0.68,0.861,11,7,0.639,0.738,0.721,0.0,0.977,52.3,0.361
2.89,1.41,12.32,0.45,1.59,3.61,1.0,2.0,0.95,74.34,0.66,0.993,7,2,0.539,0.461,0.954,1.0,0.633,62.4,0.609
1.5,5.27,10.96,0.54,-0.07,1.69,0.35,8.0,0.55,92.27,0.59,0.847,7,9,0.902,0.711,0.776,0.0,0.597,49.1,0.326
0.94,0.5,14.82,0.64,-0.31,0.95,1.0,2.0,0.95,89.89,0.63,0.699,6,2,0.656,0.802,0.801,1.0,0.93,55.3,0.442
7.2,4.66,4.82,0.26,5.97,11.8,0.35,8.0,0.55,57.26,0.82,0.103,16,11,0.537,0.357,0.572,1.0,0.667,42.0,0.477
5.21,4.04,9.87,0.38,4.45,7.14,0.82,4.0,1.0,153.41,1.0,0.257,5,3,0.933,0.777,0.917,0.0,0.626,56.1,0.445
2.66,3.88,1.2,0.05,1.53,6.65,0.82,4.0,1.0,170.87,0.66,0.519,14,3,0.929,0.106,0.808,0.0,0.795,74.4,0.512
2.95,5.28,6.44,0.34,2.18,4.28,0.35,8.0,0.55,139.52,0.66,0.272,11,7,0.565,0.053,0.541,1.0,0.727,55.2,0.61
3.7,0.97,11.91,0.55,2.23,4.11,1.0,2.0,0.95,97.83,0.61,0.314,2,9,0.972,0.611,0.902,0.0,0.64,58.0,0.478
6.31,5.03,1.67,0.08,5.93,14.67,0.58,6.0,0.88,158.17,0.65,0.641,7,7,0.69,0.478,0.479,1.0,0.764,59.8,0.619
2.54,2.88,11.63,0.46,1.03,3.14,0.82,4.0,1.0,18.74,0.83,0.886,8,1,0.668,0.912,0.507,0.0,0.623,49.7,0.304
3.69,0.72,4.83,0.23,2.38,6.36,1.0,2.0,0.95,157.33,0.67,0.686,1,3,0.817,0.245,0.885,1.0,0.355,65.5,0.571
6.77,6.19,2.12,0.08,6.08,15.74,0.58,6.0,0.88,13.59,0.7,0.99,1,10,0.875,0.285,0.579,1.0,0.471,52.3,0.549
3.69,1.44,14.95,0.77,1.96,3.29,0.82,4.0,1.0,178.24,0.86,0.642,17,3,0.654,0.076,0.923,0.0,0.367,59.6,0.456
2.01,3.84,17.82,0.97,-0.02,1.52,0.58,6.0,0.88,45.05,0.72,0.413,14,10,0.542,0.168,0.601,0.0,0.688,38.1,0.356
3.57,1.21,13.58,0.56,2.75,3.92,1.0,2.0,0.95,112.56,0.65,0.804,5,5,0.796,0.859,0.571,1.0,0.618,50.3,0.499
4.1,1.37,5.4,0.23,3.11,7.07,0.58,6.0,0.88,171.5,0.67,0.499,4,12,0.729,0.436,0.755,0.0,0.67,59.0,0.439
1.96,1.68,10.12,0.46,0.72,2.42,0.58,6.0,0.88,25.77,0.7,0.07,9,4,0.63,0.833,0.735,1.0,0.453,49.1,0.461
5.92,5.81,16.58,0.63,4.3,6.04,0.58,6.0,0.88,46.28,0.74,0.909,14,5,0.623,0.323,0.456,1.0,0.605,46.1,0.498
0.38,3.36,14.37,0.67,-0.66,0.37,0.82,4.0,1.0,92.54,0.75,0.938,10,12,0.837,0.645,0.787,1.0,0.621,65.7,0.469
4.53,2.73,1.92,0.08,3.47,10.53,0.58,6.0,0.88,5.96,0.94,0.862,2,2,0.899,0.621,0.927,0.0,0.367,56.1,0.436
7.63,6.28,16.78,0.75,6.34,6.94,0.58,6.0,0.88,87.52,0.71,0.461,11,1,0.796,0.077,0.822,1.0,0.945,56.5,0.588
2.74,5.86,12.3,0.61,1.29,2.85,0.58,6.0,0.88,174.6,0.72,0.893,14,10,0.724,0.019,0.966,1.0,0.554,68.1,0.646
4.91,6.24,14.24,0.7,3.67,4.68,0.35,8.0,0.55,10.11,0.92,0.762,9,3,0.872,0.435,0.674,0.0,0.917,50.3,0.391
4.7,0.76,17.65,0.71,3.54,4.43,1.0,2.0,0.95,59.62,0.87,0.516,6,7,0.914,0.301,0.976,0.0,0.746,59.3,0.446
5.59,5.02,7.33,0.31,4.99,8.47,0.58,6.0,0.88,70.59,0.7,0.383,1,12,0.895,0.022,0.446,0.0,0.627,49.8,0.464
5.33,1.36,3.75,0.15,4.38,10.66,1.0,2.0,0.95,91.66,0.72,0.911,16,8,0.636,0.376,0.675,0.0,0.594,60.8,0.41
5.69,0.99,5.47,0.26,4.65,9.33,0.82,4.0,1.0,47.95,0.78,0.618,8,4,0.506,0.072,0.959,0.0,0.49,56.4,0.456
8.31,6.55,0.86,0.03,7.32,21.87,0.35,8.0,0.55,159.69,0.69,0.873,15,8,0.92,0.173,0.64,0.0,0.595,57.4,0.462
6.72,3.39,16.23,0.69,5.03,6.46,0.58,6.0,0.88,88.93,0.77,0.794,12,10,0.594,0.287,0.539,1.0,0.879,53.6,0.519
8.11,2.97,8.27,0.4,6.76,10.81,0.58,6.0,0.88,6.89,0.89,0.278,13,8,0.673,0.475,0.415,0.0,0.364,41.1,0.337
1.09,3.96,6.31,0.3,0.48,1.68,0.58,6.0,0.88,136.28,0.89,0.669,7,1,0.78,0.058,0.419,0.0,0.71,70.3,0.491
4.5,3.17,9.11,0.45,3.55,5.62,0.35,8.0,0.55,48.88,0.66,0.984,11,11,0.798,0.365,0.598,0.0,0.926,55.8,0.424
5.14,0.33,12.3,0.45,3.79,6.42,0.35,8.0,0.55,155.38,0.57,0.493,3,2,0.482,0.246,0.578,1.0,0.869,43.9,0.534
9.64,8.74,1.56,0.08,8.56,22.42,0.35,8.0,0.55,91.42,0.89,0.475,9,7,0.676,0.312,0.578,1.0,0.618,44.3,0.515
6.05,5.9,5.05,0.22,5.08,10.61,0.35,8.0,0.55,73.18,0.84,0.793,13,9,0.919,0.708,0.409,1.0,0.799,50.1,0.48
0.5,4.25,1.22,0.05,-0.4,1.25,0.58,6.0,0.88,125.11,0.55,0.221,6,8,0.674,0.286,0.41,1.0,0.878,61.8,0.551
2.3,1.41,4.56,0.21,1.66,4.11,0.35,8.0,0.55,17.71,0.72,0.081,16,5,0.689,0.244,0.72,0.0,0.51,58.6,0.46
2.22,1.35,5.44,0.28,1.53,3.52,0.82,4.0,1.0,109.82,0.68,0.066,6,12,0.57,0.505,0.774,1.0,0.975,71.1,0.657
4.96,8.15,15.56,0.68,3.95,4.82,0.35,8.0,0.55,18.05,0.64,0.398,17,11,0.55,0.141,0.698,0.0,0.519,45.4,0.402
5.24,0.56,3.78,0.16,4.38,10.27,0.58,6.0,0.88,97.76,0.84,0.709,16,9,0.769,0.344,0.761,0.0,0.86,59.1,0.505
5.07,2.14,9.97,0.46,4.05,6.26,1.0,2.0,0.95,94.35,0.95,0.872,13,8,0.633,0.621,0.525,0.0,0.944,56.2,0.413
3.17,1.59,0.74,0.04,2.71,8.13,1.0,2.0,0.95,96.85,0.92,0.873,7,5,0.517,0.607,0.874,1.0,0.926,69.3,0.618
5.6,4.93,4.36,0.17,5.14,10.77,0.58,6.0,0.88,106.6,0.97,0.215,17,6,0.532,0.905,0.571,0.0,0.536,42.0,0.285
2.06,1.43,6.52,0.25,0.75,3.43,1.0,2.0,0.95,59.09,0.57,0.106,10,5,0.455,0.441,0.451,0.0,0.913,62.0,0.534
4.37,4.85,11.95,0.57,3.16,4.75,0.35,8.0,0.55,133.97,0.87,0.276,10,6,0.974,0.304,0.854,0.0,0.727,46.7,0.407
3.47,0.41,5.52,0.29,2.4,5.42,0.58,6.0,0.88,132.61,0.6,0.448,4,12,0.847,0.982,0.621,0.0,0.361,50.5,0.385
1.49,1.14,14.4,0.75,0.03,1.35,0.82,4.0,1.0,76.3,0.78,0.17,3,11,0.88,0.356,0.77,0.0,0.76,61.9,0.498
10.99,0.32,3.48,0.17,10.08,21.13,0.35,8.0,0.55,167.97,0.59,0.054,12,10,0.572,0.662,0.768,1.0,0.66,44.8,0.474
0.9,1.81,2.62,0.14,-0.04,1.84,0.35,8.0,0.55,84.47,0.93,0.581,16,12,0.518,0.805,0.723,0.0,0.441,40.8,0.287
6.79,3.58,5.96,0.21,5.58,12.13,0.82,4.0,1.0,144.91,0.56,0.933,17,7,0.458,0.38,0.567,0.0,0.459,60.9,0.415
2.51,0.82,5.41,0.24,1.64,4.25,1.0,2.0,0.95,145.23,0.86,0.627,11,1,0.831,0.023,0.905,1.0,0.624,79.5,0.657
0.83,0.89,11.29,0.52,-0.62,0.95,1.0,2.0,0.95,41.26,0.8,0.554,17,8,0.836,0.381,0.647,0.0,0.397,53.4,0.37
7.57,7.79,2.48,0.1,6.47,16.82,0.35,8.0,0.55,178.63,0.91,0.875,18,7,0.455,0.279,0.882,1.0,0.769,53.2,0.599
1.45,0.09,5.93,0.23,0.35,2.5,1.0,2.0,0.95,154.52,0.78,0.808,11,12,0.58,0.168,0.817,1.0,0.544,74.7,0.673
4.56,3.74,0.86,0.04,4.01,11.69,0.58,6.0,0.88,24.81,0.66,0.39,3,12,0.667,0.215,0.433,1.0,0.809,52.3,0.586
0.44,4.92,15.56,0.61,-0.76,0.46,0.35,8.0,0.55,113.57,0.89,0.443,11,7,0.815,0.149,0.917,1.0,0.838,55.9,0.466
6.59,0.74,16.31,0.65,4.92,6.59,0.82,4.0,1.0,137.3,0.6,0.257,8,6,0.561,0.437,0.696,1.0,0.619,54.5,0.553
5.76,3.63,8.91,0.49,4.21,6.86,0.35,8.0,0.55,51.58,0.91,0.258,9,12,0.599,0.325,0.733,1.0,0.442,41.3,0.485
5.18,0.74,6.2,0.24,4.41,8.78,1.0,2.0,0.95,113.87,0.97,0.715,16,5,0.735,0.457,0.56,0.0,0.795,59.7,0.47
3.41,1.46,2.17,0.09,2.97,7.75,0.82,4.0,1.0,111.84,0.77,0.294,8,5,0.775,0.356,0.585,1.0,0.841,67.5,0.662
5.26,5.29,4.28,0.17,4.06,10.12,0.35,8.0,0.55,10.87,0.98,0.383,17,3,0.482,0.11,0.855,0.0,0.404,47.5,0.424
1.58,1.27,2.27,0.11,0.76,3.43,0.82,4.0,1.0,134.63,0.69,0.68,6,8,0.652,0.553,0.729,1.0,0.625,76.5,0.674
1.76,1.76,3.54,0.17,1.34,3.38,1.0,2.0,0.95,151.25,0.7,0.258,8,6,0.871,0.527,0.632,1.0,0.416,73.1,0.561
10.17,3.07,10.54,0.39,9.5,13.74,0.35,8.0,0.55,160.51,0.77,0.304,13,11,0.821,0.496,0.428,1.0,0.822,41.3,0.506
6.06,0.46,10.79,0.55,4.81,6.73,0.58,6.0,0.88,176.7,0.73,0.752,5,9,0.643,0.043,0.969,1.0,0.961,58.9,0.66
4.33,3.79,12.12,0.54,2.8,4.87,0.82,4.0,1.0,99.73,0.59,0.201,6,7,0.588,0.942,0.615,1.0,0.754,45.3,0.48
2.65,1.36,14.98,0.57,1.12,2.88,1.0,2.0,0.95,16.63,0.9,0.584,4,10,0.718,0.456,0.617,0.0,0.447,52.5,0.38
4.44,1.35,2.97,0.15,3.95,8.88,1.0,2.0,0.95,165.34,0.83,0.219,8,9,0.864,0.336,0.731,1.0,0.627,63.7,0.569
5.68,0.29,0.34,0.02,4.79,15.35,0.58,6.0,0.88,48.87,0.91,0.25,10,4,0.972,0.432,0.673,1.0,0.414,60.8,0.58
7.15,3.21,14.94,0.72,5.66,6.68,0.82,4.0,1.0,161.77,0.77,0.949,8,5,0.909,0.346,0.609,1.0,0.644,64.4,0.606
0.98,0.77,4.54,0.2,0.34,1.78,1.0,2.0,0.95,53.22,0.98,0.278,3,11,0.589,0.537,0.477,1.0,0.944,70.7,0.62
3.19,2.0,4.87,0.18,2.22,6.02,0.35,8.0,0.55,57.01,0.73,0.362,12,8,0.563,0.665,0.488,0.0,0.688,55.0,0.398
4.65,1.5,10.48,0.38,3.73,6.37,1.0,2.0,0.95,134.94,0.69,0.513,17,2,0.796,0.402,0.49,1.0,0.746,58.0,0.524
2.05,3.28,11.79,0.43,1.11,2.63,0.82,4.0,1.0,2.33,0.56,0.147,13,10,0.978,0.445,0.815,1.0,0.81,58.6,0.575
7.32,0.59,6.29,0.3,6.48,11.26,0.82,4.0,1.0,9.43,0.87,0.524,10,6,0.828,0.402,0.471,0.0,0.47,48.8,0.349
2.72,1.37,0.56,0.02,1.81,7.35,1.0,2.0,0.95,80.02,0.57,0.414,9,10,0.468,0.543,0.806,0.0,0.945,66.5,0.522
10.43,1.42,13.49,0.62,8.87,10.75,0.35,8.0,0.55,44.07,0.8,0.802,14,8,0.663,0.25,0.979,1.0,0.657,41.1,0.538
6.78,3.94,0.82,0.04,6.38,17.38,0.58,6.0,0.88,97.05,0.65,0.79,7,4,0.874,0.82,0.837,0.0,0.397,46.6,0.352
1.86,4.21,17.56,0.87,0.4,1.52,0.58,6.0,0.88,121.68,0.65,0.506,14,8,0.857,0.884,0.951,1.0,0.678,50.2,0.496
3.77,2.02,12.12,0.6,2.61,3.97,1.0,2.0,0.95,113.94,0.93,0.583,5,7,0.887,0.514,0.965,1.0,0.464,65.7,0.551
9.38,8.33,12.74,0.49,8.52,11.17,0.35,8.0,0.55,92.17,0.89,0.421,4,2,0.879,0.672,0.955,0.0,0.398,41.1,0.29
6.11,0.41,1.95,0.09,5.22,13.89,0.82,4.0,1.0,103.03,0.99,0.851,10,7,0.968,0.759,0.662,1.0,0.746,65.0,0.606
1.64,3.04,5.71,0.27,1.06,2.65,0.82,4.0,1.0,94.7,0.91,0.703,11,2,0.563,0.921,0.509,0.0,0.783,65.1,0.408
3.9,0.52,15.08,0.6,2.61,4.11,1.0,2.0,0.95,140.9,0.79,0.903,16,2,0.588,0.671,0.496,0.0,0.514,60.0,0.388
2.79,0.44,1.75,0.09,2.31,6.34,0.58,6.0,0.88,38.86,0.73,0.236,17,8,0.916,0.395,0.569,1.0,0.379,61.4,0.606
5.21,8.55,4.27,0.19,4.65,9.65,0.35,8.0,0.55,109.46,0.55,0.45,16,12,0.894,0.637,0.508,0.0,0.664,45.1,0.378
6.6,5.8,1.85,0.08,5.78,15.35,0.35,8.0,0.55,9.96,0.95,0.688,13,5,0.797,0.796,0.549,1.0,0.644,45.2,0.469
0.76,6.33,12.32,0.61,-0.68,0.79,0.35,8.0,0.55,70.87,0.96,0.806,2,10,0.831,0.751,0.774,0.0,0.538,43.4,0.254
3.98,1.33,12.29,0.64,3.03,4.02,1.0,2.0,0.95,155.68,0.8,0.145,13,9,0.525,0.391,0.954,1.0,0.525,54.6,0.508
0.83,1.13,16.22,0.64,-0.72,0.84,0.82,4.0,1.0,62.69,0.63,0.806,5,3,0.51,0.571,0.939,0.0,0.697,55.5,0.297
5.06,0.98,15.17,0.63,4.01,5.16,0.58,6.0,0.88,178.87,0.8,0.768,10,4,0.812,0.622,0.448,1.0,0.578,52.6,0.537
2.82,0.78,4.57,0.19,1.72,5.22,1.0,2.0,0.95,127.67,0.6,0.882,3,5,0.475,0.808,0.451,0.0,0.469,55.3,0.37
6.66,0.15,3.97,0.15,5.53,13.32,0.35,8.0,0.55,82.78,0.77,0.518,16,12,0.464,0.033,0.638,1.0,0.922,53.7,0.569
2.16,4.11,6.88,0.32,0.77,3.22,0.82,4.0,1.0,47.1,0.91,0.773,18,10,0.62,0.239,0.623,1.0,0.423,66.8,0.622
5.45,7.62,7.84,0.42,4.45,7.08,0.35,8.0,0.55,41.95,0.7,0.956,15,11,0.787,0.842,0.889,1.0,0.829,40.5,0.411
5.66,2.8,14.92,0.59,4.54,6.02,0.58,6.0,0.88,136.38,0.77,0.981,11,2,0.863,0.302,0.563,0.0,0.72,58.0,0.526
6.38,2.41,17.83,0.82,4.58,5.45,0.82,4.0,1.0,152.43,0.62,0.099,12,10,0.831,0.299,0.677,0.0,0.416,47.1,0.45
4.72,7.76,6.52,0.26,3.91,7.74,0.35,8.0,0.55,62.77,0.62,0.587,15,3,0.538,0.683,0.522,1.0,0.519,52.8,0.434
4.5,2.7,4.64,0.19,3.61,8.33,0.82,4.0,1.0,64.1,0.74,0.851,13,12,0.763,0.597,0.935,1.0,0.393,63.2,0.588
0.73,6.77,7.97,0.36,-0.27,1.03,0.35,8.0,0.55,108.11,0.76,0.769,7,10,0.749,0.825,0.484,0.0,0.663,41.7,0.341
1.13,6.92,0.99,0.04,0.64,2.9,0.35,8.0,0.55,65.65,0.61,0.617,6,3,0.8,0.032,0.713,0.0,0.531,63.6,0.469
0.72,0.67,11.1,0.41,-0.15,0.95,0.82,4.0,1.0,69.48,0.9,0.824,1,7,0.75,0.974,0.81,0.0,0.601,49.2,0.284
4.35,5.81,5.82,0.3,3.54,6.69,0.58,6.0,0.88,26.3,0.7,0.508,2,1,0.866,0.861,0.554,1.0,0.531,46.7,0.5
1.11,4.23,11.37,0.44,-0.02,1.41,0.82,4.0,1.0,3.75,0.63,0.383,10,3,0.731,0.006,0.544,1.0,0.608,51.2,0.612
3.4,0.25,10.03,0.36,2.43,4.79,0.58,6.0,0.88,96.35,0.98,0.567,1,11,0.546,0.229,0.742,0.0,0.456,51.2,0.373
0.73,7.92,11.19,0.44,-0.24,0.92,0.35,8.0,0.55,73.43,0.74,0.248,5,9,0.88,0.566,0.851,0.0,0.929,46.8,0.334
1.65,0.39,5.57,0.26,0.79,2.7,1.0,2.0,0.95,104.58,0.6,0.92,13,5,0.609,0.427,0.536,0.0,0.691,70.8,0.508
2.02,1.56,3.22,0.14,1.34,4.12,1.0,2.0,0.95,16.11,0.97,0.19,6,12,0.823,0.752,0.448,1.0,0.577,62.1,0.503
3.42,4.41,2.47,0.09,3.02,7.77,0.35,8.0,0.55,156.58,0.67,0.444,15,6,0.795,0.018,0.457,0.0,0.606,58.5,0.484
1.91,0.38,15.62,0.71,0.54,1.8,0.58,6.0,0.88,163.72,0.7,0.748,7,4,0.457,0.968,0.694,1.0,0.439,49.7,0.449
6.31,5.69,7.67,0.3,5.03,9.71,0.35,8.0,0.55,61.73,0.99,0.196,5,7,0.707,0.268,0.785,1.0,0.665,41.1,0.507
0.84,0.15,1.92,0.09,-0.02,1.91,1.0,2.0,0.95,152.77,0.77,0.176,5,6,0.489,0.131,0.469,0.0,0.696,63.2,0.459
5.39,4.27,8.1,0.45,4.46,6.74,0.82,4.0,1.0,117.25,0.64,0.503,11,9,0.536,0.909,0.599,1.0,0.926,53.9,0.455
6.08,2.86,1.5,0.06,4.94,14.83,0.82,4.0,1.0,162.92,0.76,0.839,15,5,0.819,0.111,0.859,1.0,0.926,69.1,0.691
4.52,0.74,2.35,0.1,3.73,10.04,0.82,4.0,1.0,99.08,0.86,0.219,16,12,0.688,0.76,0.775,1.0,0.652,66.2,0.525
4.89,0.91,15.9,0.6,3.51,5.15,0.82,4.0,1.0,84.31,0.77,0.623,13,6,0.703,0.338,0.636,1.0,0.49,57.3,0.564
4.65,1.37,10.28,0.4,3.81,6.2,1.0,2.0,0.95,167.2,0.84,0.659,5,5,0.7,0.864,0.957,0.0,0.804,53.5,0.34
2.51,0.81,4.1,0.19,1.83,4.65,1.0,2.0,0.95,31.87,0.72,0.79,5,3,0.644,0.594,0.935,0.0,0.61,65.8,0.412
4.05,0.63,14.94,0.54,2.48,4.55,1.0,2.0,0.95,122.82,0.62,0.28,4,8,0.548,0.182,0.58,0.0,0.513,56.9,0.438
4.88,1.41,9.39,0.49,3.62,5.81,1.0,2.0,0.95,41.65,0.99,0.63,9,8,0.875,0.164,0.734,0.0,0.875,63.4,0.537
5.99,4.53,16.41,0.72,4.61,5.6,0.58,6.0,0.88,168.29,0.99,0.287,1,3,0.538,0.769,0.495,1.0,0.643,49.6,0.466
0.57,0.49,10.89,0.6,-0.31,0.6,1.0,2.0,0.95,174.91,0.58,0.336,15,7,0.486,0.841,0.581,0.0,0.635,50.3,0.364
3.26,4.36,0.94,0.03,2.83,8.58,0.58,6.0,0.88,46.25,0.73,0.518,5,12,0.824,0.061,0.651,1.0,0.861,62.5,0.633
2.54,1.06,10.34,0.43,1.62,3.26,0.82,4.0,1.0,153.95,0.88,0.688,6,12,0.634,0.513,0.724,0.0,0.561,61.9,0.491
4.94,0.58,16.82,0.83,3.57,4.19,1.0,2.0,0.95,113.97,0.93,0.248,6,4,0.674,0.101,0.504,1.0,0.828,60.6,0.551
2.1,5.41,2.83,0.14,1.42,4.29,0.58,6.0,0.88,59.71,0.58,0.096,8,3,0.623,0.819,0.683,0.0,0.58,55.1,0.397
0.95,5.19,17.39,0.71,-0.6,0.9,0.35,8.0,0.55,50.66,0.62,0.665,10,6,0.658,0.071,0.744,0.0,0.584,42.9,0.267
2.48,5.3,0.64,0.03,1.76,6.53,0.58,6.0,0.88,106.38,0.93,0.831,12,1,0.635,0.743,0.823,1.0,0.735,76.0,0.638
3.52,1.93,1.98,0.08,2.46,8.19,1.0,2.0,0.95,57.9,0.77,0.165,13,7,0.873,0.174,0.699,0.0,0.968,64.5,0.472
1.69,3.64,15.22,0.81,0.06,1.46,0.35,8.0,0.55,97.49,0.71,0.951,14,4,0.617,0.009,0.852,1.0,0.625,55.9,0.526
0.74,2.69,11.87,0.52,-0.33,0.85,0.82,4.0,1.0,118.08,0.82,0.488,3,5,0.551,0.216,0.959,0.0,0.925,59.9,0.479
0.91,0.22,5.12,0.2,-0.16,1.65,1.0,2.0,0.95,153.23,0.88,0.62,16,9,0.728,0.557,0.712,0.0,0.374,63.8,0.463
2.34,0.57,9.41,0.43,1.23,3.0,1.0,2.0,0.95,127.97,0.88,0.134,12,7,0.943,0.046,0.603,0.0,0.766,68.3,0.603
3.07,0.82,0.62,0.03,2.66,8.08,0.82,4.0,1.0,88.91,0.92,0.738,18,2,0.807,0.944,0.568,0.0,0.748,64.5,0.418
0.51,3.43,13.09,0.52,-0.28,0.59,0.58,6.0,0.88,96.96,0.57,0.43,15,9,0.853,0.584,0.973,1.0,0.415,52.5,0.503
3.29,3.93,4.68,0.21,2.35,5.88,0.82,4.0,1.0,170.0,0.72,0.539,14,8,0.647,0.868,0.596,1.0,0.913,56.5,0.497
0.86,5.9,14.32,0.55,-0.12,0.96,0.35,8.0,0.55,56.05,0.97,0.135,2,11,0.798,0.21,0.941,0.0,0.803,40.6,0.39
4.27,5.02,3.85,0.15,3.27,8.54,0.58,6.0,0.88,87.82,0.66,0.693,4,7,0.712,0.557,0.463,0.0,0.879,53.1,0.408
7.86,0.16,1.86,0.09,7.47,17.86,0.35,8.0,0.55,171.8,0.98,0.326,11,1,0.799,0.997,0.572,0.0,0.67,45.8,0.284
4.41,2.21,11.36,0.56,3.17,4.85,0.82,4.0,1.0,26.05,0.72,0.422,1,4,0.873,0.772,0.544,0.0,0.837,45.4,0.318
1.85,0.72,11.07,0.46,0.95,2.28,1.0,2.0,0.95,5.16,0.86,0.728,4,8,0.976,0.566,0.773,1.0,0.974,63.4,0.573
8.08,3.19,9.39,0.36,7.34,11.38,0.35,8.0,0.55,61.95,0.75,0.361,13,1,0.452,0.127,0.422,0.0,0.915,42.3,0.416
5.39,7.47,17.16,0.86,4.21,4.45,0.35,8.0,0.55,67.68,0.8,0.091,9,2,0.939,0.851,0.496,0.0,0.562,33.9,0.284
4.73,0.52,2.29,0.1,4.13,10.51,1.0,2.0,0.95,51.02,0.84,0.082,18,7,0.874,0.416,0.589,1.0,0.596,58.5,0.556
3.12,1.07,2.61,0.1,2.55,6.93,0.58,6.0,0.88,100.85,0.66,0.567,13,4,0.834,0.244,0.668,1.0,0.398,62.6,0.536
4.66,1.92,16.44,0.9,3.38,3.73,1.0,2.0,0.95,122.87,0.83,0.822,9,2,0.77,0.249,0.733,0.0,0.591,56.3,0.45
4.85,1.27,13.4,0.51,3.4,5.64,1.0,2.0,0.95,145.15,0.83,0.747,13,11,0.809,0.143,0.576,1.0,0.608,61.7,0.625
0.93,0.35,4.71,0.23,0.28,1.6,0.58,6.0,0.88,14.42,0.6,0.947,18,11,0.505,0.01,0.97,0.0,0.789,65.6,0.515
2.64,1.31,0.04,0.0,2.36,7.54,1.0,2.0,0.95,66.29,0.55,0.758,2,7,0.69,0.296,0.874,1.0,0.682,67.8,0.574
7.76,2.37,16.39,0.79,6.32,6.81,0.58,6.0,0.88,170.45,0.62,0.362,16,10,0.592,0.055,0.821,0.0,0.49,49.7,0.49
2.71,4.16,11.04,0.4,1.68,3.61,0.58,6.0,0.88,109.56,0.65,0.628,8,7,0.846,0.999,0.568,0.0,0.864,50.7,0.353
4.64,0.09,3.02,0.12,3.89,9.87,1.0,2.0,0.95,43.61,0.58,0.664,2,6,0.709,0.948,0.54,0.0,0.401,52.3,0.365
3.05,5.2,2.98,0.15,2.62,6.1,0.58,6.0,0.88,167.72,0.56,0.317,10,9,0.662,0.599,0.909,1.0,0.838,65.4,0.619
5.01,3.43,8.41,0.31,4.24,7.59,0.58,6.0,0.88,145.85,0.56,0.101,15,8,0.452,0.072,0.682,0.0,0.762,48.8,0.502
6.13,3.6,16.82,0.75,5.04,5.57,0.82,4.0,1.0,167.82,0.58,0.151,14,1,0.976,0.278,0.414,0.0,0.519,54.1,0.491
3.41,3.93,8.06,0.4,2.56,4.55,0.58,6.0,0.88,119.83,0.69,0.586,14,12,0.941,0.374,0.494,0.0,0.652,60.2,0.504
2.93,3.99,15.78,0.62,1.8,3.02,0.82,4.0,1.0,125.66,0.81,0.221,13,6,0.564,0.386,0.465,1.0,0.758,60.5,0.527
2.76,5.02,5.46,0.25,1.48,4.6,0.35,8.0,0.55,50.6,0.77,0.737,7,12,0.88,0.823,0.891,1.0,0.89,56.3,0.491
6.54,2.92,6.98,0.31,5.9,9.91,0.82,4.0,1.0,126.83,1.0,0.961,9,10,0.556,0.124,0.844,1.0,0.627,58.5,0.522
5.47,0.71,15.71,0.6,4.23,5.76,0.58,6.0,0.88,24.3,0.95,0.165,5,6,0.463,0.697,0.741,0.0,0.939,42.1,0.346
4.02,5.42,9.63,0.4,3.36,5.36,0.58,6.0,0.88,169.08,0.85,0.647,11,6,0.708,0.847,0.534,0.0,0.508,44.5,0.36
4.08,2.17,7.16,0.28,2.73,6.48,1.0,2.0,0.95,66.46,0.61,0.842,2,6,0.463,0.924,0.626,0.0,0.354,48.3,0.367
3.79,1.66,1.5,0.07,3.41,9.02,1.0,2.0,0.95,14.53,0.81,0.233,9,5,0.963,0.747,0.764,0.0,0.438,51.5,0.34
3.81,1.25,2.52,0.1,3.01,8.47,1.0,2.0,0.95,55.93,0.99,0.841,2,11,0.814,0.89,0.811,1.0,0.651,55.2,0.543
0.67,1.48,9.53,0.42,-0.76,0.87,1.0,2.0,0.95,176.27,0.98,0.283,14,6,0.964,0.725,0.441,0.0,0.43,54.6,0.325
6.63,0.14,3.84,0.2,5.56,12.05,0.82,4.0,1.0,72.78,0.68,0.507,3,11,0.784,0.975,0.53,0.0,0.448,45.0,0.353
7.12,3.76,3.41,0.13,6.22,14.83,0.35,8.0,0.55,13.77,0.93,0.463,1,4,0.528,0.782,0.787,0.0,0.765,46.0,0.327
6.68,2.81,7.24,0.32,6.02,9.97,0.82,4.0,1.0,69.74,0.82,0.488,9,10,0.898,0.568,0.89,0.0,0.94,56.5,0.501
8.84,2.31,12.31,0.59,7.18,9.4,0.35,8.0,0.55,144.66,0.89,0.458,18,7,0.719,0.872,0.913,0.0,0.545,38.1,0.274
3.22,5.34,9.36,0.44,2.11,4.08,0.35,8.0,0.55,17.16,0.7,0.717,2,11,0.932,0.699,0.497,1.0,0.684,54.2,0.455
5.63,4.56,0.28,0.01,4.56,15.64,0.58,6.0,0.88,171.76,0.76,0.16,6,12,0.962,0.395,0.413,0.0,0.47,56.1,0.379
1.25,0.74,11.84,0.5,-0.31,1.47,1.0,2.0,0.95,85.38,0.65,0.483,7,10,0.89,0.977,0.895,1.0,0.831,45.0,0.457
2.17,2.01,12.28,0.66,0.85,2.15,0.82,4.0,1.0,40.55,0.73,0.926,1,4,0.827,0.426,0.958,1.0,0.953,71.3,0.626
1.18,2.09,5.25,0.2,0.56,2.15,1.0,2.0,0.95,7.45,0.56,0.091,13,4,0.467,0.948,0.806,0.0,0.746,55.6,0.402
2.84,8.0,15.56,0.6,1.96,2.99,0.35,8.0,0.55,85.96,0.87,0.549,3,3,0.787,0.23,0.648,1.0,0.83,52.6,0.542
0.37,0.63,1.15,0.05,0.05,0.93,0.82,4.0,1.0,54.5,0.8,0.291,3,7,0.811,0.16,0.756,1.0,0.83,78.6,0.672
1.16,1.62,5.89,0.28,0.05,1.84,1.0,2.0,0.95,5.47,0.98,0.891,2,9,0.511,0.304,0.712,1.0,0.797,59.3,0.625
5.28,0.11,7.53,0.27,4.65,8.52,0.82,4.0,1.0,44.83,0.57,0.759,17,4,0.451,0.904,0.788,0.0,0.903,50.6,0.353
4.04,1.84,2.07,0.09,3.21,9.18,0.35,8.0,0.55,153.2,0.8,0.871,4,7,0.826,0.221,0.645,1.0,0.736,62.7,0.595
0.43,1.4,0.03,0.0,-0.59,1.23,0.58,6.0,0.88,13.44,0.56,0.145,13,5,0.758,0.004,0.798,1.0,0.533,60.3,0.505
2.05,1.46,8.82,0.42,0.89,2.66,1.0,2.0,0.95,75.49,0.86,0.54,5,5,0.501,0.359,0.584,0.0,0.762,71.4,0.515
1.45,6.34,3.51,0.16,0.9,2.84,0.35,8.0,0.55,60.99,0.62,0.282,6,3,0.8,0.98,0.943,1.0,0.667,58.8,0.558
7.44,2.11,16.58,0.65,5.73,7.44,0.35,8.0,0.55,153.45,0.69,0.995,6,6,0.845,0.676,0.746,0.0,0.836,42.3,0.419
6.19,1.44,12.34,0.47,5.08,7.55,0.82,4.0,1.0,127.33,0.8,0.218,2,4,0.494,0.445,0.708,0.0,0.961,48.4,0.479
7.69,3.55,14.36,0.79,6.0,6.75,0.58,6.0,0.88,85.82,0.93,0.46,10,3,0.544,0.992,0.528,1.0,0.955,43.7,0.473
5.81,1.24,5.87,0.23,4.85,10.02,0.58,6.0,0.88,80.85,0.75,0.62,3,2,0.811,0.785,0.974,0.0,0.362,49.9,0.335
11.18,3.92,4.5,0.18,10.17,21.09,0.35,8.0,0.55,17.62,0.73,0.572,12,9,0.752,0.912,0.423,0.0,0.903,35.0,0.374
1.18,0.94,6.82,0.29,-0.02,1.84,0.82,4.0,1.0,12.82,0.96,0.236,15,7,0.811,0.07,0.79,0.0,0.354,52.6,0.434
10.41,6.53,13.46,0.53,9.14,11.83,0.35,8.0,0.55,136.41,0.77,0.89,5,8,0.506,0.906,0.59,1.0,0.939,38.8,0.482
1.86,2.99,13.47,0.5,0.53,2.19,0.82,4.0,1.0,159.09,0.62,0.397,18,10,0.721,0.513,0.461,1.0,0.839,70.9,0.611
0.72,4.01,10.23,0.42,-0.35,0.94,0.82,4.0,1.0,90.37,0.68,0.603,10,5,0.616,0.684,0.773,1.0,0.898,60.0,0.451
2.68,1.3,14.91,0.59,1.72,2.85,1.0,2.0,0.95,115.96,0.97,0.321,8,5,0.857,0.83,0.976,0.0,0.784,51.6,0.428
2.63,3.85,16.55,0.82,1.04,2.25,0.58,6.0,0.88,60.63,0.83,0.725,2,8,0.881,0.704,0.732,1.0,0.579,59.9,0.52
6.94,2.21,7.5,0.27,5.95,11.19,0.82,4.0,1.0,69.36,0.79,0.996,7,5,0.809,0.489,0.954,0.0,0.386,56.9,0.438
5.54,3.44,15.84,0.64,3.92,5.6,0.35,8.0,0.55,58.3,0.56,0.645,16,9,0.733,0.388,0.491,0.0,0.474,44.7,0.359
1.57,0.46,10.47,0.44,0.77,1.99,1.0,2.0,0.95,100.67,0.86,0.091,6,4,0.496,1.0,0.48,1.0,0.548,51.8,0.425
7.75,1.92,8.11,0.39,6.52,10.47,0.58,6.0,0.88,35.53,0.99,0.283,16,8,0.49,0.424,0.755,0.0,0.719,46.9,0.384
6.71,6.51,0.75,0.03,6.4,17.66,0.58,6.0,0.88,75.17,0.76,0.12,14,5,0.591,0.933,0.609,1.0,0.854,49.7,0.432
1.12,2.5,16.69,0.7,-0.64,1.07,0.82,4.0,1.0,28.25,0.85,0.768,1,7,0.622,0.438,0.635,0.0,0.456,42.0,0.317
5.04,2.8,6.56,0.31,4.12,7.64,0.82,4.0,1.0,125.71,0.66,0.054,9,6,0.646,0.811,0.597,1.0,0.382,51.6,0.427
4.27,3.32,8.77,0.37,2.97,5.93,0.58,6.0,0.88,57.47,0.91,0.27,5,8,0.667,0.986,0.734,0.0,0.516,44.1,0.265
5.31,3.64,7.21,0.33,4.17,7.81,0.82,4.0,1.0,147.89,0.61,0.962,1,3,0.952,0.184,0.436,1.0,0.586,60.8,0.525
2.71,1.35,7.77,0.28,1.79,4.3,1.0,2.0,0.95,165.35,0.58,0.374,4,3,0.47,0.207,0.892,1.0,0.545,59.4,0.563
10.32,8.03,6.88,0.27,9.33,16.65,0.35,8.0,0.55,36.47,0.66,0.702,8,10,0.839,0.855,0.442,0.0,0.714,32.2,0.314
1.15,3.75,4.04,0.18,0.58,2.17,0.82,4.0,1.0,165.7,0.57,0.103,18,3,0.919,0.511,0.778,1.0,0.822,73.8,0.66
2.97,3.72,8.84,0.38,1.58,4.07,0.58,6.0,0.88,142.49,0.95,0.937,2,7,0.553,0.159,0.783,0.0,0.955,66.5,0.5
4.99,0.61,12.67,0.59,3.66,5.31,1.0,2.0,0.95,26.45,0.95,0.517,1,10,0.671,0.693,0.411,1.0,0.908,53.0,0.515
8.74,6.6,3.18,0.14,7.96,17.84,0.58,6.0,0.88,84.91,0.66,0.52,18,5,0.457,0.004,0.804,1.0,0.612,52.6,0.56
5.47,0.24,16.29,0.7,4.0,5.21,1.0,2.0,0.95,171.72,0.62,0.341,13,9,0.482,0.599,0.697,0.0,0.913,56.1,0.394
3.22,3.88,0.02,0.0,2.55,9.2,0.35,8.0,0.55,116.89,0.97,0.082,13,12,0.83,0.543,0.406,0.0,0.397,58.7,0.439
3.76,4.18,15.66,0.59,2.38,4.0,0.35,8.0,0.55,27.69,0.81,0.231,4,3,0.853,0.997,0.477,1.0,0.5,35.6,0.403
4.67,1.75,1.53,0.06,3.53,11.39,1.0,2.0,0.95,101.03,0.67,0.069,15,1,0.943,0.118,0.401,1.0,0.656,70.0,0.62
2.82,1.45,13.04,0.7,1.17,2.69,1.0,2.0,0.95,12.36,0.65,0.453,18,10,0.648,0.443,0.62,0.0,0.758,49.8,0.37
2.04,0.19,0.63,0.02,0.98,5.51,1.0,2.0,0.95,11.12,0.76,0.824,16,9,0.841,0.028,0.502,1.0,0.38,69.1,0.593
2.17,6.72,11.28,0.45,0.94,2.71,0.35,8.0,0.55,7.83,0.56,0.691,16,6,0.929,0.791,0.675,1.0,0.775,60.0,0.576
6.21,5.74,7.6,0.32,5.0,9.27,0.58,6.0,0.88,82.33,0.69,0.84,6,6,0.53,0.663,0.795,1.0,0.771,49.9,0.474
3.52,3.11,12.94,0.58,2.66,3.78,0.35,8.0,0.55,143.22,0.86,0.398,7,4,0.693,0.781,0.755,0.0,0.897,53.2,0.449
8.62,6.8,12.36,0.55,7.37,9.58,0.35,8.0,0.55,134.35,0.96,0.779,1,9,0.62,0.496,0.451,1.0,0.54,42.4,0.5
5.98,2.61,9.16,0.44,4.79,7.57,0.58,6.0,0.88,8.21,0.58,0.958,11,9,0.662,0.283,0.426,1.0,0.63,45.9,0.452
2.68,2.31,13.77,0.65,0.95,2.68,0.35,8.0,0.55,133.12,0.6,0.906,3,12,0.96,0.911,0.7,0.0,0.956,45.6,0.392
5.81,5.41,1.37,0.06,5.01,14.17,0.58,6.0,0.88,22.97,0.85,0.1,15,12,0.818,0.651,0.802,0.0,0.903,48.7,0.365
3.3,3.08,17.42,0.76,1.5,2.97,0.35,8.0,0.55,3.54,0.93,0.332,6,10,0.724,0.884,0.681,0.0,0.803,32.3,0.249
4.65,4.52,10.96,0.47,3.55,5.67,0.58,6.0,0.88,70.81,0.68,0.605,15,2,0.705,0.548,0.546,1.0,0.972,59.8,0.522
1.23,1.65,6.05,0.33,0.42,1.81,0.35,8.0,0.55,144.51,0.83,0.902,14,8,0.908,0.839,0.759,1.0,0.721,59.5,0.517
4.04,2.49,9.23,0.34,2.81,5.86,0.35,8.0,0.55,174.03,0.66,0.054,5,12,0.946,0.991,0.971,1.0,0.977,47.6,0.496
2.38,4.02,11.94,0.64,0.9,2.4,0.35,8.0,0.55,39.17,0.72,0.287,1,2,0.531,0.279,0.967,1.0,0.846,56.6,0.544
4.08,6.08,1.26,0.06,3.3,9.95,0.58,6.0,0.88,73.57,0.87,0.716,8,1,0.962,0.811,0.416,1.0,0.561,55.8,0.439
9.21,0.72,0.63,0.03,8.55,24.24,0.58,6.0,0.88,166.44,0.66,0.1,15,11,0.543,0.885,0.777,1.0,0.392,43.1,0.435
3.08,5.76,6.34,0.32,2.46,4.6,0.58,6.0,0.88,145.55,0.61,0.123,18,12,0.458,0.545,0.508,1.0,0.69,59.1,0.595
1.21,6.15,5.38,0.22,0.31,2.12,0.35,8.0,0.55,93.42,0.72,0.386,11,12,0.892,0.08,0.939,0.0,0.746,63.6,0.521
1.63,6.19,16.47,0.71,0.21,1.54,0.58,6.0,0.88,79.04,0.57,0.929,9,7,0.762,0.715,0.705,1.0,0.461,61.3,0.48
4.46,0.29,2.77,0.14,3.5,9.1,0.58,6.0,0.88,151.47,0.63,0.636,18,8,0.498,0.734,0.902,0.0,0.82,63.0,0.421
10.88,4.63,17.64,0.92,9.33,8.57,0.35,8.0,0.55,157.34,0.77,0.42,14,9,0.822,0.778,0.508,0.0,0.683,40.4,0.396
1.42,2.25,16.43,0.73,0.25,1.31,0.82,4.0,1.0,49.82,0.99,0.959,1,7,0.546,0.537,0.878,1.0,0.752,66.0,0.628
4.75,2.29,7.66,0.38,3.57,6.51,0.58,6.0,0.88,154.86,0.93,0.48,2,1,0.585,0.213,0.708,1.0,0.488,61.1,0.606
5.68,2.96,2.28,0.1,4.64,12.62,0.82,4.0,1.0,146.2,0.97,0.072,6,5,0.472,0.727,0.488,1.0,0.563,61.4,0.531
7.36,3.51,16.06,0.58,5.98,7.91,0.82,4.0,1.0,54.18,0.6,0.503,18,9,0.903,0.069,0.857,1.0,0.752,58.9,0.586
2.95,3.47,14.16,0.53,1.85,3.35,0.35,8.0,0.55,3.81,0.98,0.315,9,12,0.806,0.499,0.532,0.0,0.798,47.2,0.355
2.38,2.67,6.34,0.28,1.26,3.78,0.82,4.0,1.0,7.16,0.85,0.452,6,4,0.809,0.262,0.581,1.0,0.954,62.6,0.556
0.62,4.91,5.81,0.31,-0.05,0.94,0.35,8.0,0.55,129.88,0.65,0.957,17,1,0.818,0.241,0.948,1.0,0.407,62.0,0.517
2.12,1.9,11.24,0.53,0.59,2.41,0.82,4.0,1.0,139.96,0.58,0.564,1,2,0.644,0.218,0.665,0.0,0.555,63.1,0.442
5.82,4.53,8.29,0.3,4.48,8.95,0.35,8.0,0.55,67.11,0.74,0.64,15,12,0.936,0.668,0.572,1.0,0.565,46.5,0.476
0.58,2.29,16.14,0.79,-0.99,0.51,0.58,6.0,0.88,25.85,0.87,0.129,4,5,0.722,0.875,0.955,1.0,0.915,41.5,0.309
5.28,0.62,15.36,0.57,4.34,5.74,0.82,4.0,1.0,168.08,0.97,0.9,17,11,0.968,0.164,0.84,1.0,0.76,61.8,0.551
1.01,3.67,6.74,0.32,0.19,1.51,0.82,4.0,1.0,28.51,0.91,0.088,5,8,0.784,0.765,0.911,1.0,0.478,63.0,0.558
2.5,0.3,14.81,0.68,0.84,2.43,0.82,4.0,1.0,32.67,0.97,0.796,10,5,0.455,0.702,0.738,1.0,0.497,61.7,0.563
3.32,0.24,14.35,0.76,1.84,2.99,1.0,2.0,0.95,8.9,0.87,0.677,12,8,0.753,0.583,0.435,0.0,0.528,52.2,0.412
1.16,5.29,11.8,0.44,0.19,1.47,0.58,6.0,0.88,74.38,0.59,0.905,3,2,0.558,0.303,0.959,0.0,0.515,64.0,0.463
1.39,1.34,12.34,0.55,0.44,1.54,1.0,2.0,0.95,84.18,0.8,0.133,16,4,0.604,0.128,0.845,0.0,0.366,60.9,0.421
3.94,4.37,0.71,0.03,2.93,10.37,0.82,4.0,1.0,101.77,0.62,0.549,2,9,0.739,0.528,0.441,1.0,0.777,63.9,0.56
1.19,2.54,12.17,0.46,0.45,1.47,0.82,4.0,1.0,29.43,0.85,0.233,13,9,0.835,0.696,0.455,0.0,0.497,58.7,0.458
5.8,8.73,17.53,0.7,4.26,5.52,0.35,8.0,0.55,14.32,0.77,0.061,7,12,0.74,0.563,0.759,1.0,0.533,36.8,0.476
1.58,0.49,2.86,0.11,0.38,3.43,1.0,2.0,0.95,50.49,0.91,0.613,14,1,0.958,0.077,0.919,1.0,0.835,78.3,0.731
5.41,6.62,2.76,0.11,4.49,11.76,0.35,8.0,0.55,29.06,0.58,0.408,7,2,0.659,0.835,0.784,0.0,0.408,43.6,0.346
1.97,1.96,13.59,0.49,0.4,2.35,1.0,2.0,0.95,171.83,0.89,0.595,13,4,0.482,0.399,0.668,0.0,0.568,65.3,0.468
4.78,5.34,15.5,0.8,3.08,4.16,0.35,8.0,0.55,40.84,0.76,0.078,4,12,0.811,0.523,0.405,0.0,0.715,43.5,0.329
3.23,0.48,3.29,0.16,2.1,6.33,1.0,2.0,0.95,144.24,0.73,0.895,16,5,0.601,0.696,0.802,0.0,0.743,69.6,0.452
5.84,0.08,10.4,0.52,4.62,6.71,0.58,6.0,0.88,160.3,0.96,0.847,5,11,0.648,0.946,0.831,1.0,0.549,49.6,0.418
4.95,2.1,14.07,0.51,3.41,5.76,1.0,2.0,0.95,94.45,0.62,0.763,14,8,0.738,0.909,0.718,1.0,0.473,53.0,0.506
1.39,1.1,0.31,0.02,0.92,3.76,0.82,4.0,1.0,47.45,0.71,0.346,14,5,0.724,0.738,0.947,1.0,0.412,76.1,0.614
0.63,1.04,8.23,0.38,-0.14,0.86,0.82,4.0,1.0,80.72,0.73,0.166,12,9,0.61,0.513,0.464,1.0,0.509,53.7,0.481
3.99,1.58,12.65,0.47,3.21,4.87,1.0,2.0,0.95,97.94,0.6,0.342,1,4,0.915,0.076,0.7,0.0,0.602,58.6,0.518
3.46,4.18,6.82,0.32,2.67,5.16,0.58,6.0,0.88,133.99,0.78,0.284,17,5,0.94,0.943,0.963,0.0,0.665,47.7,0.326
1.37,1.94,12.18,0.5,0.35,1.61,1.0,2.0,0.95,178.55,0.93,0.386,14,7,0.465,0.231,0.404,0.0,0.408,69.2,0.518
1.44,3.42,17.22,0.62,0.25,1.48,0.82,4.0,1.0,106.49,0.96,0.703,4,11,0.904,0.966,0.658,0.0,0.596,59.2,0.402
5.2,0.75,12.23,0.54,3.58,5.84,1.0,2.0,0.95,106.21,0.67,0.792,3,7,0.812,0.907,0.419,0.0,0.394,44.9,0.346
8.18,4.99,17.05,0.84,6.4,6.87,0.58,6.0,0.88,113.85,0.8,0.229,16,8,0.468,0.691,0.5,1.0,0.935,44.0,0.503
8.37,0.86,14.6,0.61,7.21,8.72,0.58,6.0,0.88,52.74,0.89,0.456,11,5,0.523,0.085,0.83,1.0,0.881,50.4,0.551
1.8,3.05,9.01,0.33,1.12,2.65,0.35,8.0,0.55,174.1,0.88,0.996,3,11,0.976,0.205,0.577,1.0,0.789,66.3,0.583
6.52,5.4,12.81,0.54,5.03,7.33,0.58,6.0,0.88,77.22,0.96,0.539,16,12,0.498,0.956,0.894,0.0,0.407,34.4,0.279
1.0,1.58,5.11,0.21,0.16,1.79,1.0,2.0,0.95,171.46,0.88,0.277,9,10,0.61,0.282,0.805,1.0,0.459,75.5,0.645
2.59,1.58,2.7,0.1,1.55,5.76,0.82,4.0,1.0,98.44,0.84,0.509,18,8,0.828,0.859,0.782,0.0,0.766,58.2,0.374
3.81,4.22,17.11,0.75,2.11,3.46,0.58,6.0,0.88,62.81,0.8,0.889,3,9,0.909,0.96,0.957,1.0,0.396,49.0,0.376
0.95,0.95,1.37,0.05,0.43,2.38,1.0,2.0,0.95,69.96,0.84,0.969,17,4,0.482,0.577,0.611,1.0,0.459,81.1,0.669
2.72,6.45,13.85,0.6,1.41,2.86,0.35,8.0,0.55,117.97,0.7,0.725,8,8,0.98,0.669,0.963,1.0,0.639,52.9,0.51
3.61,0.78,3.11,0.11,3.12,7.85,1.0,2.0,0.95,135.67,0.88,0.577,1,9,0.964,0.755,0.636,0.0,0.737,65.9,0.449
1.11,0.98,16.39,0.62,-0.23,1.14,1.0,2.0,0.95,40.27,0.81,0.998,15,2,0.667,0.403,0.879,0.0,0.964,61.9,0.399
1.32,2.19,8.5,0.32,0.11,1.97,1.0,2.0,0.95,152.01,0.56,0.094,8,8,0.726,0.061,0.766,1.0,0.929,71.9,0.664
1.52,2.22,15.13,0.59,0.65,1.62,0.82,4.0,1.0,173.57,0.95,0.273,17,5,0.765,0.672,0.801,1.0,0.805,71.0,0.641
4.75,1.56,15.34,0.59,3.34,5.05,0.82,4.0,1.0,49.89,0.7,0.351,5,7,0.7,0.36,0.56,0.0,0.666,51.2,0.438
5.66,3.11,15.46,0.59,4.66,6.02,0.35,8.0,0.55,61.42,0.61,0.192,6,7,0.967,0.397,0.975,0.0,0.387,38.2,0.372
3.51,6.29,6.68,0.3,2.75,5.4,0.58,6.0,0.88,110.9,0.87,0.081,15,5,0.861,0.039,0.621,1.0,0.405,57.6,0.525
2.29,1.79,8.62,0.45,1.3,2.86,0.82,4.0,1.0,101.32,0.77,0.651,1,1,0.832,0.358,0.886,0.0,0.602,76.7,0.526
1.74,2.19,4.15,0.15,1.23,3.48,0.82,4.0,1.0,96.84,0.71,0.43,17,4,0.697,0.895,0.883,0.0,0.663,64.4,0.414
1.08,1.06,4.13,0.18,-0.0,2.04,0.82,4.0,1.0,126.42,0.95,0.057,10,3,0.797,0.251,0.92,0.0,0.818,70.4,0.501
6.69,0.91,2.23,0.09,5.6,15.2,0.82,4.0,1.0,93.61,0.79,0.399,3,3,0.641,0.487,0.718,0.0,0.52,54.5,0.37
7.24,4.55,2.05,0.07,6.43,17.24,0.58,6.0,0.88,70.64,0.56,0.978,13,5,0.646,0.706,0.578,0.0,0.41,53.0,0.404
3.66,2.96,7.83,0.43,2.8,4.69,0.82,4.0,1.0,27.89,0.92,0.238,14,9,0.731,0.617,0.553,0.0,0.681,53.1,0.428
1.49,1.03,16.38,0.72,-0.26,1.39,1.0,2.0,0.95,121.64,0.94,0.694,3,12,0.647,0.238,0.455,1.0,0.827,57.2,0.529
7.65,5.15,12.26,0.49,6.8,9.11,0.58,6.0,0.88,4.08,0.75,0.883,17,7,0.788,0.767,0.634,1.0,0.491,40.9,0.417
4.83,1.83,10.39,0.45,3.92,6.04,1.0,2.0,0.95,101.59,0.71,0.635,1,4,0.73,0.185,0.485,1.0,0.59,54.0,0.531
3.05,5.97,5.31,0.22,1.74,5.35,0.35,8.0,0.55,42.56,0.82,0.634,10,1,0.557,0.563,0.586,1.0,0.611,56.9,0.548
2.17,3.13,9.24,0.46,1.41,2.68,0.58,6.0,0.88,133.42,0.59,0.679,15,4,0.651,0.376,0.796,0.0,0.571,65.4,0.518
5.5,3.65,3.06,0.12,4.89,11.7,0.82,4.0,1.0,91.89,0.67,0.253,3,7,0.804,0.005,0.456,0.0,0.371,51.4,0.446
4.77,8.54,0.41,0.02,3.67,12.89,0.35,8.0,0.55,134.77,0.74,0.339,15,9,0.92,0.628,0.515,1.0,0.674,57.3,0.545
1.19,6.55,14.31,0.55,-0.13,1.32,0.58,6.0,0.88,6.13,0.64,0.142,14,5,0.935,0.771,0.781,1.0,0.752,44.3,0.383
7.22,5.39,12.88,0.58,5.57,7.76,0.58,6.0,0.88,150.7,0.66,0.519,7,12,0.959,0.234,0.655,0.0,0.819,53.4,0.516
1.55,6.23,0.54,0.03,0.9,4.08,0.58,6.0,0.88,165.47,0.59,0.232,18,5,0.842,0.443,0.744,0.0,0.965,74.3,0.585
0.75,5.42,9.15,0.38,-0.31,1.03,0.58,6.0,0.88,72.32,0.89,0.105,8,1,0.721,0.571,0.743,1.0,0.527,56.9,0.526
2.25,1.02,13.94,0.69,1.1,2.16,0.82,4.0,1.0,74.21,0.7,0.997,6,2,0.814,0.389,0.877,1.0,0.39,72.1,0.542
8.29,2.8,5.23,0.23,7.04,14.29,0.58,6.0,0.88,106.56,0.58,0.503,9,8,0.596,0.43,0.93,0.0,0.764,54.0,0.432
1.62,3.58,0.8,0.03,0.72,4.26,0.82,4.0,1.0,147.27,0.73,0.347,12,9,0.868,0.71,0.812,0.0,0.752,79.4,0.472
1.47,3.46,3.99,0.2,0.91,2.67,0.58,6.0,0.88,98.8,0.87,0.678,1,2,0.882,0.516,0.583,0.0,0.833,68.8,0.515
2.5,4.59,1.91,0.07,2.15,5.95,0.35,8.0,0.55,34.82,0.68,0.386,15,2,0.96,0.093,0.617,0.0,0.592,64.3,0.544
5.91,5.1,2.09,0.08,5.05,13.74,0.58,6.0,0.88,130.88,0.57,0.388,4,10,0.5,0.813,0.87,0.0,0.875,47.1,0.385
2.93,1.76,8.86,0.39,1.83,3.96,1.0,2.0,0.95,116.28,0.82,0.19,7,12,0.536,0.836,0.956,1.0,0.361,55.7,0.5
1.28,8.47,3.96,0.15,0.82,2.56,0.35,8.0,0.55,36.66,0.81,0.205,5,1,0.748,0.942,0.848,1.0,0.376,53.7,0.517
3.77,2.99,16.84,0.74,2.47,3.46,0.82,4.0,1.0,100.91,0.72,0.731,9,9,0.454,0.399,0.44,0.0,0.92,61.3,0.518
3.7,2.02,17.9,0.75,1.99,3.36,1.0,2.0,0.95,169.89,0.74,0.516,3,3,0.508,0.554,0.428,0.0,0.691,59.4,0.467
6.52,3.14,14.04,0.52,5.23,7.49,0.82,4.0,1.0,110.35,0.65,0.106,11,6,0.759,0.746,0.846,0.0,0.388,52.6,0.34
7.82,2.28,7.75,0.32,6.82,11.67,0.58,6.0,0.88,109.74,0.93,0.15,1,10,0.823,0.633,0.731,1.0,0.892,44.7,0.464
2.12,0.24,2.54,0.14,1.55,4.33,1.0,2.0,0.95,77.15,0.78,0.435,9,2,0.949,0.89,0.846,1.0,0.511,71.4,0.542
4.86,1.56,12.45,0.54,3.98,5.46,1.0,2.0,0.95,8.79,0.9,0.849,9,7,0.749,0.264,0.728,1.0,0.369,49.2,0.515
7.93,6.02,0.63,0.02,7.07,21.43,0.58,6.0,0.88,83.3,0.7,0.461,18,4,0.813,0.638,0.93,1.0,0.71,53.7,0.486
1.07,0.99,11.14,0.61,-0.32,1.11,0.58,6.0,0.88,82.87,0.94,0.668,14,3,0.618,0.191,0.841,1.0,0.636,57.1,0.53
2.14,0.68,16.89,0.61,0.86,2.23,0.58,6.0,0.88,95.35,0.83,0.167,10,11,0.827,0.89,0.586,0.0,0.435,53.7,0.39
4.7,1.99,6.99,0.36,3.76,6.62,0.82,4.0,1.0,26.4,0.87,0.429,1,4,0.613,0.522,0.557,1.0,0.902,53.1,0.555
5.74,0.45,7.13,0.33,4.45,8.44,0.35,8.0,0.55,134.79,0.92,0.331,6,2,0.925,0.822,0.688,0.0,0.48,41.3,0.28
2.31,4.23,6.12,0.29,1.14,3.61,0.82,4.0,1.0,149.94,0.55,0.355,17,10,0.614,0.39,0.436,0.0,0.418,71.1,0.441
0.41,1.62,13.18,0.65,-0.66,0.41,0.82,4.0,1.0,17.6,0.87,0.539,12,7,0.459,0.613,0.881,0.0,0.532,47.8,0.229
0.38,0.23,2.64,0.1,-0.2,0.84,1.0,2.0,0.95,47.95,0.88,0.739,9,12,0.79,0.075,0.9,1.0,0.673,69.2,0.655
5.22,2.81,15.77,0.69,3.63,5.02,0.82,4.0,1.0,28.9,0.94,0.093,5,2,0.942,0.427,0.708,0.0,0.408,46.8,0.433
2.94,1.45,17.28,0.66,1.55,2.91,1.0,2.0,0.95,28.81,0.69,0.975,12,8,0.725,0.617,0.867,0.0,0.778,56.3,0.431
7.45,5.75,15.6,0.7,5.85,7.1,0.58,6.0,0.88,55.49,0.79,0.557,7,12,0.851,0.494,0.763,1.0,0.546,49.6,0.453
2.2,0.81,16.18,0.58,0.79,2.37,0.58,6.0,0.88,136.79,0.8,0.365,8,5,0.628,0.23,0.827,0.0,0.672,58.4,0.414
4.39,3.15,6.83,0.31,3.79,6.65,0.58,6.0,0.88,24.87,0.8,0.52,11,12,0.819,0.501,0.446,0.0,0.385,49.4,0.348
5.47,1.75,6.48,0.33,4.57,8.04,0.82,4.0,1.0,135.51,0.61,0.172,2,8,0.896,0.712,0.946,1.0,0.848,56.3,0.47
0.43,0.88,4.99,0.24,-0.18,0.73,1.0,2.0,0.95,142.34,0.82,0.935,12,12,0.695,0.271,0.519,0.0,0.725,70.2,0.495
3.87,0.83,4.09,0.2,3.18,7.04,1.0,2.0,0.95,105.35,0.75,0.641,15,1,0.499,0.75,0.833,1.0,0.493,64.3,0.546
7.11,3.6,6.41,0.27,6.24,11.47,0.58,6.0,0.88,14.25,0.79,0.531,16,9,0.664,0.948,0.978,0.0,0.423,37.9,0.248
2.34,2.91,16.53,0.71,0.96,2.21,0.58,6.0,0.88,53.35,0.94,0.955,7,4,0.512,0.167,0.533,1.0,0.516,59.0,0.616
1.84,0.49,2.12,0.1,0.69,4.09,1.0,2.0,0.95,133.33,0.96,0.257,13,9,0.696,0.46,0.819,1.0,0.511,71.5,0.563
4.93,8.78,13.72,0.62,4.06,5.08,0.35,8.0,0.55,174.12,0.72,0.731,6,9,0.902,0.12,0.961,0.0,0.426,52.1,0.402
10.0,4.75,8.65,0.33,8.77,14.71,0.35,8.0,0.55,25.79,0.67,0.801,7,4,0.901,0.906,0.819,1.0,0.756,41.1,0.427
5.09,0.21,7.24,0.29,4.21,7.95,0.82,4.0,1.0,159.97,0.79,0.989,4,3,0.557,0.653,0.553,1.0,0.678,64.0,0.566
0.93,1.17,5.57,0.21,0.1,1.66,1.0,2.0,0.95,19.46,0.99,0.222,1,7,0.847,0.468,0.796,1.0,0.827,61.4,0.583
5.99,1.15,17.09,0.9,4.25,4.79,0.82,4.0,1.0,131.34,0.81,0.929,18,11,0.826,0.573,0.55,0.0,0.742,58.1,0.474
1.42,1.88,3.48,0.14,0.74,2.9,1.0,2.0,0.95,90.38,0.77,0.488,17,8,0.702,0.366,0.522,1.0,0.395,74.5,0.587
3.21,5.26,10.53,0.52,1.75,3.69,0.35,8.0,0.55,100.86,0.98,0.67,10,3,0.679,0.491,0.476,0.0,0.733,48.8,0.447
1.63,7.63,0.6,0.03,1.16,4.29,0.35,8.0,0.55,20.91,0.69,0.969,10,5,0.547,0.199,0.964,1.0,0.74,74.9,0.628
0.8,1.91,9.44,0.43,-0.56,1.03,1.0,2.0,0.95,70.44,0.92,0.832,15,12,0.771,0.312,0.765,0.0,0.566,64.0,0.359
2.31,1.37,10.3,0.46,1.4,2.85,1.0,2.0,0.95,82.47,0.99,0.605,13,2,0.474,0.181,0.512,0.0,0.622,66.2,0.47
5.01,2.58,10.19,0.37,3.63,6.96,0.58,6.0,0.88,164.19,0.83,0.496,12,6,0.935,0.444,0.513,1.0,0.644,52.5,0.545
6.55,0.68,17.37,0.7,5.43,6.24,0.58,6.0,0.88,145.89,0.88,0.858,1,10,0.675,0.34,0.695,1.0,0.825,47.9,0.558
6.51,3.16,16.95,0.74,4.68,5.97,0.58,6.0,0.88,87.24,0.92,0.924,10,4,0.953,0.916,0.976,1.0,0.522,50.1,0.402
2.59,4.34,15.11,0.61,0.98,2.7,0.35,8.0,0.55,138.21,0.71,0.424,9,12,0.627,0.444,0.83,1.0,0.74,56.7,0.566
8.65,3.1,15.16,0.58,7.62,9.3,0.35,8.0,0.55,153.95,0.96,0.87,2,12,0.788,0.253,0.849,0.0,0.629,40.5,0.405
6.56,4.95,11.0,0.52,5.6,7.54,0.58,6.0,0.88,113.03,0.7,0.076,15,6,0.598,0.867,0.419,1.0,0.681,37.7,0.421
5.57,1.67,7.25,0.36,4.35,7.85,0.82,4.0,1.0,23.51,0.73,0.411,17,1,0.819,0.277,0.853,1.0,0.489,52.9,0.586
1.15,0.06,15.84,0.78,-0.57,1.02,0.58,6.0,0.88,127.76,0.93,0.349,2,12,0.916,0.408,0.7,1.0,0.748,49.5,0.395
8.81,3.11,11.66,0.56,7.16,9.68,0.58,6.0,0.88,142.39,0.96,0.871,2,4,0.566,0.857,0.479,1.0,0.474,42.7,0.439
1.37,3.94,14.09,0.56,-0.08,1.51,0.58,6.0,0.88,52.49,0.92,0.101,3,1,0.545,0.489,0.426,0.0,0.78,46.0,0.341
9.29,1.77,15.86,0.7,7.8,8.85,0.58,6.0,0.88,37.99,0.64,0.274,1,7,0.496,0.252,0.916,1.0,0.893,41.3,0.537
6.24,1.89,6.15,0.22,5.0,10.95,0.35,8.0,0.55,121.03,0.9,0.702,14,1,0.548,0.467,0.821,1.0,0.56,54.9,0.472
3.63,2.02,9.75,0.36,2.22,5.11,1.0,2.0,0.95,108.75,0.66,0.733,4,4,0.752,0.127,0.685,1.0,0.579,63.5,0.602
9.13,0.72,13.26,0.66,7.44,9.04,0.58,6.0,0.88,90.68,0.97,0.474,11,12,0.718,0.979,0.684,0.0,0.828,40.3,0.36
1.44,0.25,7.69,0.42,0.74,1.87,0.58,6.0,0.88,83.0,0.64,0.561,10,8,0.731,0.269,0.962,0.0,0.494,64.8,0.516
2.73,8.18,5.91,0.28,1.62,4.33,0.35,8.0,0.55,156.5,0.94,0.639,16,3,0.722,0.614,0.51,1.0,0.699,61.9,0.522
9.31,2.29,13.31,0.71,7.93,8.78,0.35,8.0,0.55,94.43,0.89,0.527,9,5,0.977,0.889,0.719,1.0,0.978,38.8,0.387
7.3,0.2,11.27,0.52,6.53,8.39,0.82,4.0,1.0,128.96,0.7,0.452,2,2,0.844,0.159,0.883,0.0,0.916,58.3,0.512
4.6,1.97,17.27,0.66,3.55,4.55,0.35,8.0,0.55,45.77,0.93,0.43,9,1,0.969,0.029,0.746,0.0,0.856,50.1,0.506
4.49,1.52,3.75,0.19,3.95,8.31,1.0,2.0,0.95,156.22,0.83,0.389,3,9,0.967,0.326,0.413,0.0,0.476,61.4,0.466
4.25,1.54,6.92,0.3,3.01,6.54,1.0,2.0,0.95,11.87,0.79,0.168,2,10,0.576,0.968,0.928,1.0,0.537,37.7,0.39
4.41,5.45,10.8,0.4,3.26,5.88,0.58,6.0,0.88,95.53,0.89,0.307,11,11,0.81,0.237,0.881,1.0,0.891,57.5,0.585
5.82,3.84,7.86,0.38,5.08,7.97,0.82,4.0,1.0,65.2,0.98,0.529,6,6,0.644,0.467,0.643,0.0,0.562,53.0,0.362
5.17,0.32,7.62,0.3,3.91,7.95,1.0,2.0,0.95,60.45,0.69,0.755,15,7,0.505,0.799,0.409,1.0,0.673,54.4,0.527
7.09,3.39,2.45,0.12,6.37,15.09,0.58,6.0,0.88,53.71,0.66,0.366,15,7,0.766,0.361,0.855,0.0,0.582,50.4,0.419
2.97,1.58,11.95,0.53,1.53,3.38,1.0,2.0,0.95,55.4,0.9,0.479,16,8,0.594,0.574,0.504,1.0,0.904,57.4,0.519
2.0,2.57,10.56,0.4,0.94,2.67,0.35,8.0,0.55,85.65,0.57,0.519,10,6,0.923,0.6,0.565,1.0,0.709,63.6,0.558
8.79,5.59,1.9,0.09,8.28,19.98,0.58,6.0,0.88,102.33,0.9,0.676,16,2,0.532,0.364,0.528,0.0,0.936,58.7,0.474
6.06,5.23,6.76,0.35,5.33,8.66,0.58,6.0,0.88,140.09,0.62,0.19,16,7,0.641,0.805,0.946,1.0,0.948,48.1,0.456
2.91,2.05,14.74,0.79,1.63,2.55,1.0,2.0,0.95,66.89,0.8,0.801,12,6,0.78,0.336,0.882,1.0,0.855,70.0,0.621
1.81,3.51,16.7,0.73,0.01,1.68,0.82,4.0,1.0,138.04,0.74,0.101,12,1,0.61,0.804,0.737,0.0,0.667,58.9,0.364
0.92,0.44,16.39,0.66,-0.47,0.91,0.82,4.0,1.0,138.34,0.59,0.732,15,10,0.573,0.391,0.623,0.0,0.84,58.8,0.453
3.79,0.95,9.42,0.34,2.45,5.49,1.0,2.0,0.95,177.03,0.8,0.664,1,2,0.468,0.372,0.842,0.0,0.726,57.4,0.444
1.59,0.75,5.13,0.28,0.46,2.52,0.82,4.0,1.0,124.1,0.88,0.722,14,4,0.715,0.043,0.928,0.0,0.692,76.1,0.576
3.23,1.37,9.51,0.46,1.72,3.99,1.0,2.0,0.95,94.51,0.89,0.442,15,7,0.664,0.748,0.558,0.0,0.816,60.5,0.419
1.31,0.45,13.79,0.62,0.03,1.35,1.0,2.0,0.95,28.5,0.92,0.342,1,5,0.695,0.559,0.845,0.0,0.83,59.4,0.45
3.51,3.46,5.89,0.31,2.36,5.32,0.82,4.0,1.0,86.44,0.92,0.337,6,5,0.656,0.446,0.451,1.0,0.592,62.0,0.62
2.63,5.36,5.95,0.27,1.85,4.24,0.58,6.0,0.88,27.66,0.83,0.06,5,11,0.651,0.794,0.84,1.0,0.519,58.0,0.49
7.79,7.12,1.15,0.04,6.94,19.97,0.35,8.0,0.55,97.72,0.93,0.598,5,4,0.802,0.65,0.965,0.0,0.518,50.1,0.338
1.52,0.5,8.75,0.37,0.67,2.11,1.0,2.0,0.95,176.66,0.85,0.111,17,7,0.711,0.301,0.912,1.0,0.662,68.0,0.66
3.35,2.57,14.4,0.54,1.99,3.76,0.58,6.0,0.88,81.99,0.73,0.828,12,8,0.716,0.562,0.401,1.0,0.563,59.5,0.492
7.45,4.24,7.64,0.31,6.09,11.29,0.35,8.0,0.55,48.99,0.99,0.92,6,8,0.469,0.411,0.548,1.0,0.574,47.9,0.536
0.65,1.32,1.58,0.06,-0.03,1.59,0.82,4.0,1.0,46.51,0.87,0.872,5,1,0.582,0.083,0.733,1.0,0.773,73.3,0.695
4.52,0.94,4.03,0.15,3.65,9.04,0.35,8.0,0.55,10.84,0.59,0.3,7,3,0.891,0.71,0.69,1.0,0.916,49.6,0.565
6.46,2.97,12.45,0.67,5.3,6.33,0.82,4.0,1.0,38.88,0.8,0.051,2,12,0.874,0.616,0.445,1.0,0.377,45.2,0.407
3.07,0.8,16.2,0.66,1.45,3.04,1.0,2.0,0.95,54.59,0.92,0.436,1,6,0.899,0.473,0.808,1.0,0.738,58.7,0.611
2.32,5.97,9.07,0.45,1.35,2.9,0.58,6.0,0.88,156.39,0.83,0.505,12,2,0.567,0.428,0.406,0.0,0.915,71.0,0.483
3.56,7.08,3.62,0.16,2.91,6.98,0.35,8.0,0.55,81.57,0.98,0.197,10,4,0.494,0.126,0.564,0.0,0.463,50.4,0.413
1.25,0.48,1.56,0.07,0.63,2.98,1.0,2.0,0.95,92.81,0.74,0.188,15,6,0.626,0.15,0.665,0.0,0.913,76.3,0.57
8.68,1.31,13.03,0.68,7.74,8.43,0.35,8.0,0.55,172.91,0.96,0.853,14,9,0.708,0.426,0.402,1.0,0.953,49.4,0.593
3.94,0.25,6.9,0.26,2.92,6.46,1.0,2.0,0.95,146.21,0.99,0.397,7,10,0.876,0.76,0.933,0.0,0.747,61.2,0.443
9.21,5.75,7.53,0.33,8.58,13.54,0.58,6.0,0.88,80.74,0.68,0.188,4,12,0.73,0.032,0.557,1.0,0.781,46.1,0.55
6.1,4.53,13.31,0.56,5.17,6.7,0.58,6.0,0.88,8.14,0.58,0.786,3,6,0.826,0.544,0.419,1.0,0.412,43.7,0.418
8.99,6.38,4.04,0.18,7.91,16.96,0.35,8.0,0.55,3.16,0.77,0.784,10,4,0.697,0.871,0.402,1.0,0.425,35.8,0.36
10.71,0.34,11.64,0.61,9.46,11.16,0.35,8.0,0.55,149.46,0.89,0.469,4,3,0.631,0.7,0.761,0.0,0.893,44.3,0.396
1.38,5.67,15.24,0.7,-0.02,1.31,0.35,8.0,0.55,82.81,0.82,0.406,12,10,0.5,0.952,0.537,0.0,0.369,32.3,0.314
6.95,5.9,10.61,0.41,5.77,9.14,0.58,6.0,0.88,99.58,0.66,0.668,16,10,0.562,0.889,0.567,1.0,0.368,41.0,0.443
0.74,2.35,12.91,0.53,-0.83,0.84,0.58,6.0,0.88,156.88,0.92,0.98,11,10,0.557,0.841,0.671,1.0,0.887,54.5,0.423
3.32,0.89,15.65,0.69,1.63,3.19,1.0,2.0,0.95,59.02,0.62,0.945,6,8,0.509,0.662,0.493,0.0,0.829,61.7,0.497
9.13,7.22,1.17,0.05,8.39,22.83,0.35,8.0,0.55,155.99,0.88,0.075,8,7,0.894,0.588,0.439,1.0,0.882,44.0,0.496
0.9,7.68,17.9,0.78,-0.48,0.8,0.35,8.0,0.55,31.92,0.56,0.933,17,8,0.696,0.491,0.688,0.0,0.403,44.8,0.284
6.0,7.76,1.81,0.08,5.31,13.95,0.35,8.0,0.55,118.77,0.88,0.913,10,7,0.465,0.491,0.517,1.0,0.956,54.1,0.574
5.45,1.81,2.69,0.12,4.39,11.6,1.0,2.0,0.95,152.29,0.99,0.4,8,12,0.892,0.934,0.784,1.0,0.81,60.0,0.535
0.76,3.3,1.91,0.08,0.2,1.77,0.58,6.0,0.88,146.26,0.79,0.657,7,6,0.737,0.551,0.824,1.0,0.808,74.2,0.617
4.92,4.03,6.73,0.24,3.64,8.34,0.58,6.0,0.88,120.67,0.98,0.672,10,4,0.735,0.373,0.751,1.0,0.824,56.9,0.522
4.69,1.37,1.11,0.05,4.17,11.73,1.0,2.0,0.95,115.99,0.61,0.412,16,2,0.756,0.569,0.958,0.0,0.483,62.2,0.386
1.61,1.24,10.02,0.54,0.27,1.81,1.0,2.0,0.95,96.41,0.78,0.751,16,6,0.573,0.329,0.592,1.0,0.784,65.2,0.615
7.45,6.31,4.56,0.2,6.9,13.55,0.58,6.0,0.88,101.42,0.73,0.862,7,5,0.845,0.122,0.534,0.0,0.854,52.2,0.438
7.54,4.52,6.04,0.22,6.4,13.23,0.35,8.0,0.55,103.04,0.67,0.735,15,6,0.893,0.644,0.432,1.0,0.958,51.3,0.522
9.06,4.97,8.26,0.41,7.62,11.92,0.35,8.0,0.55,121.14,0.65,0.659,7,6,0.581,0.925,0.444,1.0,0.662,30.4,0.388
2.11,5.47,9.28,0.37,1.33,2.93,0.35,8.0,0.55,107.29,0.93,0.478,12,7,0.549,0.612,0.514,0.0,0.606,56.8,0.462
11.24,7.11,9.67,0.46,10.19,13.88,0.35,8.0,0.55,137.11,0.65,0.927,9,5,0.875,0.06,0.816,0.0,0.539,48.4,0.468
3.25,1.74,5.01,0.21,2.69,5.8,0.35,8.0,0.55,172.47,0.6,0.548,3,9,0.739,0.64,0.641,0.0,0.485,48.8,0.416
2.99,4.27,5.78,0.25,1.81,4.98,0.82,4.0,1.0,160.02,0.58,0.135,16,1,0.903,0.3,0.614,0.0,0.755,71.2,0.571
8.05,5.81,2.9,0.15,6.94,16.1,0.58,6.0,0.88,61.51,0.7,0.445,6,1,0.933,0.962,0.882,1.0,0.797,52.0,0.496
1.38,1.14,5.12,0.22,0.18,2.42,0.82,4.0,1.0,135.63,0.66,0.33,9,7,0.653,0.062,0.952,1.0,0.875,72.0,0.69
2.5,1.76,4.5,0.19,1.33,4.63,1.0,2.0,0.95,15.7,0.75,0.995,12,2,0.657,0.337,0.443,0.0,0.816,58.3,0.434
6.14,3.24,7.19,0.33,5.52,9.03,0.58,6.0,0.88,110.11,0.75,0.681,3,9,0.838,0.907,0.556,0.0,0.488,39.3,0.292
1.07,0.78,16.93,0.65,0.11,1.07,1.0,2.0,0.95,163.05,0.86,0.885,18,2,0.683,0.613,0.787,1.0,0.696,75.8,0.64
5.62,1.37,3.21,0.17,4.7,10.81,0.82,4.0,1.0,22.67,0.86,0.668,6,10,0.759,0.608,0.692,1.0,0.419,49.2,0.424
6.69,2.65,10.39,0.52,5.82,7.69,0.58,6.0,0.88,154.14,0.74,0.196,4,3,0.885,0.031,0.661,0.0,0.446,49.3,0.435
6.77,2.9,17.63,0.76,5.32,6.1,0.58,6.0,0.88,73.78,0.83,0.567,18,3,0.696,0.939,0.748,0.0,0.767,40.5,0.35
5.05,0.72,4.92,0.2,4.49,9.18,1.0,2.0,0.95,163.78,0.69,0.806,4,9,0.797,0.892,0.457,0.0,0.676,56.0,0.363
4.03,5.8,13.82,0.51,3.07,4.69,0.58,6.0,0.88,34.58,0.66,0.73,1,12,0.516,0.881,0.909,1.0,0.599,46.6,0.447
3.59,2.2,2.85,0.1,2.97,7.98,1.0,2.0,0.95,168.84,0.99,0.887,6,4,0.735,0.441,0.423,1.0,0.649,65.0,0.613
5.01,2.81,11.9,0.5,3.81,5.89,0.82,4.0,1.0,115.88,0.96,0.455,13,8,0.61,0.971,0.806,1.0,0.657,47.4,0.394
1.98,1.96,12.39,0.68,0.34,1.92,0.58,6.0,0.88,126.41,0.95,0.402,3,1,0.815,0.814,0.838,1.0,0.959,54.7,0.557
2.81,0.85,6.23,0.23,1.96,4.84,0.82,4.0,1.0,146.33,0.99,0.613,7,10,0.544,0.998,0.652,0.0,0.716,55.9,0.351
4.5,0.41,16.7,0.7,2.78,4.29,1.0,2.0,0.95,117.36,0.99,0.645,15,9,0.795,0.516,0.677,0.0,0.523,59.1,0.404
8.97,2.07,9.38,0.39,7.84,12.12,0.35,8.0,0.55,14.6,0.59,0.455,6,11,0.493,0.191,0.545,1.0,0.804,37.4,0.531
2.9,0.86,13.02,0.55,1.44,3.22,1.0,2.0,0.95,54.96,0.68,0.599,13,4,0.865,0.456,0.693,1.0,0.429,57.3,0.532
4.53,2.01,6.45,0.27,3.31,7.31,1.0,2.0,0.95,100.34,0.88,0.314,6,3,0.927,0.583,0.595,0.0,0.865,63.0,0.499
5.95,2.35,1.73,0.08,5.06,13.84,0.58,6.0,0.88,65.08,0.96,0.719,4,1,0.766,0.498,0.599,0.0,0.966,63.4,0.484
8.78,6.47,0.18,0.01,7.9,24.39,0.35,8.0,0.55,46.82,0.77,0.522,5,3,0.576,0.134,0.902,1.0,0.881,54.5,0.578
5.46,0.48,17.21,0.69,4.34,5.25,1.0,2.0,0.95,148.95,0.6,0.54,15,2,0.92,0.873,0.873,0.0,0.573,53.4,0.4
8.38,6.3,2.16,0.08,7.67,19.49,0.58,6.0,0.88,58.46,0.81,0.282,16,4,0.487,0.306,0.888,0.0,0.5,54.1,0.481
2.16,2.16,14.7,0.58,1.05,2.32,0.35,8.0,0.55,174.85,0.95,0.69,1,1,0.574,0.928,0.455,0.0,0.503,49.8,0.357
6.89,4.49,16.52,0.86,5.35,5.69,0.58,6.0,0.88,56.21,0.87,0.073,3,8,0.474,0.518,0.964,0.0,0.618,41.6,0.369
1.66,0.33,10.22,0.43,0.25,2.13,0.82,4.0,1.0,154.02,0.64,0.172,1,5,0.549,0.311,0.687,0.0,0.806,61.3,0.445
2.47,0.19,0.81,0.04,1.46,6.33,1.0,2.0,0.95,2.35,0.56,0.328,7,2,0.574,0.366,0.957,1.0,0.71,60.5,0.599
5.25,0.61,4.18,0.15,4.49,10.5,0.82,4.0,1.0,155.19,0.86,0.174,3,8,0.65,0.781,0.812,1.0,0.801,63.2,0.589
5.07,6.49,16.52,0.62,4.01,5.23,0.35,8.0,0.55,87.51,0.85,0.172,7,10,0.735,0.533,0.733,1.0,0.755,47.6,0.446
2.86,2.46,2.1,0.1,2.22,6.36,0.35,8.0,0.55,91.23,0.97,0.818,3,11,0.84,0.456,0.82,1.0,0.421,60.9,0.564
11.07,5.11,7.25,0.34,9.9,16.04,0.35,8.0,0.55,46.14,0.84,0.152,16,6,0.72,0.62,0.926,0.0,0.833,40.3,0.345
8.38,0.34,16.21,0.62,7.0,8.64,0.35,8.0,0.55,138.56,0.81,0.476,11,5,0.466,0.411,0.7,1.0,0.915,38.9,0.544
11.09,0.7,6.39,0.28,10.0,17.6,0.35,8.0,0.55,35.09,0.86,0.379,12,12,0.628,0.219,0.585,1.0,0.94,46.0,0.534
5.43,6.16,9.06,0.39,3.96,7.34,0.35,8.0,0.55,106.63,0.94,0.662,5,2,0.854,0.031,0.422,0.0,0.778,45.4,0.417
4.87,6.4,17.77,0.69,3.68,4.68,0.58,6.0,0.88,20.81,0.75,0.685,18,12,0.458,0.944,0.455,0.0,0.95,43.5,0.364
5.74,4.62,4.63,0.22,4.45,10.07,0.35,8.0,0.55,24.44,0.68,0.833,16,1,0.819,0.563,0.64,0.0,0.422,46.3,0.32
5.55,0.17,4.36,0.21,4.43,9.91,0.35,8.0,0.55,125.34,0.85,0.263,1,8,0.579,0.308,0.618,1.0,0.837,48.5,0.548
7.68,2.29,14.6,0.59,6.2,8.17,0.35,8.0,0.55,115.76,0.58,0.808,8,9,0.971,0.803,0.657,0.0,0.515,38.8,0.275
0.6,7.53,2.18,0.08,-0.31,1.4,0.35,8.0,0.55,12.54,0.78,0.779,10,4,0.522,0.084,0.553,1.0,0.784,57.1,0.493
1.21,0.84,1.45,0.06,0.85,2.95,1.0,2.0,0.95,45.74,0.66,0.771,9,4,0.836,0.155,0.915,1.0,0.536,87.2,0.735
2.27,0.95,1.65,0.07,1.82,5.4,0.58,6.0,0.88,23.98,0.92,0.295,3,2,0.764,0.92,0.416,0.0,0.367,50.2,0.296
7.59,1.83,14.11,0.65,6.58,7.59,0.35,8.0,0.55,15.42,0.85,0.302,14,8,0.797,0.946,0.834,1.0,0.864,34.1,0.428
7.44,0.84,14.99,0.79,5.82,6.53,0.58,6.0,0.88,120.92,0.83,0.73,10,5,0.839,0.413,0.807,1.0,0.886,52.6,0.511
5.25,1.06,9.54,0.38,4.09,7.19,0.58,6.0,0.88,12.68,0.6,0.859,10,1,0.547,0.192,0.513,1.0,0.724,56.2,0.573
7.14,3.26,11.31,0.42,6.32,9.27,0.82,4.0,1.0,94.18,0.7,0.93,16,6,0.474,0.497,0.786,0.0,0.719,59.3,0.47
9.36,3.21,14.19,0.54,7.79,10.52,0.35,8.0,0.55,65.75,0.68,0.716,16,8,0.706,0.285,0.928,1.0,0.517,43.8,0.434
3.5,0.51,7.83,0.36,2.44,4.93,0.35,8.0,0.55,92.96,0.61,0.333,14,3,0.959,0.672,0.611,1.0,0.855,54.6,0.538
8.61,5.72,11.76,0.54,7.32,9.67,0.58,6.0,0.88,26.87,0.56,0.854,1,8,0.533,0.36,0.87,1.0,0.811,46.6,0.464
1.02,7.35,11.06,0.4,0.18,1.36,0.35,8.0,0.55,151.95,0.88,0.495,15,10,0.526,0.952,0.609,0.0,0.795,48.8,0.323
8.98,1.95,6.69,0.27,8.26,14.48,0.35,8.0,0.55,123.11,0.86,0.605,8,11,0.786,0.509,0.708,1.0,0.941,47.3,0.526
5.25,1.11,1.63,0.06,4.44,12.8,0.82,4.0,1.0,49.1,0.74,0.299,10,10,0.82,0.896,0.813,1.0,0.881,57.3,0.564
3.56,0.89,1.97,0.08,2.99,8.28,0.82,4.0,1.0,131.56,0.85,0.187,4,9,0.571,0.85,0.94,1.0,0.918,55.9,0.532
3.17,2.95,2.33,0.11,2.42,6.89,0.82,4.0,1.0,165.43,0.67,0.079,9,1,0.597,0.923,0.595,1.0,0.413,56.3,0.459
5.28,2.12,6.3,0.23,4.2,9.1,1.0,2.0,0.95,145.23,0.79,0.623,2,8,0.861,0.292,0.769,1.0,0.457,64.1,0.579
3.51,4.1,7.56,0.33,2.7,5.16,0.82,4.0,1.0,38.72,0.64,0.714,7,4,0.885,0.995,0.665,0.0,0.801,53.5,0.351
8.93,5.11,1.44,0.05,8.53,22.33,0.35,8.0,0.55,4.12,0.72,0.515,6,2,0.586,0.894,0.763,1.0,0.953,39.0,0.477
2.33,3.3,6.5,0.3,1.57,3.58,0.58,6.0,0.88,174.59,0.71,0.054,18,4,0.485,0.453,0.418,1.0,0.383,63.1,0.59
5.36,7.31,4.1,0.15,4.44,10.72,0.35,8.0,0.55,178.02,0.95,0.311,3,12,0.615,0.34,0.918,0.0,0.781,48.9,0.478
5.9,5.48,12.54,0.54,4.76,6.63,0.58,6.0,0.88,129.48,0.55,0.106,5,3,0.465,0.655,0.677,0.0,0.945,43.0,0.394
3.53,1.66,17.93,0.72,2.08,3.3,0.58,6.0,0.88,139.49,0.61,0.249,11,10,0.931,0.894,0.699,1.0,0.946,45.9,0.456
1.37,0.47,14.74,0.63,0.03,1.4,1.0,2.0,0.95,143.4,0.94,0.892,10,2,0.696,0.012,0.954,1.0,0.427,71.1,0.576
6.07,4.83,8.89,0.41,4.81,7.99,0.35,8.0,0.55,88.26,0.7,0.564,1,10,0.63,0.753,0.576,0.0,0.537,43.9,0.338
3.14,2.76,12.19,0.63,2.11,3.2,0.82,4.0,1.0,78.41,0.7,0.563,4,5,0.857,0.134,0.579,0.0,0.76,59.2,0.513
3.86,1.53,16.32,0.84,2.36,3.24,1.0,2.0,0.95,70.72,0.85,0.933,7,10,0.929,0.107,0.855,1.0,0.633,67.4,0.616
6.63,6.49,15.57,0.62,5.05,6.84,0.35,8.0,0.55,66.06,0.69,0.307,3,2,0.479,0.646,0.944,1.0,0.754,46.2,0.458
2.95,1.39,11.76,0.52,1.66,3.39,1.0,2.0,0.95,58.43,0.75,0.1,6,5,0.755,0.879,0.464,1.0,0.575,50.1,0.466
6.97,1.18,4.44,0.16,6.1,13.67,0.82,4.0,1.0,50.13,0.55,0.087,7,7,0.633,0.802,0.886,1.0,0.598,46.2,0.514
5.76,3.68,13.92,0.51,4.81,6.7,0.82,4.0,1.0,174.49,0.88,0.496,7,6,0.861,0.118,0.611,1.0,0.974,65.7,0.6
0.38,2.45,6.15,0.25,-0.85,0.63,0.82,4.0,1.0,64.11,0.81,0.399,5,12,0.612,0.34,0.625,0.0,0.354,57.8,0.325
4.86,0.77,8.84,0.38,3.88,6.66,1.0,2.0,0.95,109.82,0.86,0.245,7,5,0.489,0.91,0.543,1.0,0.563,44.2,0.444
4.32,6.18,4.81,0.18,3.38,8.15,0.58,6.0,0.88,154.92,0.94,0.813,1,12,0.714,0.044,0.426,1.0,0.522,57.6,0.616
2.12,1.99,17.87,0.69,0.56,2.04,0.82,4.0,1.0,16.12,0.94,0.514,10,5,0.554,0.56,0.448,1.0,0.5,57.8,0.519
6.61,3.99,16.06,0.64,5.04,6.68,0.82,4.0,1.0,150.18,0.88,0.292,12,9,0.682,0.122,0.487,1.0,0.544,52.6,0.547
8.42,4.16,4.51,0.18,7.48,15.89,0.58,6.0,0.88,91.1,0.63,0.247,9,11,0.753,0.082,0.493,0.0,0.8,50.1,0.471
1.23,2.5,0.43,0.02,0.26,3.32,0.82,4.0,1.0,39.67,0.99,0.679,1,5,0.831,0.948,0.55,1.0,0.615,70.7,0.551
7.94,4.42,1.99,0.07,7.07,18.9,0.58,6.0,0.88,69.62,0.55,0.35,18,10,0.894,0.577,0.917,1.0,0.782,57.2,0.527
5.83,6.94,12.01,0.53,4.36,6.62,0.35,8.0,0.55,167.93,0.92,0.734,13,7,0.907,0.481,0.629,1.0,0.429,48.8,0.514
8.13,0.96,7.84,0.37,7.24,11.29,0.58,6.0,0.88,34.94,0.77,0.109,18,9,0.712,0.134,0.724,1.0,0.978,47.9,0.536
1.65,0.08,1.39,0.06,1.03,4.02,0.58,6.0,0.88,9.23,0.95,0.212,18,8,0.865,0.232,0.705,1.0,0.372,65.9,0.581
4.15,6.34,3.64,0.2,3.56,7.55,0.58,6.0,0.88,156.28,0.67,0.103,3,9,0.819,1.0,0.876,0.0,0.502,42.0,0.259
4.48,1.14,12.03,0.55,3.47,4.98,1.0,2.0,0.95,96.66,0.7,0.523,12,3,0.819,0.355,0.73,0.0,0.566,56.2,0.432
10.79,3.08,12.74,0.55,9.72,11.99,0.35,8.0,0.55,168.87,0.98,0.886,7,11,0.716,0.713,0.452,0.0,0.557,44.7,0.409
11.2,2.22,17.77,0.68,9.81,10.87,0.35,8.0,0.55,145.4,0.71,0.891,18,7,0.802,0.068,0.779,0.0,0.556,44.5,0.466
3.44,1.66,17.88,0.69,1.72,3.31,1.0,2.0,0.95,78.93,0.67,0.453,10,11,0.699,0.704,0.498,0.0,0.598,58.6,0.473
1.61,3.49,6.51,0.34,0.2,2.33,0.58,6.0,0.88,83.45,0.75,0.586,2,2,0.881,0.004,0.78,1.0,0.862,68.7,0.605
8.18,4.9,15.55,0.59,7.18,8.7,0.58,6.0,0.88,172.01,0.75,0.146,5,2,0.861,0.802,0.769,0.0,0.749,43.1,0.381
2.26,2.72,17.75,0.86,0.56,1.87,0.35,8.0,0.55,28.79,0.59,0.37,14,4,0.785,0.236,0.523,1.0,0.373,46.8,0.459
3.09,1.46,12.12,0.64,1.96,3.12,0.82,4.0,1.0,43.83,0.84,0.348,17,5,0.485,0.274,0.493,0.0,0.907,58.6,0.452
0.8,1.88,0.26,0.01,0.03,2.22,0.58,6.0,0.88,133.28,0.66,0.225,2,10,0.789,0.882,0.753,1.0,0.365,60.3,0.433
0.97,4.0,0.22,0.01,0.14,2.69,0.82,4.0,1.0,32.95,0.85,0.717,8,3,0.851,0.489,0.765,0.0,0.658,76.7,0.5
1.07,1.16,6.43,0.23,0.3,1.84,0.35,8.0,0.55,57.18,0.97,0.324,4,3,0.932,0.406,0.461,0.0,0.715,61.8,0.484
4.69,0.83,12.74,0.48,3.14,5.65,0.82,4.0,1.0,63.54,0.97,0.143,9,4,0.787,0.569,0.653,1.0,0.74,58.6,0.603
4.96,5.89,14.62,0.64,3.89,5.01,0.58,6.0,0.88,159.45,0.8,0.84,2,4,0.688,0.112,0.748,0.0,0.971,54.4,0.46
3.23,4.43,1.58,0.08,2.75,7.51,0.58,6.0,0.88,142.58,0.59,0.943,6,3,0.468,0.926,0.627,1.0,0.727,53.8,0.514
2.08,1.7,3.88,0.19,1.43,3.85,0.58,6.0,0.88,148.62,0.89,0.585,14,10,0.499,0.147,0.8,0.0,0.748,70.7,0.501
4.79,4.43,5.74,0.25,4.25,7.98,0.35,8.0,0.55,113.64,0.96,0.924,18,6,0.804,0.106,0.749,0.0,0.469,56.0,0.425
0.57,0.14,1.08,0.05,-0.27,1.43,1.0,2.0,0.95,27.01,0.78,0.867,16,8,0.919,0.284,0.614,1.0,0.426,61.9,0.54
7.64,2.16,4.94,0.22,6.99,13.4,0.35,8.0,0.55,34.72,0.68,0.41,14,9,0.601,0.822,0.438,1.0,0.822,38.5,0.417
3.84,1.84,17.51,0.68,2.22,3.73,0.35,8.0,0.55,93.61,0.6,0.743,16,7,0.752,0.387,0.808,1.0,0.925,52.8,0.588
0.57,2.05,16.59,0.61,-0.48,0.59,1.0,2.0,0.95,40.97,0.88,0.196,13,12,0.594,0.256,0.481,0.0,0.705,51.1,0.41
1.2,1.79,6.36,0.23,0.18,2.07,0.58,6.0,0.88,151.37,0.64,0.659,8,8,0.66,0.045,0.441,0.0,0.939,66.1,0.495
0.87,0.73,14.22,0.73,-0.61,0.81,0.35,8.0,0.55,27.41,0.56,0.79,12,11,0.851,0.311,0.968,0.0,0.732,44.0,0.324
0.8,2.18,12.01,0.44,-0.37,1.01,1.0,2.0,0.95,161.8,0.8,0.074,14,11,0.793,0.592,0.59,0.0,0.93,57.5,0.447
7.23,2.69,12.37,0.68,5.49,7.02,0.58,6.0,0.88,80.02,0.62,0.338,14,7,0.65,0.309,0.726,1.0,0.935,52.4,0.581
2.27,2.73,2.86,0.12,1.6,4.83,0.58,6.0,0.88,131.72,0.79,0.369,6,6,0.867,0.427,0.731,0.0,0.588,69.1,0.537
6.12,3.43,5.89,0.23,5.5,10.55,0.82,4.0,1.0,45.62,0.98,0.732,14,9,0.885,0.606,0.496,0.0,0.808,56.2,0.398
2.16,1.14,15.8,0.71,0.86,2.04,0.82,4.0,1.0,10.18,0.6,0.959,13,2,0.74,0.98,0.905,1.0,0.456,58.3,0.467
10.86,5.44,3.05,0.11,9.99,23.61,0.35,8.0,0.55,177.33,0.95,0.766,12,2,0.726,0.427,0.81,1.0,0.854,50.3,0.508
4.73,2.15,4.1,0.17,3.57,9.1,1.0,2.0,0.95,98.91,0.8,0.165,7,5,0.699,0.586,0.867,0.0,0.661,58.3,0.493
4.87,2.7,14.53,0.77,3.28,4.35,0.82,4.0,1.0,30.08,0.97,0.076,13,4,0.501,0.764,0.505,0.0,0.745,46.6,0.325
1.9,4.09,4.36,0.17,0.94,3.65,0.82,4.0,1.0,124.06,0.86,0.327,1,10,0.743,0.08,0.681,0.0,0.504,71.6,0.584
2.44,7.35,3.29,0.15,2.02,4.88,0.35,8.0,0.55,152.97,0.66,0.68,15,8,0.787,0.399,0.734,0.0,0.355,58.8,0.386
5.25,0.86,6.17,0.22,4.6,9.21,1.0,2.0,0.95,136.88,0.97,0.857,17,4,0.586,0.219,0.901,1.0,0.422,67.4,0.573
3.74,5.46,2.04,0.07,3.37,8.9,0.35,8.0,0.55,129.36,0.8,0.06,16,3,0.733,0.186,0.419,1.0,0.384,55.0,0.558
4.78,1.22,13.09,0.63,3.29,4.88,1.0,2.0,0.95,116.19,0.63,0.245,4,7,0.803,0.013,0.617,0.0,0.462,55.0,0.469
5.24,3.33,3.36,0.15,4.7,10.48,0.82,4.0,1.0,28.26,0.94,0.89,3,4,0.509,0.437,0.727,1.0,0.454,59.4,0.569
6.72,2.2,0.48,0.02,6.38,18.16,0.82,4.0,1.0,81.38,0.6,0.813,15,12,0.735,0.737,0.953,0.0,0.463,58.7,0.37
10.1,6.65,7.78,0.38,9.46,13.84,0.35,8.0,0.55,32.46,0.83,0.334,16,11,0.878,0.943,0.521,0.0,0.528,31.9,0.255
0.9,2.32,14.03,0.75,-0.39,0.82,0.82,4.0,1.0,81.63,0.91,0.052,9,9,0.62,0.548,0.639,1.0,0.631,51.4,0.444
4.34,4.05,0.89,0.05,3.48,10.85,0.58,6.0,0.88,42.45,0.56,0.477,9,11,0.606,0.04,0.942,0.0,0.553,60.1,0.432
10.42,3.92,8.18,0.34,9.45,15.1,0.35,8.0,0.55,167.51,0.61,0.228,1,2,0.899,0.547,0.537,0.0,0.577,35.3,0.289
2.18,1.91,3.52,0.16,1.74,4.27,0.82,4.0,1.0,159.67,0.82,0.396,6,5,0.472,0.315,0.438,1.0,0.752,76.8,0.697
9.29,6.34,8.3,0.34,8.47,13.46,0.35,8.0,0.55,64.59,0.92,0.468,14,9,0.745,0.952,0.766,0.0,0.453,36.6,0.321
2.66,1.47,0.45,0.02,1.93,7.19,1.0,2.0,0.95,16.28,0.66,0.984,17,2,0.756,0.914,0.458,1.0,0.867,59.4,0.514
5.53,3.69,1.28,0.05,5.12,13.83,0.35,8.0,0.55,102.48,0.88,0.142,2,10,0.531,0.095,0.645,1.0,0.397,51.6,0.579
8.81,0.4,15.92,0.65,7.44,8.81,0.35,8.0,0.55,46.78,0.99,0.959,10,8,0.718,0.162,0.667,0.0,0.553,39.8,0.345
6.17,4.27,3.29,0.16,5.28,12.1,0.58,6.0,0.88,86.43,0.66,0.723,16,3,0.969,0.957,0.759,0.0,0.485,50.3,0.374
1.19,1.99,0.54,0.02,0.71,3.22,1.0,2.0,0.95,91.54,0.85,0.236,17,5,0.856,0.286,0.566,0.0,0.777,75.0,0.558
6.96,2.62,12.19,0.63,5.88,7.1,0.58,6.0,0.88,15.78,0.88,0.445,15,7,0.538,0.971,0.675,1.0,0.963,41.2,0.485
8.54,6.2,11.35,0.61,7.59,8.9,0.58,6.0,0.88,77.49,0.66,0.791,4,5,0.816,0.133,0.617,0.0,0.511,48.8,0.408
2.71,1.55,15.64,0.66,1.65,2.68,0.35,8.0,0.55,40.65,0.71,0.081,9,5,0.643,0.799,0.468,1.0,0.478,49.6,0.514
0.75,1.05,4.77,0.2,0.05,1.36,1.0,2.0,0.95,103.04,0.77,0.324,3,11,0.744,0.719,0.504,1.0,0.588,72.0,0.627
1.18,0.29,17.62,0.8,-0.51,1.03,1.0,2.0,0.95,116.22,0.63,0.289,13,5,0.544,0.596,0.691,1.0,0.459,50.7,0.368
5.01,2.75,9.51,0.41,3.7,6.59,0.82,4.0,1.0,103.45,0.6,0.278,1,1,0.696,0.81,0.551,0.0,0.852,46.6,0.35
6.91,3.95,0.88,0.03,5.94,18.18,0.82,4.0,1.0,101.27,0.67,0.753,3,1,0.834,0.092,0.546,1.0,0.92,66.4,0.641
10.83,2.75,13.41,0.48,9.56,13.05,0.35,8.0,0.55,165.92,0.83,0.063,14,12,0.844,0.389,0.821,1.0,0.86,42.8,0.492
10.53,5.36,15.86,0.81,8.74,9.08,0.35,8.0,0.55,13.37,0.96,0.618,2,7,0.629,0.425,0.893,1.0,0.626,35.6,0.389
4.99,0.73,2.5,0.09,4.58,11.34,1.0,2.0,0.95,9.85,0.96,0.773,6,8,0.537,0.928,0.76,1.0,0.847,51.7,0.489
4.92,0.54,3.11,0.13,3.78,10.25,0.82,4.0,1.0,49.04,0.87,0.571,5,6,0.469,0.462,0.629,1.0,0.739,62.5,0.604
5.98,2.34,0.58,0.03,5.64,15.74,0.35,8.0,0.55,17.09,0.93,0.18,13,1,0.79,0.223,0.683,0.0,0.795,53.4,0.452
5.65,1.16,12.68,0.48,4.29,6.81,0.58,6.0,0.88,128.15,0.82,0.484,11,11,0.699,0.437,0.919,1.0,0.792,55.2,0.509
0.56,1.42,8.6,0.38,-0.77,0.77,0.82,4.0,1.0,116.15,0.93,0.249,15,7,0.458,0.312,0.763,0.0,0.582,55.8,0.296
1.98,1.71,14.71,0.72,0.96,1.85,1.0,2.0,0.95,44.08,0.99,0.462,1,3,0.731,0.767,0.767,1.0,0.618,61.3,0.543
2.9,2.99,16.33,0.74,1.14,2.66,0.82,4.0,1.0,60.14,0.59,0.213,2,2,0.715,0.13,0.496,0.0,0.589,58.8,0.453
3.06,1.93,2.35,0.11,2.2,6.65,1.0,2.0,0.95,12.84,0.71,0.797,8,6,0.665,0.24,0.491,1.0,0.754,60.9,0.585
0.7,2.98,16.1,0.59,-0.93,0.74,0.58,6.0,0.88,139.67,0.7,0.901,16,5,0.747,0.749,0.822,0.0,0.558,50.7,0.282
4.19,5.24,15.22,0.82,2.56,3.58,0.58,6.0,0.88,145.37,0.9,0.859,16,10,0.848,0.908,0.76,1.0,0.556,47.3,0.481
5.88,5.99,10.53,0.38,4.73,8.05,0.35,8.0,0.55,27.31,0.92,0.682,11,5,0.47,0.001,0.725,0.0,0.566,46.2,0.486
1.66,3.75,5.76,0.21,1.01,2.96,0.58,6.0,0.88,125.66,0.7,0.722,7,11,0.949,0.871,0.618,0.0,0.56,63.3,0.413
1.55,2.9,3.02,0.15,0.72,3.1,0.58,6.0,0.88,27.05,0.73,0.284,9,7,0.49,0.527,0.689,1.0,0.469,58.0,0.487
10.41,8.77,16.08,0.81,9.16,8.97,0.35,8.0,0.55,92.35,0.68,0.726,3,8,0.495,0.884,0.623,0.0,0.477,30.8,0.305
0.79,3.6,5.25,0.28,-0.29,1.25,0.82,4.0,1.0,46.46,0.84,0.872,2,11,0.546,0.016,0.751,0.0,0.405,58.2,0.433
4.12,1.52,1.2,0.05,3.03,10.3,1.0,2.0,0.95,88.42,0.99,0.935,16,8,0.865,0.455,0.895,1.0,0.832,72.1,0.603
3.08,4.09,1.05,0.05,1.96,7.7,0.58,6.0,0.88,21.73,0.7,0.868,9,4,0.64,0.739,0.464,0.0,0.438,60.2,0.421
2.23,5.44,9.67,0.38,1.48,3.05,0.58,6.0,0.88,125.02,0.63,0.949,3,4,0.644,0.745,0.441,1.0,0.562,67.7,0.551
3.04,0.13,2.5,0.1,2.68,6.76,0.82,4.0,1.0,80.32,0.87,0.354,4,12,0.887,0.306,0.694,1.0,0.449,70.1,0.649
11.04,4.97,4.4,0.16,10.07,21.65,0.35,8.0,0.55,82.66,0.95,0.897,15,4,0.479,0.583,0.431,1.0,0.87,50.6,0.5
1.16,1.64,13.95,0.65,-0.27,1.16,1.0,2.0,0.95,82.8,0.9,0.203,18,3,0.735,0.531,0.845,0.0,0.723,57.8,0.428
7.95,2.4,1.49,0.06,7.36,19.39,0.58,6.0,0.88,105.66,0.89,0.715,9,6,0.893,0.394,0.98,1.0,0.623,62.1,0.527
0.51,0.21,6.67,0.32,-0.19,0.76,1.0,2.0,0.95,157.94,0.93,0.55,16,9,0.644,0.256,0.917,0.0,0.666,66.1,0.473
7.35,0.87,12.33,0.57,5.73,7.99,0.58,6.0,0.88,135.25,0.83,0.766,14,8,0.526,0.642,0.599,0.0,0.818,53.3,0.445
4.46,0.72,1.38,0.06,3.55,10.88,1.0,2.0,0.95,149.5,0.77,0.306,14,1,0.807,0.106,0.457,1.0,0.358,67.5,0.616
2.33,0.63,8.67,0.33,1.34,3.43,1.0,2.0,0.95,53.37,0.63,0.528,7,3,0.853,0.754,0.684,1.0,0.93,74.0,0.634
10.47,3.47,16.84,0.9,9.02,8.38,0.35,8.0,0.55,85.32,0.86,0.397,14,11,0.671,0.86,0.64,1.0,0.968,34.0,0.415
3.12,1.82,0.25,0.01,2.55,8.67,0.82,4.0,1.0,23.26,0.74,0.87,3,4,0.56,0.334,0.971,0.0,0.433,66.4,0.532
3.02,2.69,1.21,0.06,1.9,7.37,0.82,4.0,1.0,116.14,0.74,0.589,10,9,0.895,0.7,0.625,1.0,0.699,71.8,0.598
8.6,0.8,7.65,0.38,7.67,11.78,0.35,8.0,0.55,90.05,0.57,0.723,13,10,0.914,0.989,0.505,1.0,0.863,41.0,0.425
2.03,4.14,2.41,0.12,1.16,4.32,0.82,4.0,1.0,129.89,0.55,0.513,7,2,0.849,0.09,0.879,1.0,0.504,83.3,0.704
6.46,1.53,6.99,0.31,5.77,9.79,0.58,6.0,0.88,36.29,0.74,0.381,16,4,0.79,0.353,0.664,1.0,0.741,49.1,0.557
7.67,0.06,5.36,0.3,6.29,11.8,0.58,6.0,0.88,8.29,0.93,0.201,7,1,0.566,0.127,0.845,0.0,0.797,45.3,0.458
2.66,7.0,2.29,0.09,1.65,6.05,0.35,8.0,0.55,151.35,0.59,0.579,5,1,0.962,0.835,0.713,1.0,0.89,59.8,0.563
4.98,6.5,17.4,0.71,3.54,4.7,0.58,6.0,0.88,37.58,0.84,0.681,3,12,0.505,0.656,0.495,0.0,0.644,47.7,0.324
4.91,1.89,7.08,0.32,3.73,7.33,0.82,4.0,1.0,111.77,0.77,0.532,8,3,0.669,0.849,0.737,1.0,0.562,49.8,0.521
7.16,6.32,12.02,0.5,5.57,8.42,0.35,8.0,0.55,7.49,0.65,0.393,12,11,0.815,0.666,0.462,0.0,0.448,33.9,0.283
10.97,2.94,8.13,0.43,9.75,14.06,0.35,8.0,0.55,10.44,0.91,0.794,8,1,0.646,0.501,0.722,1.0,0.848,41.7,0.528
4.03,2.54,15.38,0.74,2.58,3.7,0.35,8.0,0.55,14.86,0.71,0.809,17,4,0.719,0.899,0.927,0.0,0.557,37.8,0.301
4.96,5.08,4.43,0.18,4.18,9.36,0.35,8.0,0.55,64.66,0.74,0.379,17,3,0.958,0.703,0.867,1.0,0.418,52.0,0.456
6.83,3.74,14.66,0.55,5.22,7.59,0.58,6.0,0.88,102.16,0.8,0.3,10,4,0.806,0.745,0.548,1.0,0.639,51.2,0.545
1.21,7.76,16.53,0.71,-0.12,1.14,0.35,8.0,0.55,113.31,0.56,0.75,2,12,0.924,0.851,0.805,1.0,0.804,41.3,0.428
7.11,2.5,11.72,0.46,5.75,8.78,0.82,4.0,1.0,172.75,0.89,0.769,13,1,0.94,0.579,0.565,0.0,0.751,58.0,0.429
6.49,2.73,12.7,0.55,5.65,7.21,0.58,6.0,0.88,168.62,0.61,0.685,1,4,0.941,0.712,0.719,0.0,0.944,48.4,0.433
4.77,4.22,17.61,0.79,2.93,4.18,0.35,8.0,0.55,37.48,0.75,0.33,9,9,0.569,0.896,0.61,1.0,0.351,34.9,0.385
2.14,1.47,5.87,0.23,0.95,3.69,1.0,2.0,0.95,152.68,0.82,0.515,2,6,0.588,0.819,0.517,0.0,0.398,56.8,0.397
2.83,2.84,9.9,0.42,1.53,3.68,0.58,6.0,0.88,44.91,0.85,0.767,17,9,0.677,0.125,0.893,1.0,0.484,56.3,0.616
3.37,3.89,2.3,0.11,2.59,7.33,0.82,4.0,1.0,92.49,0.57,0.081,11,9,0.477,0.014,0.453,1.0,0.593,65.7,0.635
8.92,0.16,0.46,0.02,8.08,24.11,0.35,8.0,0.55,173.98,0.97,0.478,17,9,0.947,0.258,0.656,0.0,0.747,54.6,0.434
8.75,2.08,10.33,0.37,7.66,12.15,0.35,8.0,0.55,51.18,0.64,0.596,11,10,0.65,0.068,0.527,0.0,0.477,35.6,0.347
6.34,4.7,6.45,0.35,5.67,9.06,0.58,6.0,0.88,162.73,0.85,0.237,12,10,0.609,0.748,0.735,0.0,0.767,48.9,0.426
5.52,4.12,13.29,0.56,4.09,6.07,0.58,6.0,0.88,42.63,0.9,0.285,18,12,0.687,0.419,0.672,1.0,0.373,48.1,0.524
8.55,5.54,16.1,0.62,6.97,8.81,0.58,6.0,0.88,4.97,0.65,0.631,16,9,0.565,0.461,0.568,0.0,0.363,33.0,0.275
1.5,3.34,11.96,0.49,0.02,1.79,0.82,4.0,1.0,147.77,0.87,0.221,13,4,0.72,0.877,0.674,1.0,0.938,62.0,0.552
1.5,1.82,1.9,0.07,0.75,3.57,1.0,2.0,0.95,12.05,0.75,0.477,15,8,0.488,0.137,0.809,0.0,0.831,68.9,0.49
4.14,4.32,7.99,0.31,3.35,6.27,0.82,4.0,1.0,65.64,0.83,0.913,8,11,0.893,0.209,0.408,1.0,0.658,63.2,0.607
2.25,2.65,11.92,0.6,1.12,2.37,0.82,4.0,1.0,135.62,0.76,0.23,13,5,0.755,0.414,0.95,1.0,0.41,71.4,0.571
4.32,1.6,7.98,0.38,3.0,5.92,0.35,8.0,0.55,122.67,0.98,0.542,5,6,0.524,0.419,0.889,0.0,0.796,52.9,0.424
4.27,0.27,2.02,0.08,3.54,9.93,1.0,2.0,0.95,46.44,0.65,0.871,3,6,0.694,0.287,0.644,0.0,0.759,58.7,0.466
5.35,1.22,9.07,0.45,4.59,6.69,1.0,2.0,0.95,105.75,0.67,0.357,2,3,0.852,0.32,0.953,0.0,0.507,56.8,0.474
3.8,4.56,15.37,0.6,2.46,4.0,0.58,6.0,0.88,45.47,0.83,0.891,5,5,0.858,0.452,0.597,1.0,0.894,60.3,0.604
3.23,2.38,0.14,0.01,2.29,8.97,0.82,4.0,1.0,173.15,1.0,0.752,5,8,0.497,0.11,0.705,1.0,0.837,76.6,0.703
6.82,4.1,13.25,0.58,5.38,7.33,0.35,8.0,0.55,34.02,0.95,0.255,16,1,0.561,0.557,0.778,1.0,0.646,46.6,0.516
3.3,0.47,17.84,0.9,2.05,2.64,0.82,4.0,1.0,110.71,0.63,0.593,9,2,0.859,0.713,0.502,0.0,0.438,61.6,0.361
2.42,2.16,10.44,0.39,1.7,3.27,0.35,8.0,0.55,91.32,0.67,0.4,3,9,0.775,0.318,0.921,0.0,0.404,58.1,0.388
2.83,1.03,3.65,0.13,2.02,5.9,0.82,4.0,1.0,78.73,0.64,0.684,1,5,0.971,0.58,0.838,1.0,0.577,64.1,0.596
7.64,0.86,2.66,0.1,6.98,16.98,0.35,8.0,0.55,95.36,0.63,0.563,18,6,0.655,0.96,0.522,1.0,0.594,41.6,0.422
1.86,2.56,15.32,0.65,0.81,1.86,0.82,4.0,1.0,108.44,0.84,0.325,15,11,0.563,0.209,0.63,0.0,0.36,66.6,0.474
2.77,1.65,17.41,0.89,0.98,2.23,1.0,2.0,0.95,43.94,0.64,0.896,10,10,0.476,0.825,0.565,1.0,0.527,47.2,0.403
2.17,2.89,4.01,0.14,1.75,4.43,0.82,4.0,1.0,169.82,0.58,0.953,4,7,0.668,0.769,0.65,0.0,0.68,73.1,0.465
1.84,0.06,11.44,0.51,0.3,2.14,1.0,2.0,0.95,153.93,0.72,0.205,12,2,0.855,0.104,0.401,1.0,0.682,63.3,0.595
8.68,6.52,14.23,0.72,7.38,8.11,0.35,8.0,0.55,3.09,0.74,0.067,4,8,0.589,0.66,0.516,0.0,0.923,33.0,0.383
6.8,1.26,17.36,0.78,5.24,6.02,0.82,4.0,1.0,99.13,0.68,0.987,8,3,0.932,0.431,0.432,0.0,0.924,56.2,0.511
2.83,3.28,15.25,0.84,1.68,2.38,0.82,4.0,1.0,14.05,0.97,0.703,6,10,0.723,0.024,0.541,0.0,0.974,57.4,0.544
5.19,0.88,9.74,0.48,4.27,6.25,0.35,8.0,0.55,37.46,0.6,0.776,9,8,0.755,0.317,0.548,0.0,0.458,49.2,0.45
2.44,3.35,3.2,0.18,1.34,4.6,0.82,4.0,1.0,92.36,0.85,0.571,12,11,0.546,0.509,0.899,1.0,0.437,76.0,0.651
0.97,1.8,7.51,0.34,0.1,1.41,1.0,2.0,0.95,10.1,0.7,0.104,8,12,0.522,0.75,0.748,0.0,0.909,57.1,0.381
2.96,3.28,3.03,0.15,2.22,5.92,0.82,4.0,1.0,29.05,0.99,0.583,17,5,0.607,0.759,0.94,0.0,0.654,60.4,0.399
1.76,4.84,13.64,0.54,0.95,1.98,0.58,6.0,0.88,42.01,0.56,0.44,9,2,0.602,0.411,0.543,0.0,0.722,58.4,0.438
2.06,0.17,14.94,0.55,0.83,2.29,1.0,2.0,0.95,90.21,0.6,0.605,11,2,0.745,0.911,0.671,0.0,0.416,60.2,0.391
2.7,3.8,4.17,0.22,2.17,4.74,0.58,6.0,0.88,24.23,0.97,0.861,1,1,0.556,0.256,0.629,1.0,0.927,65.2,0.602
8.76,4.24,14.05,0.59,7.58,9.32,0.35,8.0,0.55,170.32,0.75,0.258,13,12,0.481,0.292,0.911,1.0,0.516,37.5,0.468
1.34,1.16,3.79,0.16,0.63,2.63,1.0,2.0,0.95,154.65,0.91,0.694,10,1,0.612,0.581,0.849,0.0,0.603,74.7,0.519
4.77,2.94,2.38,0.09,4.07,10.84,0.58,6.0,0.88,53.56,0.8,0.099,4,7,0.554,0.47,0.44,1.0,0.444,53.5,0.516
2.77,2.17,15.96,0.82,0.99,2.37,0.82,4.0,1.0,170.53,0.65,0.633,1,4,0.957,0.763,0.608,1.0,0.435,63.5,0.566
3.04,1.21,6.22,0.31,1.8,4.61,1.0,2.0,0.95,150.93,0.95,0.326,1,2,0.495,0.619,0.749,1.0,0.637,61.4,0.573
5.15,2.9,15.41,0.84,3.41,4.33,0.82,4.0,1.0,171.59,0.57,0.984,15,9,0.486,0.31,0.877,1.0,0.965,61.3,0.6
2.95,3.42,14.04,0.77,1.76,2.63,0.35,8.0,0.55,124.32,0.56,0.497,13,9,0.929,0.729,0.456,0.0,0.677,53.4,0.377
3.98,1.12,15.91,0.71,2.48,3.75,1.0,2.0,0.95,160.49,0.56,0.863,6,2,0.926,0.503,0.86,1.0,0.767,67.5,0.616
10.97,5.09,1.82,0.09,10.24,24.93,0.35,8.0,0.55,43.22,0.66,0.775,4,1,0.59,0.859,0.655,1.0,0.633,44.5,0.498
4.0,4.22,2.88,0.11,3.17,8.7,0.35,8.0,0.55,27.56,0.9,0.848,6,8,0.852,0.624,0.892,1.0,0.924,54.9,0.548
3.57,0.92,11.49,0.55,2.16,3.97,1.0,2.0,0.95,63.89,1.0,0.789,12,4,0.697,0.227,0.81,1.0,0.485,66.3,0.559
3.72,2.69,8.89,0.39,2.98,5.03,0.58,6.0,0.88,135.74,0.93,0.293,4,5,0.847,0.002,0.434,1.0,0.373,54.8,0.545
2.05,3.8,2.21,0.09,1.44,4.66,0.82,4.0,1.0,140.04,0.75,0.992,16,3,0.76,0.524,0.494,1.0,0.822,80.5,0.65
5.66,1.18,10.6,0.46,4.25,6.99,0.82,4.0,1.0,108.66,0.95,0.406,16,12,0.553,0.411,0.766,1.0,0.975,58.8,0.634
9.67,6.19,16.92,0.61,8.6,10.07,0.35,8.0,0.55,120.69,0.96,0.915,11,4,0.966,0.745,0.483,0.0,0.852,46.3,0.381
3.22,0.47,7.22,0.28,2.6,5.11,1.0,2.0,0.95,53.53,0.65,0.069,2,3,0.636,0.954,0.434,1.0,0.426,50.2,0.434
9.79,4.12,2.66,0.1,9.44,21.76,0.35,8.0,0.55,21.67,0.62,0.475,15,2,0.683,0.213,0.955,0.0,0.609,48.3,0.4
2.1,6.36,16.5,0.66,1.01,2.08,0.35,8.0,0.55,99.5,0.6,0.913,14,8,0.661,0.933,0.497,1.0,0.372,53.0,0.432
2.39,2.17,4.18,0.22,1.49,4.19,1.0,2.0,0.95,179.22,0.67,0.508,11,7,0.479,0.283,0.868,0.0,0.968,69.9,0.508
2.36,2.0,5.76,0.22,1.59,4.14,1.0,2.0,0.95,120.04,0.63,0.915,8,5,0.466,0.624,0.975,0.0,0.409,67.0,0.487
4.55,1.58,6.91,0.31,3.17,6.89,1.0,2.0,0.95,52.99,0.55,0.273,6,5,0.533,0.972,0.466,1.0,0.966,45.7,0.446
7.11,2.23,7.82,0.42,5.97,9.23,0.82,4.0,1.0,4.14,0.8,0.114,17,1,0.955,0.453,0.508,0.0,0.588,47.9,0.44
3.66,2.96,6.7,0.3,2.84,5.63,0.35,8.0,0.55,7.37,0.56,0.748,12,8,0.454,0.964,0.491,1.0,0.373,38.0,0.384
3.0,0.88,3.44,0.13,2.12,6.25,0.58,6.0,0.88,151.05,0.99,0.569,14,11,0.542,0.934,0.726,0.0,0.901,53.8,0.392
2.32,0.45,11.98,0.64,1.36,2.34,1.0,2.0,0.95,144.46,0.98,0.879,15,12,0.955,0.076,0.739,1.0,0.903,75.0,0.662
4.65,0.42,14.45,0.7,2.96,4.43,1.0,2.0,0.95,145.69,0.7,0.664,3,10,0.977,0.423,0.493,0.0,0.941,58.1,0.425
6.6,0.55,2.68,0.11,5.46,14.35,0.58,6.0,0.88,139.06,0.66,0.822,5,11,0.869,0.903,0.849,0.0,0.817,49.9,0.437
0.9,1.19,1.95,0.08,0.19,2.09,1.0,2.0,0.95,111.55,0.79,0.091,18,10,0.916,0.658,0.543,1.0,0.699,78.6,0.668
4.52,1.97,9.28,0.41,3.07,5.95,1.0,2.0,0.95,46.45,0.88,0.545,1,6,0.723,0.806,0.753,0.0,0.558,47.5,0.417
3.16,0.63,3.47,0.17,2.03,6.08,1.0,2.0,0.95,62.51,0.56,0.847,4,12,0.833,0.048,0.618,0.0,0.565,65.8,0.543
9.39,5.22,0.68,0.03,9.02,24.71,0.35,8.0,0.55,43.99,0.58,0.44,14,10,0.611,0.022,0.48,0.0,0.451,49.0,0.409
11.09,7.31,13.96,0.72,10.02,10.36,0.35,8.0,0.55,127.61,0.88,0.379,17,4,0.66,0.159,0.665,1.0,0.742,45.0,0.56
5.7,4.57,5.78,0.31,4.99,8.64,0.58,6.0,0.88,2.8,0.81,0.05,8,2,0.834,0.26,0.651,1.0,0.96,46.0,0.564
4.26,0.89,8.84,0.33,3.24,6.26,1.0,2.0,0.95,19.19,0.56,0.981,12,1,0.611,0.927,0.73,1.0,0.533,46.0,0.409
3.07,0.36,13.03,0.48,1.59,3.7,1.0,2.0,0.95,35.83,0.95,0.78,8,1,0.7,0.148,0.557,1.0,0.593,60.4,0.547
4.95,1.49,10.23,0.39,3.52,6.69,1.0,2.0,0.95,66.62,0.66,0.567,4,9,0.845,0.688,0.896,0.0,0.713,53.9,0.467
2.99,2.81,16.66,0.63,1.54,3.05,0.82,4.0,1.0,86.34,0.79,0.586,17,2,0.762,0.015,0.755,1.0,0.59,62.5,0.591
9.38,8.38,7.84,0.4,8.53,12.51,0.35,8.0,0.55,97.92,0.59,0.215,11,4,0.93,0.123,0.519,1.0,0.958,46.7,0.551
1.18,2.12,16.71,0.63,0.19,1.2,1.0,2.0,0.95,93.48,0.59,0.482,3,11,0.966,0.42,0.727,1.0,0.897,65.0,0.632
2.8,1.51,6.57,0.33,2.14,4.12,0.58,6.0,0.88,158.68,0.84,0.712,3,1,0.844,0.186,0.538,0.0,0.871,65.8,0.547
11.12,7.55,11.47,0.43,10.08,14.26,0.35,8.0,0.55,88.57,0.89,0.497,5,1,0.828,0.098,0.784,0.0,0.536,43.6,0.41
5.65,3.73,3.12,0.17,5.16,10.87,0.82,4.0,1.0,99.23,0.76,0.502,12,11,0.567,0.866,0.833,1.0,0.44,50.8,0.468
1.31,0.61,15.93,0.69,-0.01,1.26,0.82,4.0,1.0,34.3,0.76,0.394,11,1,0.537,0.107,0.867,1.0,0.468,51.5,0.588
4.3,0.28,12.8,0.64,3.21,4.34,0.58,6.0,0.88,149.22,0.87,0.558,18,9,0.913,0.176,0.855,1.0,0.641,62.3,0.609
2.98,2.24,10.69,0.48,1.85,3.59,0.82,4.0,1.0,158.72,0.81,0.955,8,11,0.763,0.526,0.54,0.0,0.445,68.5,0.449
1.26,3.72,11.97,0.49,0.02,1.5,0.35,8.0,0.55,53.59,0.89,0.473,15,9,0.802,0.068,0.976,1.0,0.486,58.1,0.624
6.57,1.47,12.94,0.5,5.54,7.73,0.82,4.0,1.0,141.76,0.61,0.974,4,12,0.747,0.748,0.5,1.0,0.956,54.2,0.54
2.73,4.31,7.61,0.35,1.96,3.9,0.35,8.0,0.55,164.92,0.81,0.889,12,5,0.856,0.563,0.761,1.0,0.778,62.1,0.59
6.14,3.51,0.37,0.02,5.32,16.59,0.82,4.0,1.0,6.14,0.56,0.755,6,9,0.883,0.668,0.746,1.0,0.465,50.2,0.475
1.34,5.73,13.81,0.54,0.07,1.51,0.58,6.0,0.88,72.76,0.59,0.712,1,11,0.721,0.002,0.554,1.0,0.674,61.4,0.572
5.06,2.15,12.12,0.5,3.56,5.95,0.82,4.0,1.0,130.28,0.82,0.424,12,12,0.799,0.619,0.873,0.0,0.888,63.2,0.455
1.74,4.12,13.37,0.72,0.22,1.63,0.35,8.0,0.55,155.91,0.67,0.771,8,6,0.573,0.432,0.616,1.0,0.778,57.6,0.524
3.12,3.67,6.03,0.23,2.37,5.38,0.82,4.0,1.0,38.81,0.58,0.335,15,10,0.499,0.001,0.929,0.0,0.747,62.7,0.484
5.27,0.94,16.93,0.61,3.9,5.49,1.0,2.0,0.95,87.68,0.67,0.425,14,10,0.854,0.833,0.558,0.0,0.85,50.8,0.423
1.68,8.24,5.22,0.26,0.84,2.75,0.35,8.0,0.55,91.08,0.91,0.794,2,4,0.531,0.757,0.624,1.0,0.801,67.8,0.553
8.46,7.83,8.81,0.42,7.78,10.99,0.35,8.0,0.55,174.59,0.89,0.759,16,3,0.727,0.224,0.745,1.0,0.88,48.0,0.571
1.29,0.86,4.69,0.19,0.18,2.39,1.0,2.0,0.95,38.42,0.73,0.935,4,10,0.659,0.861,0.932,1.0,0.599,61.5,0.485
3.35,0.19,10.89,0.51,1.83,3.9,1.0,2.0,0.95,73.36,1.0,0.109,13,4,0.657,0.711,0.469,0.0,0.576,51.7,0.359
6.04,7.66,17.37,0.67,4.4,5.92,0.35,8.0,0.55,11.87,0.69,0.914,4,2,0.558,0.654,0.844,0.0,0.9,45.1,0.387
4.67,1.64,2.88,0.11,3.56,10.15,0.82,4.0,1.0,138.25,0.82,0.602,18,7,0.684,0.469,0.435,1.0,0.538,64.8,0.593
2.79,2.17,12.48,0.46,1.75,3.44,1.0,2.0,0.95,138.27,0.97,0.359,18,3,0.966,0.941,0.405,0.0,0.712,52.9,0.404
1.44,0.33,9.17,0.46,0.04,1.78,1.0,2.0,0.95,76.88,0.62,0.287,18,9,0.602,0.36,0.68,0.0,0.817,69.2,0.524
5.36,2.86,1.14,0.05,4.38,13.4,0.82,4.0,1.0,136.01,0.76,0.683,12,6,0.746,0.157,0.528,1.0,0.578,63.4,0.601
7.8,7.66,16.17,0.81,6.07,6.72,0.35,8.0,0.55,28.94,0.62,0.789,6,10,0.942,0.797,0.607,0.0,0.692,39.8,0.348
2.28,1.97,6.31,0.23,1.25,3.93,1.0,2.0,0.95,55.46,0.97,0.44,10,12,0.714,0.412,0.792,1.0,0.371,70.5,0.633
1.08,0.09,17.37,0.62,-0.6,1.11,0.82,4.0,1.0,131.22,0.57,0.569,18,8,0.618,0.74,0.875,1.0,0.823,59.0,0.422
3.7,0.74,0.19,0.01,2.67,10.28,1.0,2.0,0.95,100.98,0.86,0.449,16,5,0.584,0.435,0.741,1.0,0.685,71.3,0.618
4.55,7.31,14.14,0.67,2.98,4.46,0.35,8.0,0.55,45.12,0.65,0.335,15,8,0.597,0.574,0.965,0.0,0.95,47.1,0.454
6.02,4.1,7.75,0.29,5.05,9.41,0.82,4.0,1.0,111.67,0.58,0.05,7,8,0.604,0.549,0.771,0.0,0.532,49.6,0.37
1.17,1.31,5.75,0.24,0.47,1.98,0.82,4.0,1.0,25.24,0.74,0.643,14,3,0.765,0.27,0.951,1.0,0.634,74.5,0.628
3.3,1.66,16.84,0.71,1.82,3.11,1.0,2.0,0.95,18.58,0.89,0.51,8,7,0.681,0.205,0.656,1.0,0.68,56.1,0.567
8.61,5.76,8.15,0.4,7.28,11.48,0.58,6.0,0.88,110.95,0.66,0.299,13,2,0.937,0.243,0.727,0.0,0.564,47.6,0.412
2.52,4.24,1.43,0.07,1.97,6.0,0.58,6.0,0.88,83.01,0.72,0.907,3,10,0.493,0.548,0.726,1.0,0.559,65.3,0.608
1.26,0.87,10.7,0.44,0.55,1.59,0.82,4.0,1.0,12.63,0.82,0.354,12,12,0.51,0.23,0.587,1.0,0.529,58.0,0.568
2.33,4.08,5.23,0.27,1.25,3.76,0.82,4.0,1.0,156.81,0.6,0.178,8,4,0.947,0.91,0.849,1.0,0.562,61.9,0.558
6.62,1.65,17.01,0.8,4.8,5.76,0.82,4.0,1.0,106.19,0.79,0.592,6,9,0.549,0.704,0.745,0.0,0.681,52.5,0.432
6.14,3.35,15.47,0.79,4.5,5.39,0.58,6.0,0.88,86.74,0.64,0.859,14,4,0.475,0.932,0.664,0.0,0.897,45.7,0.354
7.68,8.76,9.06,0.43,6.72,9.85,0.35,8.0,0.55,3.98,0.95,0.102,10,5,0.978,0.662,0.657,0.0,0.728,34.6,0.341
3.88,0.09,7.95,0.39,3.09,5.24,1.0,2.0,0.95,171.02,0.73,0.19,17,3,0.633,0.386,0.409,1.0,0.773,63.1,0.578
0.7,1.0,3.66,0.16,-0.37,1.37,1.0,2.0,0.95,131.07,0.9,0.206,11,9,0.498,0.879,0.856,1.0,0.772,60.4,0.487
0.42,2.21,5.68,0.28,-0.58,0.67,0.58,6.0,0.88,2.4,0.64,0.422,16,3,0.682,0.217,0.759,1.0,0.371,48.9,0.439
2.15,1.76,15.34,0.69,0.86,2.07,1.0,2.0,0.95,34.34,0.9,0.558,11,7,0.74,0.553,0.853,0.0,0.655,69.3,0.541
3.57,3.87,10.02,0.51,2.56,4.15,0.82,4.0,1.0,172.95,0.81,0.345,8,8,0.505,0.241,0.905,1.0,0.784,63.9,0.646
5.21,0.27,10.07,0.41,4.12,6.86,0.58,6.0,0.88,176.04,0.74,0.937,17,2,0.674,0.162,0.711,1.0,0.562,58.3,0.623
5.71,8.76,6.3,0.29,4.5,8.92,0.35,8.0,0.55,132.83,0.89,0.361,4,1,0.619,0.745,0.771,1.0,0.653,51.3,0.471
1.86,0.43,12.39,0.48,0.68,2.24,1.0,2.0,0.95,111.44,0.78,0.111,18,6,0.877,0.529,0.488,1.0,0.655,62.4,0.543
7.37,0.46,0.38,0.02,7.0,19.92,0.35,8.0,0.55,143.15,0.59,0.106,15,12,0.953,0.763,0.736,0.0,0.606,44.5,0.373
8.9,7.24,1.55,0.06,8.05,21.71,0.35,8.0,0.55,174.52,0.59,0.666,1,12,0.596,0.664,0.607,0.0,0.376,46.6,0.334
0.66,4.25,10.57,0.55,-0.55,0.73,0.58,6.0,0.88,74.29,0.95,0.642,2,11,0.654,0.607,0.578,0.0,0.559,51.2,0.335
5.09,0.53,11.8,0.59,4.07,5.41,1.0,2.0,0.95,54.13,0.61,0.207,12,6,0.859,0.916,0.456,0.0,0.68,41.7,0.312
8.32,4.42,4.69,0.19,7.14,15.41,0.58,6.0,0.88,111.04,0.92,0.437,8,11,0.772,0.77,0.823,1.0,0.575,52.5,0.539
1.76,2.14,16.24,0.69,0.17,1.69,1.0,2.0,0.95,144.23,0.74,0.65,11,2,0.61,0.687,0.618,1.0,0.382,65.9,0.592
0.88,3.64,17.14,0.74,-0.21,0.81,0.82,4.0,1.0,72.84,0.73,0.557,18,2,0.568,0.018,0.898,1.0,0.589,56.3,0.507
2.23,0.27,4.54,0.22,1.41,3.91,1.0,2.0,0.95,179.17,0.72,0.27,5,6,0.566,0.108,0.656,1.0,0.599,73.8,0.609
8.84,5.24,11.5,0.42,7.75,11.48,0.58,6.0,0.88,66.77,0.8,0.649,17,10,0.865,0.12,0.924,0.0,0.406,46.6,0.41
0.76,2.48,6.89,0.25,0.19,1.27,0.35,8.0,0.55,150.5,0.9,0.475,14,6,0.47,0.265,0.844,1.0,0.467,60.9,0.621
4.64,3.49,13.29,0.64,2.91,4.69,0.82,4.0,1.0,47.74,0.85,0.847,4,4,0.944,0.818,0.723,1.0,0.725,51.8,0.481
3.46,1.79,14.54,0.65,2.05,3.46,1.0,2.0,0.95,167.7,0.88,0.347,6,8,0.805,0.002,0.865,1.0,0.766,59.9,0.603
0.38,1.17,12.49,0.63,-0.66,0.39,0.58,6.0,0.88,29.58,0.71,0.416,18,4,0.526,0.945,0.818,0.0,0.481,39.0,0.149
3.5,5.57,10.36,0.48,1.98,4.22,0.58,6.0,0.88,156.99,0.83,0.784,16,6,0.454,0.402,0.714,0.0,0.672,55.8,0.49
5.33,1.96,8.47,0.43,4.49,6.83,0.82,4.0,1.0,56.62,0.86,0.225,7,8,0.731,0.105,0.854,0.0,0.606,51.6,0.42
6.63,0.6,8.05,0.32,5.69,9.9,0.82,4.0,1.0,79.33,0.83,0.916,17,2,0.758,0.845,0.842,1.0,0.753,54.2,0.475
7.33,1.31,10.93,0.55,6.47,8.14,0.82,4.0,1.0,76.24,0.71,0.891,6,12,0.848,0.403,0.693,0.0,0.923,55.6,0.452
10.36,5.7,3.77,0.19,9.76,19.19,0.35,8.0,0.55,72.64,0.96,0.726,7,2,0.706,0.597,0.598,1.0,0.376,42.9,0.465
1.7,0.49,5.74,0.21,0.44,3.04,0.82,4.0,1.0,131.6,0.78,0.15,13,5,0.736,0.011,0.545,0.0,0.689,71.7,0.601
3.93,3.69,13.28,0.55,2.39,4.37,0.82,4.0,1.0,172.0,0.58,0.386,8,10,0.707,0.909,0.608,0.0,0.514,45.0,0.311
0.46,0.86,7.67,0.33,-0.84,0.68,1.0,2.0,0.95,43.95,0.72,0.107,13,1,0.954,0.41,0.974,0.0,0.86,62.4,0.408
1.38,4.07,6.06,0.25,0.41,2.3,0.82,4.0,1.0,125.94,0.94,0.899,4,4,0.629,0.955,0.473,0.0,0.684,59.5,0.386
9.76,7.84,8.94,0.36,8.81,13.75,0.35,8.0,0.55,128.22,0.95,0.111,16,11,0.638,0.867,0.645,1.0,0.614,31.4,0.441
3.34,0.45,7.04,0.26,2.26,5.48,0.82,4.0,1.0,31.18,0.68,0.47,8,8,0.972,0.054,0.798,1.0,0.402,59.4,0.538
1.35,0.07,16.09,0.82,-0.5,1.15,1.0,2.0,0.95,62.75,0.91,0.682,6,7,0.872,0.482,0.767,1.0,0.66,54.6,0.429
7.3,6.32,15.18,0.63,6.37,7.45,0.35,8.0,0.55,31.95,0.65,0.161,11,3,0.531,0.785,0.52,0.0,0.712,38.0,0.29
2.69,0.78,10.67,0.4,1.83,3.59,0.58,6.0,0.88,123.74,0.93,0.331,12,5,0.574,0.085,0.711,1.0,0.577,57.9,0.584
2.8,1.4,14.94,0.76,0.96,2.52,1.0,2.0,0.95,136.13,0.65,0.441,17,4,0.703,0.35,0.967,1.0,0.758,62.3,0.636
4.21,1.62,0.24,0.01,3.31,11.69,0.82,4.0,1.0,174.54,0.83,0.102,7,2,0.685,0.145,0.765,0.0,0.85,70.9,0.612
1.81,0.5,1.98,0.08,0.91,4.21,1.0,2.0,0.95,105.36,0.67,0.16,3,5,0.665,0.091,0.758,0.0,0.973,78.2,0.58
4.72,0.98,17.75,0.68,3.46,4.58,1.0,2.0,0.95,124.21,0.64,0.99,9,3,0.853,0.399,0.943,0.0,0.424,56.4,0.374
1.71,0.08,8.56,0.34,1.02,2.48,0.82,4.0,1.0,143.32,0.68,0.492,9,1,0.627,0.11,0.786,1.0,0.368,72.8,0.674
0.38,1.83,14.65,0.66,-0.9,0.38,1.0,2.0,0.95,145.93,0.84,0.199,14,4,0.643,0.369,0.674,1.0,0.5,57.6,0.351
1.12,0.45,16.71,0.72,-0.49,1.05,1.0,2.0,0.95,87.25,0.59,0.427,11,12,0.674,0.169,0.737,0.0,0.581,52.2,0.359
3.77,1.3,6.61,0.35,2.88,5.39,1.0,2.0,0.95,28.91,0.87,0.871,16,12,0.87,0.768,0.495,0.0,0.549,55.6,0.447
2.42,1.62,15.51,0.82,0.52,2.07,1.0,2.0,0.95,58.47,0.98,0.139,9,3,0.833,0.116,0.57,1.0,0.976,66.4,0.701
2.77,8.06,16.83,0.75,0.99,2.52,0.35,8.0,0.55,85.65,0.93,0.728,3,10,0.922,0.001,0.638,1.0,0.545,57.9,0.603
4.7,5.38,3.46,0.19,4.16,8.7,0.58,6.0,0.88,176.52,0.59,0.518,3,8,0.465,0.104,0.777,0.0,0.421,55.7,0.448
6.48,2.94,9.4,0.36,5.8,9.13,0.82,4.0,1.0,30.9,0.97,0.967,16,10,0.652,0.955,0.645,0.0,0.369,45.7,0.34
3.01,0.9,7.18,0.39,1.61,4.07,0.58,6.0,0.88,79.91,0.92,0.191,10,2,0.515,0.87,0.519,0.0,0.541,48.7,0.414
4.66,0.59,17.97,0.85,3.31,3.88,1.0,2.0,0.95,72.44,0.75,0.311,17,3,0.517,0.952,0.436,1.0,0.914,50.6,0.441
4.45,0.96,9.2,0.42,3.59,5.78,1.0,2.0,0.95,145.59,0.97,0.819,4,11,0.822,0.613,0.538,1.0,0.596,58.2,0.57
3.55,2.3,3.39,0.12,3.1,7.55,0.35,8.0,0.55,79.1,0.94,0.601,11,1,0.678,0.779,0.774,1.0,0.415,60.1,0.471
5.15,1.43,5.23,0.24,3.91,8.73,1.0,2.0,0.95,45.09,0.6,0.699,16,9,0.767,0.684,0.771,1.0,0.713,61.5,0.524
0.95,4.93,13.79,0.68,0.01,0.92,0.35,8.0,0.55,20.95,0.85,0.652,9,11,0.6,0.306,0.689,0.0,0.519,52.7,0.486
3.12,6.69,8.6,0.45,2.06,3.9,0.35,8.0,0.55,139.37,0.62,0.954,8,2,0.803,0.842,0.681,1.0,0.381,53.7,0.503
3.74,0.41,13.46,0.58,2.38,4.02,0.82,4.0,1.0,101.15,0.86,0.305,1,12,0.779,0.169,0.412,1.0,0.37,54.4,0.588
3.94,2.36,8.04,0.41,2.94,5.18,0.82,4.0,1.0,10.83,0.98,0.754,6,5,0.491,0.94,0.455,1.0,0.893,41.0,0.465
2.33,4.32,11.63,0.43,1.63,2.99,0.35,8.0,0.55,175.92,1.0,0.758,2,7,0.716,0.201,0.842,0.0,0.955,65.4,0.526
5.86,5.8,2.67,0.1,5.37,13.02,0.58,6.0,0.88,44.97,0.59,0.363,16,8,0.523,0.002,0.8,0.0,0.677,51.1,0.495
1.72,1.58,8.29,0.43,0.22,2.21,0.35,8.0,0.55,18.36,0.68,0.216,16,4,0.526,0.316,0.685,1.0,0.894,51.5,0.586
6.96,0.13,4.55,0.25,5.96,11.6,0.58,6.0,0.88,161.56,0.67,0.401,17,8,0.485,0.709,0.567,1.0,0.382,53.1,0.458
5.09,3.73,5.94,0.22,3.85,8.93,0.82,4.0,1.0,145.6,0.55,0.778,12,6,0.815,0.739,0.717,1.0,0.733,67.6,0.582
3.64,6.91,8.79,0.39,2.7,4.92,0.35,8.0,0.55,28.52,0.78,0.645,14,11,0.866,0.071,0.738,0.0,0.501,47.6,0.446
1.58,0.5,1.92,0.08,1.09,3.67,1.0,2.0,0.95,170.31,0.85,0.219,9,7,0.966,0.279,0.705,1.0,0.798,84.9,0.658
6.23,0.6,4.11,0.21,5.74,11.13,0.82,4.0,1.0,88.17,0.66,0.765,16,1,0.949,0.757,0.817,1.0,0.481,67.9,0.501
0.48,4.66,6.36,0.24,-0.82,0.81,0.35,8.0,0.55,38.51,0.83,0.168,4,7,0.882,0.741,0.508,1.0,0.759,46.5,0.359
3.54,1.67,11.24,0.6,2.31,3.73,0.82,4.0,1.0,98.74,0.67,0.619,18,4,0.736,0.197,0.77,1.0,0.909,68.1,0.645
1.5,0.5,1.1,0.05,0.97,3.75,1.0,2.0,0.95,32.09,0.93,0.348,1,8,0.904,0.882,0.409,1.0,0.926,71.7,0.567
6.46,4.04,9.93,0.52,5.58,7.43,0.82,4.0,1.0,92.99,0.85,0.821,8,9,0.976,0.058,0.94,1.0,0.66,62.9,0.616
7.22,2.29,13.25,0.66,6.25,7.15,0.82,4.0,1.0,68.06,0.9,0.145,8,4,0.844,0.446,0.409,1.0,0.612,55.1,0.48
2.73,7.97,1.63,0.07,1.57,6.5,0.35,8.0,0.55,129.92,0.86,0.999,11,6,0.844,0.026,0.542,0.0,0.808,68.4,0.521
1.54,1.11,1.39,0.06,0.57,3.76,1.0,2.0,0.95,40.25,0.81,0.67,1,7,0.502,0.538,0.48,0.0,0.915,67.1,0.552
0.67,0.68,1.74,0.09,0.1,1.52,0.82,4.0,1.0,175.33,0.68,0.334,18,5,0.944,0.244,0.609,1.0,0.388,79.9,0.626
4.47,2.69,6.04,0.22,3.67,7.84,0.82,4.0,1.0,164.9,0.75,0.654,5,1,0.882,0.987,0.926,0.0,0.741,58.6,0.442
4.71,0.72,17.56,0.83,2.85,3.99,1.0,2.0,0.95,97.61,0.81,0.766,14,9,0.906,0.938,0.834,1.0,0.553,50.4,0.482
4.6,1.01,5.3,0.27,3.26,7.42,1.0,2.0,0.95,48.33,0.97,0.654,3,6,0.939,0.666,0.643,1.0,0.356,61.0,0.462
7.55,7.04,10.83,0.45,6.64,9.44,0.35,8.0,0.55,166.61,0.56,0.263,9,11,0.492,0.873,0.602,0.0,0.594,31.1,0.289
7.52,1.83,7.8,0.37,6.68,10.44,0.58,6.0,0.88,175.78,0.56,0.895,2,1,0.605,0.412,0.893,1.0,0.743,55.4,0.583
7.05,3.56,7.93,0.4,6.05,9.4,0.58,6.0,0.88,52.21,0.95,0.602,5,5,0.66,0.135,0.657,0.0,0.402,44.4,0.343
7.07,6.51,1.61,0.07,6.6,16.83,0.35,8.0,0.55,160.86,0.91,0.415,6,11,0.799,0.06,0.792,1.0,0.707,53.8,0.55
2.09,0.1,15.62,0.57,1.21,2.27,1.0,2.0,0.95,90.51,0.58,0.461,9,8,0.953,0.484,0.844,1.0,0.903,74.1,0.677
3.57,1.54,16.07,0.62,2.57,3.68,1.0,2.0,0.95,46.06,0.81,0.432,2,3,0.642,0.963,0.458,1.0,0.93,46.4,0.478
3.69,6.26,9.09,0.34,2.95,5.35,0.58,6.0,0.88,123.61,0.59,0.681,8,3,0.719,0.773,0.903,0.0,0.894,59.8,0.416
7.37,6.16,10.72,0.43,6.03,9.45,0.58,6.0,0.88,83.45,0.87,0.98,3,12,0.905,0.915,0.574,1.0,0.363,37.5,0.406
4.14,6.71,9.8,0.36,3.33,5.83,0.35,8.0,0.55,174.75,0.81,0.662,10,9,0.843,0.801,0.687,0.0,0.756,44.6,0.33
7.78,5.94,8.59,0.33,6.47,11.44,0.35,8.0,0.55,85.66,0.64,0.555,11,4,0.595,0.148,0.465,0.0,0.889,43.9,0.425
3.77,3.86,8.24,0.37,2.34,5.24,0.35,8.0,0.55,136.13,0.86,0.128,4,10,0.551,0.365,0.621,1.0,0.429,47.6,0.51
1.16,1.94,10.43,0.39,-0.2,1.57,0.82,4.0,1.0,96.51,0.71,0.764,15,6,0.755,0.026,0.617,1.0,0.812,58.7,0.621
5.76,5.84,15.4,0.6,4.5,6.06,0.35,8.0,0.55,87.67,0.92,0.155,2,6,0.877,0.846,0.671,0.0,0.435,30.6,0.322
3.94,0.82,17.33,0.84,2.61,3.31,1.0,2.0,0.95,115.9,0.9,0.707,18,6,0.693,0.324,0.615,0.0,0.659,63.6,0.459
3.62,4.85,12.77,0.52,2.52,4.16,0.58,6.0,0.88,150.35,0.89,0.44,8,6,0.816,0.972,0.402,1.0,0.367,47.1,0.405
5.93,3.03,2.89,0.11,5.17,12.89,0.82,4.0,1.0,95.98,0.87,0.786,16,7,0.753,0.672,0.911,1.0,0.388,65.0,0.546
8.05,5.7,13.24,0.54,6.9,9.04,0.58,6.0,0.88,73.75,0.66,0.929,18,1,0.868,0.187,0.67,1.0,0.516,51.6,0.583
2.15,2.41,1.02,0.04,1.15,5.51,0.58,6.0,0.88,144.75,0.74,0.263,16,8,0.811,0.256,0.561,0.0,0.615,68.7,0.572
2.36,2.08,7.71,0.36,1.02,3.32,1.0,2.0,0.95,124.21,0.91,0.376,6,6,0.469,0.388,0.443,1.0,0.736,68.0,0.604
1.84,2.13,0.83,0.04,1.38,4.72,0.82,4.0,1.0,136.25,0.89,0.834,1,3,0.561,0.771,0.574,0.0,0.874,78.6,0.57
5.77,1.26,5.07,0.22,5.22,10.12,0.82,4.0,1.0,69.52,0.81,0.385,4,2,0.792,0.175,0.891,1.0,0.918,57.9,0.545
3.14,1.24,17.88,0.66,2.01,3.11,1.0,2.0,0.95,164.84,0.82,0.141,3,11,0.527,0.81,0.879,0.0,0.975,51.3,0.394
7.93,5.71,4.57,0.23,6.64,13.67,0.35,8.0,0.55,53.63,0.63,0.692,16,6,0.917,0.676,0.913,1.0,0.909,50.8,0.49
3.74,2.14,5.52,0.23,2.6,6.45,0.82,4.0,1.0,11.56,0.66,0.825,6,8,0.702,0.137,0.86,1.0,0.713,60.4,0.583
0.78,5.56,6.35,0.32,-0.17,1.16,0.58,6.0,0.88,109.93,0.68,0.85,10,11,0.86,0.511,0.801,0.0,0.599,58.6,0.409
6.92,2.16,9.18,0.37,5.82,9.61,0.35,8.0,0.55,49.78,0.82,0.811,17,7,0.684,0.506,0.678,1.0,0.847,46.7,0.521
1.87,1.0,12.69,0.48,1.0,2.25,1.0,2.0,0.95,69.13,0.83,0.805,11,3,0.892,0.282,0.831,1.0,0.489,75.3,0.576
1.82,0.62,12.68,0.7,0.19,1.73,1.0,2.0,0.95,102.89,0.61,0.787,9,4,0.867,0.248,0.433,0.0,0.616,64.9,0.547
6.03,1.5,6.44,0.35,4.93,8.61,0.58,6.0,0.88,67.87,0.96,0.679,1,2,0.831,0.511,0.614,1.0,0.881,59.2,0.517
3.76,3.07,13.03,0.52,2.15,4.32,0.82,4.0,1.0,125.36,0.67,0.231,15,6,0.67,0.028,0.69,0.0,0.354,60.7,0.503
2.73,1.91,15.01,0.66,1.28,2.7,0.35,8.0,0.55,9.88,0.93,0.881,4,11,0.917,0.289,0.5,0.0,0.398,51.3,0.42
6.92,0.74,13.07,0.48,6.18,8.34,0.82,4.0,1.0,2.02,0.58,0.548,11,5,0.899,0.594,0.937,0.0,0.458,43.0,0.393
2.63,3.6,0.75,0.04,1.94,6.74,0.58,6.0,0.88,13.42,0.8,0.861,2,5,0.63,0.083,0.583,0.0,0.931,65.1,0.548
5.94,6.02,17.32,0.66,4.68,5.88,0.58,6.0,0.88,149.83,0.62,0.436,7,12,0.907,0.797,0.969,1.0,0.978,54.1,0.512
2.7,3.34,16.04,0.74,1.44,2.48,0.58,6.0,0.88,64.29,0.93,0.211,10,7,0.908,0.757,0.624,1.0,0.768,58.6,0.519
4.37,1.68,6.08,0.3,3.73,6.72,1.0,2.0,0.95,94.24,0.77,0.524,4,5,0.748,0.827,0.456,0.0,0.583,50.0,0.423
7.83,7.6,6.37,0.28,6.83,12.43,0.35,8.0,0.55,73.47,0.88,0.412,11,1,0.589,0.734,0.453,1.0,0.921,45.9,0.443
7.36,4.95,8.89,0.37,6.29,10.22,0.58,6.0,0.88,12.78,0.71,0.091,11,2,0.57,0.669,0.782,0.0,0.609,39.2,0.352
0.83,1.3,1.13,0.04,-0.03,2.13,0.35,8.0,0.55,22.72,0.62,0.911,1,8,0.967,0.659,0.446,0.0,0.378,50.5,0.415
3.4,2.56,2.77,0.1,2.54,7.56,0.82,4.0,1.0,117.8,0.76,0.441,4,11,0.475,0.252,0.902,0.0,0.553,59.2,0.465
0.76,1.84,8.23,0.32,0.1,1.13,1.0,2.0,0.95,134.18,0.95,0.055,15,8,0.743,0.179,0.565,1.0,0.578,72.3,0.637
10.62,4.27,0.82,0.04,10.22,27.23,0.35,8.0,0.55,18.44,0.88,0.808,6,9,0.853,0.299,0.901,1.0,0.479,52.6,0.536
1.14,0.74,17.14,0.67,-0.31,1.12,0.82,4.0,1.0,97.18,0.64,0.956,15,5,0.866,0.054,0.704,0.0,0.457,60.4,0.415
7.74,4.56,11.3,0.44,6.55,9.8,0.58,6.0,0.88,152.83,1.0,0.563,3,3,0.806,0.165,0.838,0.0,0.388,46.8,0.357
4.78,1.21,2.68,0.12,3.85,10.17,1.0,2.0,0.95,143.0,0.93,0.881,6,12,0.475,0.654,0.817,1.0,0.389,67.1,0.599
8.45,4.13,5.72,0.26,7.18,13.85,0.58,6.0,0.88,136.08,0.75,0.443,13,6,0.737,0.397,0.907,0.0,0.593,55.4,0.393
2.58,5.69,9.24,0.46,1.75,3.19,0.58,6.0,0.88,12.79,0.62,0.36,9,6,0.474,0.55,0.948,0.0,0.594,49.9,0.411
9.49,7.25,16.31,0.61,8.21,9.89,0.35,8.0,0.55,19.25,0.93,0.919,10,2,0.85,0.982,0.771,1.0,0.595,36.1,0.394
6.44,3.34,14.22,0.7,5.47,6.13,0.82,4.0,1.0,3.04,0.74,0.264,11,11,0.829,0.001,0.71,1.0,0.909,44.3,0.56
3.71,2.76,0.1,0.0,2.71,10.6,0.82,4.0,1.0,176.0,0.84,0.95,18,4,0.481,0.47,0.473,0.0,0.451,69.4,0.453
5.49,0.06,16.99,0.92,3.54,4.32,1.0,2.0,0.95,143.52,0.95,0.162,18,6,0.935,0.328,0.68,0.0,0.691,53.1,0.418
2.13,1.49,5.86,0.33,1.41,3.13,0.35,8.0,0.55,58.02,0.63,0.402,5,9,0.641,0.32,0.614,0.0,0.424,55.3,0.401
0.82,0.99,9.18,0.37,-0.63,1.14,1.0,2.0,0.95,63.5,0.87,0.166,4,9,0.787,0.088,0.414,0.0,0.868,51.3,0.313
2.89,1.41,0.75,0.04,1.77,7.41,1.0,2.0,0.95,14.06,0.74,0.624,7,4,0.875,0.154,0.636,0.0,0.844,62.6,0.522
4.45,3.4,15.07,0.75,2.97,4.05,0.58,6.0,0.88,28.85,0.72,0.858,2,7,0.969,0.367,0.515,0.0,0.627,46.9,0.444
1.4,0.49,15.22,0.63,0.4,1.43,1.0,2.0,0.95,57.7,0.99,0.116,8,7,0.656,0.287,0.51,1.0,0.481,62.0,0.59
0.95,1.38,13.31,0.63,-0.75,0.97,0.82,4.0,1.0,175.54,0.68,0.955,18,2,0.645,0.754,0.739,0.0,0.927,60.8,0.3
3.1,1.38,10.42,0.39,1.8,4.19,1.0,2.0,0.95,44.69,0.85,0.094,7,1,0.599,0.81,0.522,0.0,0.786,50.8,0.422
3.76,0.88,13.83,0.65,2.34,3.76,1.0,2.0,0.95,129.04,0.62,0.065,1,1,0.862,0.245,0.884,1.0,0.935,61.5,0.583
4.53,1.45,7.0,0.28,3.61,7.19,1.0,2.0,0.95,86.84,0.78,0.448,14,4,0.669,0.029,0.519,1.0,0.472,55.6,0.572
1.79,3.89,0.78,0.03,1.43,4.71,0.82,4.0,1.0,143.89,0.81,0.211,15,8,0.477,0.687,0.61,1.0,0.437,71.4,0.568
9.71,3.58,9.49,0.34,8.97,14.07,0.35,8.0,0.55,117.51,0.58,0.452,13,1,0.457,0.775,0.921,0.0,0.901,41.3,0.371
7.0,1.12,3.09,0.13,6.3,14.58,0.58,6.0,0.88,91.64,0.56,0.569,3,11,0.688,0.134,0.766,0.0,0.769,53.7,0.465
0.44,1.13,10.04,0.43,-0.46,0.56,0.35,8.0,0.55,131.03,0.83,0.918,12,12,0.587,0.908,0.972,0.0,0.945,48.7,0.283
1.73,1.86,14.33,0.61,0.09,1.8,0.82,4.0,1.0,83.5,0.88,0.179,2,3,0.503,0.07,0.978,0.0,0.616,60.7,0.523
0.86,6.09,10.91,0.46,-0.39,1.06,0.58,6.0,0.88,56.06,0.84,0.555,18,1,0.896,0.212,0.704,1.0,0.795,61.7,0.53
3.34,3.86,9.47,0.41,2.44,4.39,0.82,4.0,1.0,161.37,0.7,0.957,16,9,0.954,0.098,0.766,1.0,0.476,64.9,0.639
4.68,1.49,6.98,0.36,3.66,6.59,1.0,2.0,0.95,109.21,0.98,0.289,7,2,0.713,0.545,0.661,0.0,0.572,61.4,0.445
1.85,4.67,14.85,0.55,0.68,2.06,0.35,8.0,0.55,50.82,0.96,0.29,1,2,0.626,0.449,0.636,1.0,0.438,52.2,0.529
8.06,2.3,2.25,0.08,7.17,18.74,0.58,6.0,0.88,55.52,0.67,0.584,14,7,0.691,0.61,0.732,0.0,0.976,50.5,0.482
5.61,2.42,7.8,0.43,4.66,7.19,0.35,8.0,0.55,139.69,0.6,0.541,15,12,0.94,0.233,0.636,0.0,0.973,51.9,0.505
1.89,3.18,15.86,0.71,0.5,1.78,0.35,8.0,0.55,76.99,0.8,0.899,3,1,0.57,0.401,0.688,0.0,0.703,55.6,0.445
3.99,1.84,10.43,0.47,2.86,4.87,1.0,2.0,0.95,113.59,0.55,0.429,2,12,0.491,0.822,0.639,1.0,0.889,50.5,0.441
1.19,5.34,0.65,0.02,0.85,3.22,0.35,8.0,0.55,10.36,0.6,0.423,11,5,0.63,0.311,0.818,0.0,0.384,65.3,0.476
8.17,0.9,13.23,0.58,7.09,8.78,0.58,6.0,0.88,137.19,0.86,0.814,1,11,0.617,0.821,0.476,1.0,0.783,43.8,0.404
1.48,1.84,7.14,0.27,0.19,2.39,0.82,4.0,1.0,103.38,0.6,0.762,2,11,0.732,0.668,0.836,0.0,0.895,72.0,0.46
0.36,1.01,0.6,0.03,-0.15,0.95,0.58,6.0,0.88,28.29,0.76,0.45,9,4,0.614,0.575,0.578,1.0,0.563,63.9,0.552
0.91,2.15,3.46,0.15,0.09,1.82,0.58,6.0,0.88,153.26,0.59,0.996,1,3,0.719,0.701,0.909,0.0,0.802,76.7,0.574
4.18,5.3,16.2,0.71,2.95,3.94,0.35,8.0,0.55,167.89,0.63,0.297,3,11,0.632,0.323,0.958,0.0,0.831,42.9,0.451
10.65,2.45,4.16,0.15,10.04,21.3,0.35,8.0,0.55,173.98,0.61,0.962,15,12,0.598,0.643,0.567,0.0,0.839,51.1,0.424
3.51,3.04,7.71,0.28,2.56,5.57,0.58,6.0,0.88,116.55,0.68,0.722,10,8,0.95,0.129,0.769,1.0,0.803,67.2,0.631
5.08,1.34,10.13,0.56,3.89,5.58,0.82,4.0,1.0,161.82,0.85,0.121,2,10,0.753,0.559,0.569,0.0,0.737,51.2,0.422
2.3,0.61,2.18,0.09,1.6,5.23,1.0,2.0,0.95,92.05,0.98,0.496,2,3,0.601,0.592,0.401,1.0,0.646,72.7,0.55
2.44,4.49,6.31,0.29,1.08,3.81,0.58,6.0,0.88,117.82,1.0,0.262,7,5,0.596,0.717,0.671,0.0,0.674,58.3,0.467
0.86,3.24,10.64,0.44,-0.08,1.09,0.82,4.0,1.0,59.44,0.75,0.762,9,6,0.778,0.742,0.521,0.0,0.448,53.3,0.385
1.29,0.71,2.74,0.1,0.51,2.87,1.0,2.0,0.95,58.84,0.67,0.521,18,9,0.759,0.767,0.769,1.0,0.383,67.6,0.581
0.63,3.3,11.62,0.64,-0.6,0.64,0.35,8.0,0.55,25.17,0.85,0.226,13,3,0.944,0.714,0.907,0.0,0.432,42.5,0.197
7.11,0.51,13.3,0.72,5.7,6.64,0.35,8.0,0.55,179.78,0.88,0.659,15,10,0.94,0.499,0.785,0.0,0.791,48.6,0.427
9.67,1.76,10.18,0.53,8.45,10.99,0.35,8.0,0.55,66.43,0.67,0.873,18,11,0.569,0.507,0.61,0.0,0.682,40.7,0.325
0.87,1.78,6.33,0.3,-0.29,1.34,1.0,2.0,0.95,57.83,0.77,0.32,18,12,0.977,0.958,0.609,1.0,0.813,49.9,0.392
6.75,6.82,1.28,0.05,5.91,16.88,0.35,8.0,0.55,147.48,0.7,0.414,3,10,0.891,0.749,0.898,1.0,0.577,46.7,0.415
4.48,1.74,3.09,0.13,3.84,9.33,1.0,2.0,0.95,110.72,0.8,0.893,17,11,0.935,0.868,0.669,0.0,0.571,58.8,0.457
4.02,2.89,15.74,0.61,3.0,4.19,0.82,4.0,1.0,111.3,0.55,0.905,16,7,0.973,0.208,0.824,1.0,0.749,68.7,0.65
3.55,7.42,6.93,0.35,2.61,5.07,0.35,8.0,0.55,93.78,0.82,0.351,3,2,0.846,0.348,0.788,0.0,0.69,49.2,0.441
3.98,5.32,13.19,0.62,2.56,4.1,0.35,8.0,0.55,46.7,0.82,0.819,4,10,0.824,0.376,0.557,1.0,0.461,46.8,0.454
0.41,3.81,16.78,0.64,-1.13,0.41,0.58,6.0,0.88,81.52,0.85,0.852,15,4,0.803,0.414,0.592,1.0,0.387,56.9,0.392
2.85,2.86,2.13,0.12,2.32,6.06,0.82,4.0,1.0,118.24,0.75,0.174,1,8,0.638,0.105,0.561,1.0,0.611,69.6,0.581
9.34,6.42,12.35,0.48,7.79,11.25,0.35,8.0,0.55,130.15,0.57,0.307,9,1,0.857,0.001,0.508,1.0,0.566,43.9,0.499
4.19,4.26,13.86,0.51,3.12,4.87,0.58,6.0,0.88,83.52,0.64,0.182,16,8,0.966,0.084,0.434,0.0,0.623,49.7,0.388
2.08,0.29,14.1,0.52,0.95,2.39,0.82,4.0,1.0,127.07,0.6,0.718,1,7,0.894,0.838,0.951,1.0,0.489,65.4,0.525
2.01,1.72,15.73,0.8,0.45,1.75,1.0,2.0,0.95,171.27,0.87,0.117,14,3,0.757,0.062,0.734,1.0,0.42,67.8,0.61
2.57,0.31,10.87,0.54,1.06,2.89,1.0,2.0,0.95,83.82,0.7,0.106,4,2,0.694,0.84,0.771,1.0,0.629,52.0,0.445
4.12,0.26,16.74,0.77,3.06,3.68,0.58,6.0,0.88,84.09,0.83,0.836,5,3,0.771,0.93,0.527,1.0,0.691,45.8,0.445
2.18,0.99,6.27,0.28,1.2,3.46,0.82,4.0,1.0,71.72,0.86,0.996,15,5,0.938,0.187,0.804,0.0,0.9,81.8,0.61
1.07,2.89,8.79,0.41,-0.43,1.41,0.35,8.0,0.55,4.84,0.92,0.235,7,7,0.69,0.151,0.782,0.0,0.876,40.0,0.378
1.78,1.2,16.31,0.82,0.46,1.52,1.0,2.0,0.95,150.14,0.69,0.629,4,11,0.577,0.08,0.859,0.0,0.708,66.6,0.488
5.07,1.68,10.26,0.42,4.0,6.58,0.82,4.0,1.0,97.89,0.91,0.162,3,6,0.506,0.727,0.811,1.0,0.859,57.8,0.479
6.97,2.71,13.21,0.63,5.87,7.11,0.35,8.0,0.55,139.06,0.86,0.569,11,2,0.771,0.223,0.548,0.0,0.662,46.5,0.371
3.55,1.52,7.81,0.3,2.49,5.46,1.0,2.0,0.95,5.76,0.78,0.994,2,11,0.674,0.922,0.442,1.0,0.544,39.4,0.456
10.06,3.45,1.85,0.07,9.16,23.95,0.35,8.0,0.55,150.68,0.68,0.972,14,8,0.477,0.969,0.599,1.0,0.699,39.9,0.44
6.05,3.19,12.81,0.54,4.66,6.8,0.58,6.0,0.88,126.9,0.63,0.999,2,4,0.481,0.084,0.437,1.0,0.408,48.7,0.53
2.34,1.38,5.58,0.27,1.03,3.77,0.35,8.0,0.55,76.64,0.84,0.146,9,10,0.962,0.346,0.694,0.0,0.464,57.0,0.451
0.78,0.34,15.5,0.7,-0.35,0.74,1.0,2.0,0.95,167.94,0.93,0.984,15,8,0.82,0.473,0.708,1.0,0.886,63.1,0.532
4.76,3.28,13.35,0.65,3.27,4.76,0.82,4.0,1.0,47.58,0.9,0.137,17,11,0.452,0.121,0.776,1.0,0.651,54.8,0.6
8.31,0.72,11.21,0.44,7.31,10.52,0.58,6.0,0.88,67.58,0.99,0.199,7,8,0.642,0.504,0.525,1.0,0.503,43.5,0.513
1.72,6.47,3.97,0.19,1.07,3.19,0.58,6.0,0.88,27.76,0.88,0.59,16,10,0.919,0.326,0.654,0.0,0.659,72.4,0.511
2.51,0.61,12.43,0.48,1.17,3.02,1.0,2.0,0.95,9.89,0.95,0.793,6,10,0.923,0.042,0.898,0.0,0.677,54.7,0.504
8.7,5.09,15.61,0.61,7.82,9.06,0.35,8.0,0.55,78.14,0.89,0.649,12,9,0.954,0.724,0.621,0.0,0.581,41.7,0.381
3.34,3.34,16.87,0.68,1.58,3.24,0.82,4.0,1.0,178.86,0.72,0.069,3,6,0.555,0.136,0.946,0.0,0.973,56.6,0.475
4.62,1.93,16.87,0.75,2.83,4.2,1.0,2.0,0.95,136.77,0.93,0.568,14,4,0.84,0.09,0.973,1.0,0.355,56.7,0.592
2.62,1.26,16.83,0.72,0.8,2.45,0.58,6.0,0.88,144.06,0.87,0.672,8,11,0.911,0.39,0.88,1.0,0.783,61.4,0.543
9.18,3.45,14.52,0.68,8.12,8.91,0.35,8.0,0.55,60.33,0.72,0.942,5,1,0.737,0.877,0.519,1.0,0.836,41.6,0.468
4.55,3.04,6.96,0.35,3.9,6.5,0.82,4.0,1.0,15.38,0.85,0.946,2,12,0.679,0.593,0.778,1.0,0.564,49.0,0.472
4.06,0.71,2.54,0.12,2.86,8.64,0.82,4.0,1.0,93.9,0.88,0.064,6,8,0.719,0.701,0.861,0.0,0.823,59.2,0.46
2.21,1.34,11.72,0.48,1.13,2.66,1.0,2.0,0.95,33.36,0.83,0.702,13,10,0.609,0.14,0.585,0.0,0.777,70.7,0.593
8.85,4.65,1.65,0.06,8.15,21.59,0.35,8.0,0.55,52.26,0.89,0.918,7,12,0.662,0.244,0.964,0.0,0.67,48.6,0.435
2.74,5.09,3.77,0.14,2.24,5.59,0.58,6.0,0.88,22.1,0.64,0.46,16,8,0.902,0.212,0.724,0.0,0.839,57.0,0.493
4.48,0.55,16.05,0.64,3.55,4.53,1.0,2.0,0.95,107.25,0.76,0.97,11,7,0.722,0.787,0.502,0.0,0.7,62.5,0.386
3.46,1.5,1.65,0.06,2.39,8.44,0.35,8.0,0.55,20.65,0.62,0.417,15,5,0.655,0.217,0.476,0.0,0.417,48.2,0.412
9.12,0.2,3.2,0.16,8.59,17.88,0.35,8.0,0.55,154.37,0.79,0.574,3,9,0.618,0.812,0.414,0.0,0.365,31.7,0.256
6.54,0.78,7.13,0.3,5.51,10.06,0.82,4.0,1.0,3.72,0.7,0.142,2,1,0.966,0.826,0.667,0.0,0.827,34.0,0.304
1.47,2.41,0.32,0.02,0.82,3.97,0.82,4.0,1.0,7.69,0.56,0.587,18,2,0.891,0.312,0.443,1.0,0.595,72.6,0.667
6.18,0.21,8.38,0.43,5.08,7.92,0.82,4.0,1.0,8.47,0.88,0.396,18,1,0.68,0.842,0.519,1.0,0.494,45.3,0.423
5.27,1.58,7.58,0.36,4.6,7.42,1.0,2.0,0.95,57.59,0.93,0.309,4,8,0.579,0.878,0.611,0.0,0.86,49.8,0.337
5.05,0.18,7.12,0.36,3.7,7.11,0.82,4.0,1.0,168.29,0.93,0.836,5,5,0.967,0.478,0.454,0.0,0.563,62.8,0.45
2.54,3.74,4.0,0.18,1.55,4.79,0.58,6.0,0.88,94.11,0.98,0.506,7,4,0.771,0.588,0.907,0.0,0.793,60.2,0.462
2.37,1.52,8.79,0.48,1.03,2.86,1.0,2.0,0.95,78.63,0.66,0.165,13,6,0.453,0.83,0.41,1.0,0.834,60.6,0.521
5.02,4.47,12.93,0.62,3.42,5.18,0.58,6.0,0.88,53.19,0.62,0.143,4,11,0.935,0.021,0.524,0.0,0.41,50.0,0.388
2.44,0.08,10.69,0.4,1.14,3.25,1.0,2.0,0.95,7.76,0.99,0.164,6,7,0.882,0.461,0.768,0.0,0.527,51.3,0.394
5.08,2.98,16.33,0.67,3.92,4.98,0.82,4.0,1.0,36.94,0.82,0.46,14,9,0.916,0.87,0.724,1.0,0.844,45.7,0.423
1.67,2.14,10.0,0.44,0.22,2.11,1.0,2.0,0.95,149.46,0.72,0.69,8,5,0.709,0.752,0.451,1.0,0.845,70.5,0.615
1.63,7.99,16.84,0.62,0.47,1.68,0.35,8.0,0.55,13.47,0.68,0.601,12,1,0.957,0.961,0.429,0.0,0.967,51.8,0.376
2.53,2.81,16.4,0.8,0.79,2.2,0.35,8.0,0.55,124.45,0.82,0.243,3,1,0.956,0.61,0.728,0.0,0.514,48.3,0.38
6.84,4.41,7.96,0.41,6.01,9.0,0.58,6.0,0.88,3.07,0.68,0.517,14,1,0.539,0.363,0.595,0.0,0.766,41.1,0.36
2.67,0.45,3.36,0.18,1.75,5.04,1.0,2.0,0.95,55.25,0.58,0.401,2,2,0.656,0.977,0.66,0.0,0.571,54.4,0.379
2.64,1.37,3.8,0.14,1.62,5.39,1.0,2.0,0.95,112.08,0.96,0.075,18,3,0.875,0.423,0.783,1.0,0.623,64.7,0.616
3.53,2.48,7.36,0.27,2.6,5.69,0.35,8.0,0.55,48.23,0.8,0.388,6,6,0.926,0.555,0.935,0.0,0.819,48.5,0.452
2.62,6.5,17.37,0.73,1.51,2.43,0.58,6.0,0.88,85.39,0.56,0.601,6,9,0.679,0.008,0.702,1.0,0.832,55.8,0.565
2.65,1.5,0.2,0.01,1.6,7.36,0.82,4.0,1.0,156.69,0.79,0.439,4,9,0.854,0.122,0.887,0.0,0.841,71.3,0.599
4.73,0.78,0.27,0.01,4.28,13.14,1.0,2.0,0.95,4.66,0.85,0.264,2,4,0.748,0.527,0.411,1.0,0.752,51.9,0.509
5.33,3.84,10.47,0.43,4.03,6.83,0.82,4.0,1.0,60.45,0.93,0.887,15,1,0.769,0.978,0.57,1.0,0.569,56.1,0.423
6.94,8.7,2.09,0.1,6.16,15.42,0.35,8.0,0.55,144.13,0.76,0.575,10,4,0.512,0.692,0.768,1.0,0.61,49.9,0.462
7.32,4.98,3.24,0.15,6.78,14.64,0.35,8.0,0.55,86.7,0.63,0.301,8,8,0.851,0.191,0.9,0.0,0.71,52.2,0.432
8.88,6.03,17.56,0.64,7.76,8.97,0.35,8.0,0.55,123.97,0.69,0.07,15,7,0.725,0.856,0.487,1.0,0.592,31.8,0.335
0.72,3.15,12.98,0.69,-0.31,0.69,0.35,8.0,0.55,143.05,0.62,0.305,8,7,0.847,0.441,0.823,0.0,0.641,46.6,0.295
3.06,0.62,5.17,0.26,1.82,5.02,1.0,2.0,0.95,87.72,0.6,0.466,18,3,0.669,0.065,0.829,1.0,0.641,70.1,0.601
2.64,4.09,8.67,0.33,1.87,3.88,0.35,8.0,0.55,63.2,0.6,0.834,11,6,0.871,0.418,0.577,0.0,0.39,51.0,0.386
5.77,2.7,4.17,0.17,5.33,11.1,0.58,6.0,0.88,99.09,0.84,0.894,9,4,0.741,0.045,0.573,1.0,0.649,61.5,0.651
4.51,3.84,9.34,0.34,3.16,6.54,0.35,8.0,0.55,143.01,0.67,0.115,2,11,0.519,0.284,0.633,0.0,0.7,46.1,0.407
2.64,6.11,0.61,0.02,1.91,7.14,0.35,8.0,0.55,40.72,0.91,0.843,3,5,0.749,0.69,0.699,0.0,0.634,56.7,0.375
4.07,4.38,5.5,0.3,3.33,6.26,0.82,4.0,1.0,140.17,0.84,0.798,8,5,0.751,0.655,0.633,1.0,0.61,66.1,0.588
4.36,4.29,9.99,0.53,2.83,4.95,0.82,4.0,1.0,166.8,0.76,0.175,6,11,0.708,0.696,0.724,0.0,0.579,59.4,0.443
2.96,2.24,4.48,0.16,2.47,5.8,0.82,4.0,1.0,72.76,0.58,0.099,8,4,0.717,0.073,0.821,1.0,0.604,61.2,0.596
2.78,0.94,12.44,0.61,1.49,2.9,1.0,2.0,0.95,2.68,0.86,0.286,3,7,0.705,0.075,0.708,0.0,0.63,48.3,0.452
8.64,3.77,16.95,0.61,7.12,9.0,0.58,6.0,0.88,160.91,0.98,0.803,15,11,0.956,0.096,0.647,1.0,0.507,51.1,0.58
6.93,6.43,4.37,0.16,6.37,13.59,0.35,8.0,0.55,80.08,0.83,0.824,14,2,0.906,0.085,0.65,0.0,0.496,47.2,0.447
6.51,0.61,10.37,0.47,5.76,7.94,0.35,8.0,0.55,17.07,0.87,0.124,5,9,0.92,0.001,0.571,0.0,0.975,45.3,0.421
5.76,0.61,9.87,0.47,4.76,7.02,0.82,4.0,1.0,35.08,0.92,0.567,18,7,0.822,0.48,0.528,0.0,0.853,54.8,0.436
11.21,1.7,15.77,0.63,9.79,11.44,0.35,8.0,0.55,127.65,0.73,0.591,2,7,0.641,0.475,0.443,1.0,0.724,36.1,0.419
4.86,6.25,12.16,0.53,3.37,5.52,0.35,8.0,0.55,68.13,0.9,0.911,17,5,0.637,0.343,0.663,1.0,0.91,51.1,0.505
9.18,3.36,7.45,0.32,8.03,13.7,0.58,6.0,0.88,145.23,0.96,0.232,10,5,0.737,0.566,0.496,1.0,0.374,44.2,0.424
1.29,1.84,7.02,0.29,0.62,2.02,1.0,2.0,0.95,177.52,0.92,0.214,11,10,0.744,0.913,0.93,0.0,0.806,68.6,0.454
2.67,1.47,5.25,0.26,1.49,4.38,0.35,8.0,0.55,178.73,0.88,0.079,7,8,0.585,0.625,0.653,0.0,0.673,51.2,0.38
0.43,0.94,15.36,0.64,-0.96,0.43,1.0,2.0,0.95,165.39,0.55,0.521,17,4,0.781,0.207,0.446,0.0,0.742,57.0,0.343
5.73,1.24,16.23,0.87,3.81,4.7,0.58,6.0,0.88,68.48,0.71,0.353,10,9,0.65,0.635,0.722,0.0,0.782,48.8,0.419
4.39,0.9,15.69,0.73,3.14,4.06,1.0,2.0,0.95,39.41,0.87,0.775,10,2,0.477,0.405,0.852,1.0,0.935,63.2,0.588
3.75,0.47,1.43,0.07,3.41,8.93,1.0,2.0,0.95,125.34,0.68,0.709,13,10,0.695,0.59,0.696,1.0,0.484,69.7,0.621
10.01,8.58,5.91,0.28,8.81,15.89,0.35,8.0,0.55,48.79,0.9,0.415,7,5,0.861,0.181,0.412,0.0,0.498,40.7,0.344
5.91,3.91,7.83,0.36,4.68,8.32,0.58,6.0,0.88,99.32,0.9,0.94,4,9,0.697,0.32,0.722,1.0,0.418,55.0,0.492
7.05,2.34,4.68,0.25,5.87,11.75,0.82,4.0,1.0,71.48,0.96,0.886,15,10,0.48,0.165,0.78,0.0,0.904,61.7,0.536
2.32,6.2,12.36,0.66,1.24,2.3,0.58,6.0,0.88,178.87,0.87,0.364,15,10,0.774,0.031,0.424,0.0,0.566,62.8,0.547
1.81,2.23,6.87,0.34,0.86,2.62,0.35,8.0,0.55,81.52,0.79,0.238,3,11,0.811,0.109,0.857,1.0,0.412,59.4,0.564
11.46,5.35,14.48,0.59,10.07,12.19,0.35,8.0,0.55,134.32,0.87,0.176,13,8,0.566,0.08,0.645,1.0,0.557,38.1,0.546
0.57,2.68,6.02,0.24,-0.7,0.97,0.82,4.0,1.0,97.78,0.83,0.703,10,4,0.747,0.737,0.48,1.0,0.604,61.6,0.374
4.66,2.41,9.83,0.44,3.54,5.9,0.35,8.0,0.55,178.25,0.73,0.878,17,8,0.725,0.232,0.929,1.0,0.427,54.9,0.517
4.19,1.98,5.14,0.28,3.42,6.65,1.0,2.0,0.95,53.8,0.76,0.227,2,8,0.523,0.3,0.599,0.0,0.653,53.4,0.39
2.66,5.47,2.94,0.13,1.51,5.54,0.58,6.0,0.88,83.23,0.99,0.878,8,10,0.516,0.253,0.863,0.0,0.633,62.0,0.491
1.53,0.94,17.09,0.71,0.47,1.44,1.0,2.0,0.95,162.92,0.8,0.664,18,8,0.705,0.0,0.817,1.0,0.369,66.7,0.628
6.34,2.66,3.12,0.15,5.12,12.68,0.82,4.0,1.0,82.43,0.83,0.997,16,12,0.859,0.773,0.87,0.0,0.408,66.0,0.466
3.02,0.44,7.31,0.33,1.79,4.44,1.0,2.0,0.95,95.9,0.58,0.907,8,9,0.658,0.791,0.469,0.0,0.941,60.4,0.484
2.52,3.61,9.28,0.44,1.31,3.19,0.82,4.0,1.0,73.63,0.71,0.834,16,8,0.466,0.313,0.629,1.0,0.957,70.1,0.679
2.98,0.91,11.75,0.54,2.15,3.35,0.58,6.0,0.88,98.28,0.56,0.122,6,9,0.776,0.897,0.932,0.0,0.686,50.0,0.405
6.23,1.6,15.45,0.73,5.0,5.77,0.82,4.0,1.0,65.17,0.79,0.638,2,1,0.942,0.601,0.908,0.0,0.406,59.1,0.374
0.48,1.83,17.15,0.63,-0.94,0.49,0.58,6.0,0.88,60.22,0.86,0.71,5,8,0.674,0.417,0.89,0.0,0.653,54.7,0.314
6.1,1.03,14.92,0.67,4.46,5.98,0.82,4.0,1.0,57.31,0.62,0.139,9,5,0.872,0.448,0.959,0.0,0.611,54.6,0.45
6.67,3.71,16.45,0.64,5.73,6.74,0.82,4.0,1.0,75.77,0.58,0.253,18,5,0.483,0.651,0.909,1.0,0.909,54.4,0.549
7.91,1.44,11.42,0.51,6.55,9.2,0.58,6.0,0.88,161.75,0.68,0.76,5,11,0.874,0.22,0.84,1.0,0.815,52.9,0.582
3.25,5.96,1.37,0.06,2.24,7.93,0.35,8.0,0.55,93.32,0.63,0.986,4,5,0.81,0.827,0.97,1.0,0.902,57.5,0.567
6.11,6.36,7.74,0.29,5.12,9.55,0.58,6.0,0.88,155.7,0.91,0.664,16,12,0.975,0.085,0.84,1.0,0.96,60.0,0.598
1.61,1.69,13.94,0.62,0.51,1.66,1.0,2.0,0.95,17.7,0.94,0.351,12,12,0.915,0.885,0.48,1.0,0.383,48.2,0.491
4.17,2.35,2.36,0.11,3.79,9.07,0.58,6.0,0.88,113.67,0.74,0.141,12,10,0.691,0.639,0.49,0.0,0.848,54.3,0.406
3.81,1.54,13.75,0.53,2.8,4.33,0.58,6.0,0.88,150.44,0.61,0.066,11,5,0.807,0.061,0.974,0.0,0.418,51.9,0.492
6.6,2.18,15.85,0.74,5.45,6.06,0.35,8.0,0.55,6.8,0.57,0.771,7,3,0.845,0.159,0.625,0.0,0.913,44.9,0.471
6.82,6.2,13.05,0.6,5.84,7.18,0.58,6.0,0.88,91.89,0.82,0.403,12,12,0.94,0.546,0.527,0.0,0.724,49.5,0.439
0.86,2.57,6.32,0.23,-0.05,1.48,0.82,4.0,1.0,64.92,0.75,0.468,6,9,0.948,0.015,0.891,1.0,0.654,65.0,0.655
4.67,2.31,0.22,0.01,3.93,12.97,0.82,4.0,1.0,102.12,0.92,0.65,17,5,0.664,0.793,0.801,0.0,0.875,70.3,0.468
2.1,2.84,13.44,0.55,1.3,2.33,0.35,8.0,0.55,39.24,0.62,0.144,18,11,0.719,0.357,0.662,1.0,0.384,55.6,0.57
0.6,1.54,17.67,0.65,-0.34,0.6,0.82,4.0,1.0,73.27,0.95,0.916,15,5,0.56,0.021,0.631,1.0,0.929,62.3,0.638
4.74,0.23,5.36,0.21,3.58,8.46,0.82,4.0,1.0,140.67,0.56,0.504,4,10,0.706,0.909,0.779,0.0,0.426,46.7,0.364
5.79,1.62,12.26,0.5,4.42,6.81,0.35,8.0,0.55,112.07,0.83,0.931,14,2,0.969,0.777,0.628,1.0,0.523,46.9,0.399
2.83,1.98,7.57,0.39,1.59,3.82,0.82,4.0,1.0,6.44,0.66,0.956,7,1,0.795,0.075,0.624,0.0,0.462,57.2,0.526
0.66,2.1,5.31,0.2,-0.12,1.2,1.0,2.0,0.95,69.2,0.86,0.25,2,9,0.65,0.803,0.486,0.0,0.411,47.7,0.294
3.85,4.89,17.74,0.78,2.79,3.41,0.58,6.0,0.88,10.59,0.73,0.459,8,8,0.931,0.528,0.914,0.0,0.396,43.9,0.311
2.71,1.78,0.46,0.02,2.04,7.32,1.0,2.0,0.95,146.17,0.92,0.734,4,11,0.5,0.061,0.6,1.0,0.521,73.0,0.665
5.29,2.48,13.61,0.6,4.42,5.57,0.58,6.0,0.88,42.1,0.88,0.429,15,12,0.62,0.589,0.822,1.0,0.834,54.5,0.59
4.56,1.69,12.89,0.54,3.24,5.12,1.0,2.0,0.95,134.13,0.97,0.553,18,12,0.902,0.314,0.526,0.0,0.689,57.7,0.504
2.24,0.97,4.75,0.18,1.66,4.23,0.82,4.0,1.0,142.18,0.93,0.052,5,7,0.955,0.469,0.596,1.0,0.569,74.6,0.647
9.33,6.96,1.61,0.07,8.56,22.21,0.35,8.0,0.55,62.79,0.6,0.861,5,11,0.557,0.192,0.869,0.0,0.407,48.9,0.374
11.02,6.05,15.58,0.66,9.34,10.91,0.35,8.0,0.55,141.33,0.89,0.295,1,9,0.921,0.516,0.649,0.0,0.418,38.0,0.333
3.14,5.81,1.08,0.04,2.27,8.05,0.58,6.0,0.88,140.63,0.97,0.171,4,3,0.686,0.702,0.7,0.0,0.706,65.4,0.516
11.49,7.93,17.54,0.65,10.48,11.49,0.35,8.0,0.55,61.42,0.97,0.51,15,2,0.489,0.452,0.404,1.0,0.687,39.2,0.458
11.41,7.33,1.82,0.08,10.88,26.53,0.35,8.0,0.55,157.73,0.93,0.456,11,4,0.787,0.292,0.508,0.0,0.55,46.0,0.387
8.35,7.15,3.98,0.15,7.63,16.7,0.35,8.0,0.55,71.07,0.96,0.082,6,11,0.795,0.657,0.829,0.0,0.413,42.4,0.28
6.87,6.38,12.22,0.47,5.46,8.38,0.58,6.0,0.88,64.5,1.0,0.143,13,12,0.804,0.737,0.482,0.0,0.76,45.3,0.37
6.92,2.79,12.64,0.58,5.27,7.44,0.58,6.0,0.88,110.34,0.87,0.702,8,4,0.876,0.505,0.569,1.0,0.429,53.2,0.525
2.59,1.23,13.75,0.73,1.0,2.4,1.0,2.0,0.95,131.8,0.73,0.679,7,1,0.964,0.576,0.434,0.0,0.753,63.9,0.522
7.81,1.39,4.49,0.2,7.31,14.2,0.58,6.0,0.88,179.33,0.79,0.471,8,5,0.708,0.295,0.807,0.0,0.793,53.7,0.413
8.66,2.16,11.11,0.53,7.62,9.84,0.35,8.0,0.55,109.28,0.64,0.421,8,12,0.61,0.483,0.75,0.0,0.718,38.9,0.355
4.36,2.61,10.02,0.47,3.19,5.32,0.82,4.0,1.0,29.48,0.61,0.503,7,4,0.504,0.925,0.596,0.0,0.432,42.7,0.355
4.74,3.57,4.79,0.23,4.17,8.17,0.35,8.0,0.55,80.73,0.94,0.29,15,7,0.631,0.182,0.846,1.0,0.603,52.4,0.548
8.95,0.8,10.67,0.57,7.81,9.73,0.58,6.0,0.88,84.12,0.66,0.703,5,11,0.743,0.328,0.773,0.0,0.798,51.0,0.381
2.18,1.95,4.68,0.22,1.26,3.82,1.0,2.0,0.95,9.75,0.74,0.347,15,9,0.608,0.226,0.787,0.0,0.463,59.9,0.463
1.76,2.69,9.73,0.4,0.37,2.35,0.82,4.0,1.0,24.7,0.67,0.17,18,9,0.513,0.873,0.785,1.0,0.858,49.1,0.481
3.2,0.75,4.72,0.25,2.05,5.33,0.58,6.0,0.88,118.73,0.56,0.145,15,4,0.751,0.66,0.914,0.0,0.872,59.5,0.47
5.11,1.9,17.7,0.71,3.58,4.82,0.58,6.0,0.88,25.97,0.76,0.179,15,8,0.82,0.915,0.623,1.0,0.473,40.6,0.35
3.86,0.66,8.77,0.32,3.08,5.76,1.0,2.0,0.95,164.36,0.55,0.233,18,10,0.839,0.167,0.768,1.0,0.515,57.4,0.577
3.98,6.6,0.59,0.02,3.5,10.76,0.35,8.0,0.55,76.9,0.69,0.83,11,9,0.69,0.129,0.408,0.0,0.5,60.4,0.457
7.43,0.24,0.24,0.01,6.68,20.64,0.82,4.0,1.0,6.58,0.94,0.87,18,9,0.457,0.699,0.4,1.0,0.934,53.8,0.485
10.0,6.49,11.33,0.44,8.75,12.66,0.35,8.0,0.55,113.63,0.57,0.768,7,1,0.691,0.061,0.898,0.0,0.917,47.2,0.488
1.82,3.13,8.41,0.31,0.93,2.76,0.82,4.0,1.0,22.09,0.67,0.381,3,10,0.976,0.06,0.402,0.0,0.636,59.4,0.512
8.12,6.16,11.92,0.54,7.05,9.12,0.58,6.0,0.88,138.87,0.66,0.605,13,4,0.747,0.771,0.769,1.0,0.756,48.9,0.462
0.62,0.35,13.93,0.69,-0.52,0.6,1.0,2.0,0.95,66.66,0.79,0.381,5,9,0.794,0.263,0.78,0.0,0.909,54.6,0.401
3.29,6.01,8.79,0.44,2.01,4.16,0.58,6.0,0.88,28.63,0.73,0.308,2,11,0.905,0.935,0.573,1.0,0.645,43.0,0.451
1.31,1.33,16.5,0.68,-0.24,1.27,1.0,2.0,0.95,19.07,0.7,0.3,18,2,0.879,0.562,0.757,0.0,0.648,43.6,0.307
5.25,3.22,10.56,0.57,4.39,5.71,0.58,6.0,0.88,156.64,0.74,0.575,17,7,0.634,0.54,0.413,1.0,0.764,58.0,0.588
2.18,1.77,1.45,0.05,1.64,5.45,1.0,2.0,0.95,39.44,0.89,0.681,11,8,0.62,0.147,0.926,0.0,0.558,78.9,0.614
8.34,2.81,0.44,0.02,7.84,22.54,0.58,6.0,0.88,147.6,0.88,0.051,11,12,0.796,0.111,0.853,1.0,0.89,56.6,0.557
7.53,4.49,0.08,0.0,6.99,21.51,0.58,6.0,0.88,103.84,0.57,0.901,15,3,0.613,0.269,0.646,1.0,0.86,61.6,0.597
6.34,2.37,8.72,0.39,5.49,8.57,0.82,4.0,1.0,161.83,0.57,0.702,7,6,0.683,0.669,0.75,0.0,0.891,59.6,0.397
3.14,5.66,5.53,0.22,2.6,5.51,0.35,8.0,0.55,4.56,0.67,0.786,2,11,0.532,0.195,0.583,1.0,0.902,51.5,0.53
11.42,6.83,13.52,0.5,9.95,13.44,0.35,8.0,0.55,69.31,0.98,0.392,12,6,0.524,0.509,0.723,1.0,0.902,39.2,0.505
8.85,2.39,17.42,0.77,7.69,7.9,0.35,8.0,0.55,73.35,0.94,0.535,4,4,0.474,0.054,0.599,1.0,0.605,37.6,0.534
2.39,2.75,6.28,0.26,1.34,3.92,0.82,4.0,1.0,175.69,0.68,0.482,10,2,0.815,0.311,0.42,1.0,0.484,70.6,0.55
6.29,5.64,9.41,0.39,5.1,8.5,0.58,6.0,0.88,37.21,0.84,0.863,12,11,0.777,0.326,0.562,0.0,0.712,54.7,0.47
6.67,2.87,5.2,0.22,5.68,11.7,0.82,4.0,1.0,152.79,0.95,0.733,3,9,0.453,0.108,0.802,1.0,0.789,60.9,0.659
3.06,3.66,9.82,0.35,1.72,4.37,0.82,4.0,1.0,94.52,0.82,0.467,9,4,0.813,0.573,0.557,1.0,0.979,62.8,0.6
4.7,8.35,9.6,0.48,3.54,5.66,0.35,8.0,0.55,16.51,0.83,0.136,17,11,0.705,0.459,0.578,1.0,0.68,40.2,0.445
4.42,0.94,5.73,0.23,3.17,7.62,1.0,2.0,0.95,81.57,0.8,0.084,1,6,0.553,0.065,0.976,0.0,0.583,57.1,0.476
1.07,1.4,14.4,0.56,0.0,1.18,1.0,2.0,0.95,61.81,0.72,0.774,15,7,0.754,0.374,0.905,0.0,0.753,69.4,0.466
2.9,0.57,15.6,0.82,1.39,2.48,1.0,2.0,0.95,124.78,0.71,0.923,4,3,0.84,0.765,0.974,1.0,0.717,62.7,0.504
6.69,0.42,13.48,0.65,5.52,6.69,0.58,6.0,0.88,90.99,0.96,0.778,6,12,0.697,0.771,0.593,1.0,0.726,50.5,0.478
3.9,0.29,3.7,0.16,2.95,7.65,0.82,4.0,1.0,172.31,0.61,0.756,2,7,0.452,0.631,0.681,0.0,0.873,61.2,0.427
0.37,5.73,17.4,0.68,-1.38,0.36,0.35,8.0,0.55,39.03,0.88,0.428,3,12,0.664,0.179,0.867,1.0,0.374,40.7,0.212
6.95,5.79,4.84,0.2,5.88,12.64,0.58,6.0,0.88,170.59,0.93,0.141,5,11,0.555,0.381,0.694,0.0,0.516,50.7,0.43
1.9,0.39,15.91,0.82,0.22,1.62,0.58,6.0,0.88,45.76,0.68,0.497,6,5,0.469,0.32,0.82,1.0,0.856,61.3,0.538
10.33,8.46,17.88,0.74,9.34,9.48,0.35,8.0,0.55,67.07,0.79,0.624,16,6,0.898,0.165,0.555,1.0,0.373,39.5,0.479
1.92,1.64,6.44,0.32,1.03,2.87,0.82,4.0,1.0,100.76,0.79,0.196,9,4,0.775,0.778,0.572,1.0,0.715,67.4,0.608
4.82,6.33,14.86,0.56,3.24,5.3,0.58,6.0,0.88,2.59,0.83,0.748,5,7,0.784,0.001,0.791,0.0,0.542,44.1,0.471
0.88,1.79,0.28,0.01,-0.09,2.44,1.0,2.0,0.95,63.77,0.7,0.615,2,11,0.661,0.535,0.63,1.0,0.895,67.9,0.615
1.79,1.31,0.76,0.04,1.45,4.59,0.82,4.0,1.0,44.56,0.58,0.15,2,7,0.902,0.469,0.891,0.0,0.591,70.5,0.509
4.7,2.16,2.65,0.14,3.6,9.59,1.0,2.0,0.95,99.47,0.6,0.825,7,3,0.743,0.679,0.931,0.0,0.52,65.3,0.403
8.86,2.0,2.62,0.1,8.38,19.69,0.58,6.0,0.88,53.13,0.56,0.27,5,12,0.48,0.027,0.511,1.0,0.682,48.9,0.557
2.24,1.08,1.1,0.05,1.52,5.6,0.82,4.0,1.0,19.07,0.97,0.369,6,10,0.621,0.381,0.769,1.0,0.978,67.4,0.597
4.08,3.25,6.77,0.36,2.82,5.75,0.58,6.0,0.88,136.14,0.95,0.616,15,8,0.757,0.363,0.618,1.0,0.352,55.1,0.537
3.43,0.89,16.13,0.79,2.34,3.01,1.0,2.0,0.95,88.36,0.63,0.166,11,7,0.699,0.724,0.644,1.0,0.82,61.3,0.513
4.55,1.32,14.61,0.59,3.22,4.84,0.82,4.0,1.0,127.97,0.94,0.236,6,12,0.609,0.946,0.491,1.0,0.622,48.2,0.412
7.11,3.77,3.54,0.14,6.65,14.51,0.82,4.0,1.0,91.02,0.97,0.218,6,4,0.629,0.994,0.623,1.0,0.779,52.1,0.521
8.76,5.41,0.76,0.03,8.4,23.05,0.58,6.0,0.88,51.47,0.58,0.346,6,3,0.763,0.155,0.87,1.0,0.629,50.0,0.56
4.46,1.04,15.74,0.64,3.54,4.51,0.82,4.0,1.0,75.87,0.62,0.967,7,4,0.791,0.459,0.466,0.0,0.891,59.8,0.512
1.83,2.32,9.15,0.33,0.94,2.69,0.82,4.0,1.0,113.1,0.88,0.816,1,6,0.578,0.032,0.771,1.0,0.564,73.3,0.66
2.97,2.18,6.22,0.23,2.38,5.12,1.0,2.0,0.95,34.38,0.86,0.232,1,8,0.452,0.421,0.915,1.0,0.73,56.6,0.59
7.95,2.54,12.94,0.51,7.05,9.24,0.35,8.0,0.55,112.32,0.67,0.287,12,11,0.652,0.363,0.722,1.0,0.71,43.8,0.454
4.19,0.77,2.34,0.09,3.17,9.52,1.0,2.0,0.95,115.05,0.87,0.898,4,2,0.845,0.062,0.835,1.0,0.574,69.3,0.65
1.09,1.47,8.02,0.3,0.11,1.68,1.0,2.0,0.95,141.9,0.97,0.836,2,12,0.616,0.402,0.681,0.0,0.476,73.2,0.468
8.06,2.18,3.57,0.14,7.65,16.45,0.58,6.0,0.88,58.99,0.93,0.746,5,7,0.786,0.295,0.528,0.0,0.788,55.9,0.506
3.77,1.55,16.01,0.64,2.72,3.81,0.82,4.0,1.0,23.32,0.82,0.368,14,9,0.581,0.91,0.759,1.0,0.502,47.0,0.39
1.52,1.63,13.28,0.52,0.52,1.75,0.82,4.0,1.0,81.07,0.75,0.49,14,8,0.795,0.668,0.568,0.0,0.669,66.8,0.512
2.75,1.47,0.54,0.02,1.86,7.43,1.0,2.0,0.95,132.25,0.88,0.154,10,5,0.728,0.009,0.627,1.0,0.944,69.6,0.696
3.78,5.18,0.36,0.02,3.01,10.22,0.35,8.0,0.55,149.14,0.85,0.79,2,8,0.54,0.192,0.441,1.0,0.928,57.3,0.537
0.47,4.22,5.2,0.19,-0.04,0.87,0.82,4.0,1.0,15.06,0.76,0.688,9,11,0.963,0.075,0.864,1.0,0.845,60.6,0.59
6.48,0.39,7.47,0.29,5.56,10.13,0.35,8.0,0.55,146.15,0.84,0.304,9,9,0.571,0.937,0.593,0.0,0.707,32.2,0.314
5.64,6.05,1.17,0.05,4.88,14.1,0.35,8.0,0.55,22.44,0.98,0.166,3,12,0.68,0.865,0.673,0.0,0.511,39.3,0.325
1.37,2.62,11.65,0.52,0.32,1.57,0.58,6.0,0.88,114.46,0.98,0.88,6,6,0.634,0.121,0.805,1.0,0.476,70.0,0.583
2.61,0.74,0.57,0.02,2.08,7.05,1.0,2.0,0.95,146.84,0.89,0.336,1,9,0.724,0.719,0.42,1.0,0.775,65.7,0.598
6.16,1.82,1.78,0.1,5.02,13.69,0.82,4.0,1.0,132.9,0.83,0.276,3,10,0.971,0.944,0.809,1.0,0.837,51.1,0.494
1.2,1.6,11.24,0.41,0.45,1.58,1.0,2.0,0.95,142.86,0.61,0.716,6,9,0.726,0.858,0.577,0.0,0.561,61.5,0.464
6.07,1.2,3.45,0.14,4.98,12.39,0.82,4.0,1.0,28.46,0.74,0.663,16,4,0.732,0.71,0.763,1.0,0.879,60.8,0.559
0.54,0.2,13.79,0.58,-0.91,0.58,1.0,2.0,0.95,126.39,0.76,0.828,7,1,0.84,0.493,0.689,0.0,0.768,65.0,0.34
2.89,1.15,16.03,0.78,1.81,2.56,1.0,2.0,0.95,110.52,0.65,0.391,8,4,0.843,0.097,0.606,0.0,0.385,56.3,0.424
4.65,7.3,6.97,0.35,3.98,6.64,0.35,8.0,0.55,149.08,0.96,0.61,11,12,0.512,0.14,0.774,1.0,0.387,52.7,0.584
10.95,3.75,1.99,0.11,9.77,23.8,0.35,8.0,0.55,100.73,0.55,0.277,1,12,0.751,0.658,0.79,1.0,0.596,42.9,0.486
4.34,0.95,15.98,0.8,2.6,3.77,1.0,2.0,0.95,108.0,0.99,0.092,13,12,0.664,0.997,0.648,1.0,0.573,47.4,0.383
2.1,2.03,12.22,0.66,1.0,2.08,1.0,2.0,0.95,76.06,0.83,0.393,17,1,0.636,0.976,0.615,1.0,0.935,62.7,0.489
7.44,5.58,4.7,0.21,6.65,13.29,0.58,6.0,0.88,68.18,0.86,0.616,2,8,0.661,0.581,0.842,0.0,0.817,53.9,0.443
3.3,2.32,10.98,0.54,1.8,3.71,0.82,4.0,1.0,18.67,0.75,0.585,3,2,0.856,0.435,0.593,0.0,0.96,60.1,0.519
2.07,3.28,11.55,0.58,0.5,2.23,0.58,6.0,0.88,61.17,0.75,0.662,5,3,0.779,0.052,0.712,1.0,0.373,57.2,0.572
3.39,1.32,7.73,0.29,2.1,5.3,0.82,4.0,1.0,86.01,0.72,0.243,11,2,0.921,0.248,0.784,1.0,0.529,65.1,0.547
3.02,0.42,8.25,0.45,1.62,3.77,1.0,2.0,0.95,6.59,0.77,0.135,1,2,0.452,0.634,0.865,0.0,0.667,50.6,0.369
4.54,0.92,10.75,0.45,3.35,5.67,1.0,2.0,0.95,63.85,0.87,0.558,12,2,0.92,0.399,0.726,1.0,0.904,60.8,0.558
1.8,1.74,5.2,0.21,0.58,3.21,1.0,2.0,0.95,72.96,0.58,0.961,5,3,0.815,0.985,0.8,1.0,0.433,58.6,0.461
1.22,0.87,13.42,0.68,-0.26,1.18,1.0,2.0,0.95,153.55,0.74,0.735,5,2,0.825,0.588,0.622,1.0,0.919,63.7,0.555
6.43,2.96,8.1,0.39,5.63,8.69,0.82,4.0,1.0,109.96,0.58,0.091,8,9,0.606,0.441,0.449,1.0,0.541,49.3,0.527
5.14,3.39,16.27,0.75,3.59,4.67,0.82,4.0,1.0,8.59,0.99,0.109,11,8,0.63,0.778,0.671,1.0,0.629,46.0,0.412
5.03,0.83,10.3,0.57,3.97,5.47,0.82,4.0,1.0,107.67,0.84,0.56,11,3,0.899,0.295,0.82,0.0,0.55,62.7,0.524
1.15,3.59,8.85,0.35,-0.15,1.64,0.82,4.0,1.0,167.79,0.73,0.134,13,7,0.913,0.506,0.761,0.0,0.795,54.7,0.399
4.37,1.19,10.38,0.44,3.4,5.53,0.35,8.0,0.55,127.04,0.96,0.647,10,12,0.606,0.337,0.8,1.0,0.472,54.3,0.492
3.8,6.26,7.02,0.27,2.84,6.13,0.58,6.0,0.88,179.81,0.68,0.555,2,3,0.771,0.404,0.592,0.0,0.465,56.1,0.476
2.12,2.06,0.4,0.02,1.09,5.73,1.0,2.0,0.95,144.03,0.6,0.09,10,12,0.729,0.496,0.646,0.0,0.398,68.1,0.494
6.87,1.09,17.93,0.69,5.87,6.61,0.82,4.0,1.0,109.9,0.62,0.992,9,6,0.595,0.087,0.521,1.0,0.703,53.9,0.588
1.67,2.34,8.24,0.3,0.93,2.57,0.58,6.0,0.88,152.26,0.57,0.24,12,11,0.482,0.711,0.432,1.0,0.632,67.7,0.544
4.35,0.46,13.5,0.59,2.74,4.63,1.0,2.0,0.95,115.39,0.95,0.415,2,11,0.567,0.859,0.521,1.0,0.393,43.0,0.389
1.12,2.38,14.91,0.57,-0.32,1.22,0.58,6.0,0.88,28.67,0.69,0.445,3,11,0.596,0.881,0.861,0.0,0.955,35.5,0.246
5.34,0.54,9.49,0.38,4.13,7.32,0.58,6.0,0.88,134.54,0.76,0.107,13,2,0.588,0.912,0.417,1.0,0.772,46.1,0.469
0.58,4.8,1.11,0.04,0.16,1.49,0.58,6.0,0.88,75.39,0.78,0.242,11,10,0.797,0.427,0.473,0.0,0.744,76.2,0.537
4.61,2.33,2.41,0.11,3.4,10.02,0.35,8.0,0.55,137.62,0.68,0.159,7,8,0.594,0.878,0.852,0.0,0.613,40.6,0.362
11.1,1.63,4.01,0.16,10.28,21.76,0.35,8.0,0.55,71.15,0.75,0.774,11,11,0.887,0.014,0.852,0.0,0.731,46.9,0.431
3.21,1.35,16.9,0.85,2.07,2.68,0.82,4.0,1.0,104.95,0.75,0.365,9,8,0.909,0.358,0.908,0.0,0.735,66.0,0.525
0.7,1.26,11.79,0.54,-0.68,0.79,1.0,2.0,0.95,109.99,0.93,0.109,8,9,0.736,0.905,0.485,1.0,0.39,50.5,0.371
2.29,4.28,14.01,0.69,1.24,2.2,0.82,4.0,1.0,105.77,0.86,0.493,8,9,0.618,0.27,0.891,1.0,0.388,69.4,0.656
7.85,3.56,0.13,0.01,7.15,21.81,0.58,6.0,0.88,70.57,0.88,0.646,18,11,0.78,0.539,0.662,0.0,0.91,61.0,0.526
3.84,1.39,14.49,0.76,2.53,3.46,0.82,4.0,1.0,99.88,0.64,0.793,18,2,0.631,0.407,0.887,1.0,0.449,64.5,0.531
9.77,2.1,9.5,0.41,9.06,12.86,0.35,8.0,0.55,5.57,0.84,0.255,3,10,0.816,0.117,0.647,0.0,0.617,32.9,0.387
7.23,4.82,13.01,0.53,6.08,8.22,0.35,8.0,0.55,158.62,0.73,0.939,3,9,0.523,0.312,0.73,0.0,0.429,42.2,0.391
5.26,8.69,8.21,0.37,4.26,7.31,0.35,8.0,0.55,115.54,0.78,0.592,15,10,0.525,0.456,0.615,0.0,0.471,44.0,0.328
5.4,0.11,11.16,0.53,4.56,6.14,1.0,2.0,0.95,140.36,0.66,0.374,5,5,0.704,0.872,0.839,0.0,0.568,44.9,0.399
7.13,2.47,14.88,0.7,5.8,6.79,0.82,4.0,1.0,141.23,0.99,0.478,1,7,0.692,0.653,0.966,0.0,0.871,50.9,0.365
10.4,2.66,4.39,0.22,9.59,18.25,0.35,8.0,0.55,54.69,0.71,0.988,8,6,0.58,0.694,0.828,0.0,0.864,42.3,0.322
9.02,4.62,8.12,0.32,7.94,13.46,0.58,6.0,0.88,54.02,0.81,0.625,15,8,0.472,0.095,0.867,0.0,0.577,47.4,0.457
5.4,1.27,1.21,0.06,4.31,13.17,0.58,6.0,0.88,60.7,0.72,0.814,7,7,0.914,0.616,0.699,0.0,0.625,57.7,0.418
9.34,2.09,5.57,0.23,8.12,16.1,0.58,6.0,0.88,7.4,0.73,0.957,5,7,0.906,0.761,0.727,0.0,0.588,46.7,0.304
6.55,2.58,2.64,0.11,6.07,14.24,0.82,4.0,1.0,15.59,0.83,0.216,15,5,0.957,0.642,0.859,1.0,0.382,52.7,0.482
0.78,2.57,3.73,0.16,-0.37,1.53,0.82,4.0,1.0,18.8,0.97,0.255,5,12,0.764,0.505,0.741,0.0,0.416,54.6,0.383
6.04,6.21,8.82,0.4,5.02,8.05,0.58,6.0,0.88,177.8,0.58,0.647,13,9,0.468,0.237,0.58,0.0,0.354,53.6,0.448
8.31,3.46,1.43,0.06,7.83,20.27,0.58,6.0,0.88,147.98,0.96,0.251,8,7,0.451,0.358,0.552,0.0,0.414,53.6,0.373
2.78,2.23,11.36,0.46,1.54,3.43,0.58,6.0,0.88,104.87,0.89,0.5,4,10,0.651,0.991,0.913,0.0,0.729,45.3,0.329
2.87,0.95,17.18,0.73,1.87,2.66,1.0,2.0,0.95,151.68,0.72,0.595,18,11,0.558,0.398,0.923,0.0,0.911,67.9,0.509
0.9,0.23,16.09,0.61,-0.14,0.94,1.0,2.0,0.95,134.06,0.56,0.416,7,10,0.609,0.632,0.97,1.0,0.914,58.6,0.486
4.73,0.94,17.03,0.78,3.42,4.19,1.0,2.0,0.95,145.13,0.99,0.801,12,4,0.545,0.771,0.96,0.0,0.934,62.5,0.519
4.8,0.7,10.73,0.58,3.62,5.16,1.0,2.0,0.95,100.14,0.87,0.357,4,11,0.664,0.732,0.495,1.0,0.37,51.5,0.5
8.79,5.93,14.07,0.74,7.03,8.06,0.35,8.0,0.55,102.7,0.72,0.588,1,4,0.722,0.776,0.443,1.0,0.863,39.7,0.443
3.57,1.51,6.48,0.35,2.54,5.1,1.0,2.0,0.95,150.18,0.85,0.858,13,9,0.914,0.043,0.803,0.0,0.732,65.1,0.469
2.68,4.02,9.72,0.4,1.62,3.57,0.82,4.0,1.0,142.76,0.82,0.828,18,1,0.552,0.024,0.662,0.0,0.823,68.2,0.535
6.67,6.07,9.35,0.47,5.9,8.13,0.35,8.0,0.55,46.86,0.76,0.574,7,5,0.967,0.723,0.602,0.0,0.932,41.0,0.314
3.2,0.57,15.2,0.7,1.83,3.05,1.0,2.0,0.95,7.96,0.57,0.312,12,5,0.836,0.109,0.893,0.0,0.78,53.2,0.472
0.39,1.61,5.12,0.24,-0.37,0.66,1.0,2.0,0.95,159.37,0.86,0.416,11,6,0.679,0.272,0.459,0.0,0.768,68.1,0.485
1.03,8.02,1.05,0.05,0.62,2.58,0.35,8.0,0.55,61.33,0.81,0.152,14,2,0.509,0.885,0.579,0.0,0.449,56.3,0.325
8.71,8.17,2.44,0.1,7.67,19.36,0.35,8.0,0.55,25.45,0.72,0.798,10,9,0.497,0.703,0.77,0.0,0.399,40.4,0.288
0.98,1.03,14.86,0.7,-0.28,0.93,1.0,2.0,0.95,177.68,0.84,0.91,6,4,0.741,0.647,0.971,0.0,0.595,58.4,0.356
2.93,5.89,3.15,0.14,1.9,5.98,0.58,6.0,0.88,48.96,0.82,0.103,7,9,0.807,0.86,0.731,0.0,0.566,50.1,0.306
1.83,4.25,7.85,0.39,1.06,2.47,0.58,6.0,0.88,171.57,0.77,0.131,17,8,0.548,0.287,0.936,0.0,0.875,66.3,0.469
7.13,5.98,10.31,0.4,5.84,9.51,0.58,6.0,0.88,16.97,0.7,0.137,10,10,0.639,0.975,0.613,1.0,0.511,34.8,0.337
2.84,0.33,5.5,0.27,1.87,4.58,1.0,2.0,0.95,166.86,0.85,0.588,2,11,0.536,0.891,0.758,1.0,0.973,58.2,0.564
5.49,0.68,5.62,0.26,4.56,9.0,0.82,4.0,1.0,136.12,0.99,0.282,10,6,0.958,0.863,0.48,1.0,0.493,49.8,0.503
8.13,1.49,0.27,0.01,7.81,22.58,0.58,6.0,0.88,77.52,0.92,0.226,10,4,0.696,0.478,0.793,0.0,0.958,55.0,0.476
5.63,3.93,17.38,0.95,3.87,4.33,0.82,4.0,1.0,78.08,0.88,0.585,13,10,0.946,0.473,0.739,1.0,0.788,57.4,0.575
7.57,2.73,1.15,0.05,6.54,18.93,0.35,8.0,0.55,125.0,0.9,0.637,13,8,0.539,0.447,0.634,0.0,0.706,50.1,0.471
1.61,0.98,15.54,0.68,0.64,1.56,0.35,8.0,0.55,170.89,0.71,0.225,2,2,0.485,0.884,0.857,1.0,0.863,52.3,0.524
1.27,3.09,16.77,0.66,0.16,1.26,0.82,4.0,1.0,129.76,0.61,0.776,3,5,0.573,0.112,0.919,0.0,0.622,67.2,0.564
3.78,2.74,15.8,0.66,2.84,3.74,0.35,8.0,0.55,22.38,0.82,0.551,11,2,0.87,0.118,0.687,1.0,0.431,51.1,0.582
1.66,5.71,16.84,0.73,0.67,1.54,0.35,8.0,0.55,73.62,0.61,0.433,6,12,0.895,0.339,0.695,1.0,0.798,59.0,0.618
1.12,2.51,11.65,0.51,-0.37,1.3,0.35,8.0,0.55,94.41,0.56,0.664,15,11,0.485,0.889,0.875,1.0,0.683,39.3,0.337
1.15,1.1,4.69,0.2,0.48,2.09,1.0,2.0,0.95,51.16,0.97,0.469,7,7,0.657,0.957,0.566,1.0,0.845,66.3,0.504
2.45,1.18,13.32,0.53,1.12,2.78,1.0,2.0,0.95,54.66,0.75,0.324,14,8,0.965,0.741,0.617,0.0,0.642,61.3,0.492
3.65,1.83,16.27,0.85,2.2,3.04,1.0,2.0,0.95,60.22,0.68,0.828,11,5,0.783,0.874,0.604,1.0,0.726,54.2,0.438
7.05,6.34,8.57,0.38,6.37,9.66,0.35,8.0,0.55,56.96,0.84,0.371,7,1,0.975,0.071,0.514,1.0,0.416,47.1,0.574
1.13,0.85,11.27,0.52,-0.02,1.3,0.82,4.0,1.0,24.64,0.57,0.398,6,6,0.901,0.105,0.672,1.0,0.622,47.8,0.549
8.7,5.02,13.48,0.67,7.52,8.53,0.58,6.0,0.88,91.94,0.61,0.196,6,3,0.477,0.073,0.643,1.0,0.376,39.9,0.463
5.26,1.93,1.92,0.09,4.53,11.95,1.0,2.0,0.95,10.38,0.74,0.953,15,3,0.648,0.055,0.538,0.0,0.964,60.7,0.506
5.99,0.31,13.18,0.59,4.85,6.37,0.82,4.0,1.0,72.66,0.81,0.915,4,11,0.832,0.981,0.931,1.0,0.522,48.0,0.406
5.66,1.78,1.86,0.07,4.66,13.48,0.58,6.0,0.88,143.47,0.85,0.082,13,8,0.664,0.034,0.434,1.0,0.441,59.1,0.529
1.45,6.36,8.39,0.44,0.44,1.84,0.58,6.0,0.88,107.06,0.63,0.598,1,6,0.727,0.354,0.447,1.0,0.778,60.8,0.628
0.58,3.65,16.24,0.81,-1.15,0.5,0.82,4.0,1.0,10.05,0.75,0.21,5,9,0.697,0.618,0.951,1.0,0.925,49.2,0.358
10.75,1.49,13.1,0.71,9.38,10.14,0.35,8.0,0.55,71.75,0.95,0.659,17,8,0.956,0.906,0.843,0.0,0.424,29.0,0.219
1.92,6.17,2.71,0.13,1.35,4.0,0.58,6.0,0.88,166.44,0.62,0.25,16,6,0.473,0.287,0.704,0.0,0.6,66.1,0.459
5.38,4.04,9.88,0.45,4.44,6.72,0.58,6.0,0.88,21.52,0.97,0.211,4,7,0.834,0.366,0.766,0.0,0.644,43.6,0.41
0.97,1.11,15.91,0.64,0.01,0.98,0.35,8.0,0.55,70.62,0.92,0.77,10,8,0.805,0.073,0.486,1.0,0.767,63.2,0.677
3.04,3.89,0.8,0.03,2.59,8.0,0.58,6.0,0.88,84.76,0.56,0.637,14,8,0.94,0.033,0.406,1.0,0.611,69.8,0.6
9.47,8.63,4.94,0.2,8.36,17.22,0.35,8.0,0.55,176.82,0.91,0.059,18,6,0.912,0.085,0.744,1.0,0.552,44.9,0.486
5.16,2.16,1.28,0.07,4.15,12.29,0.82,4.0,1.0,92.55,0.6,0.38,6,11,0.691,0.797,0.737,1.0,0.726,65.9,0.586
6.64,2.69,16.63,0.81,5.36,5.72,0.82,4.0,1.0,100.25,0.7,0.868,13,2,0.71,0.374,0.681,0.0,0.772,61.1,0.531
3.47,0.11,10.54,0.52,1.85,3.99,0.82,4.0,1.0,52.31,0.78,0.746,7,8,0.721,0.392,0.769,1.0,0.875,63.7,0.64
6.18,3.4,9.32,0.4,5.51,8.24,0.35,8.0,0.55,106.81,0.74,0.277,1,1,0.549,0.143,0.979,0.0,0.738,48.0,0.46
1.8,1.93,11.14,0.47,0.88,2.2,1.0,2.0,0.95,41.54,0.91,0.302,4,4,0.876,0.289,0.878,1.0,0.872,68.0,0.588
5.25,4.35,12.66,0.52,3.74,6.03,0.82,4.0,1.0,60.34,0.62,0.832,5,10,0.581,0.729,0.543,1.0,0.811,58.9,0.538
5.73,0.18,8.48,0.33,4.71,8.43,0.82,4.0,1.0,141.19,0.83,0.378,17,2,0.784,0.667,0.934,0.0,0.721,59.8,0.47
1.7,1.39,4.16,0.16,0.92,3.33,1.0,2.0,0.95,179.16,0.9,0.363,5,3,0.706,0.602,0.479,1.0,0.497,71.0,0.604
2.35,7.89,1.83,0.09,1.71,5.34,0.35,8.0,0.55,27.99,0.57,0.142,7,3,0.75,0.908,0.547,0.0,0.404,51.4,0.333
2.52,1.23,3.12,0.11,1.45,5.48,1.0,2.0,0.95,141.42,0.95,0.264,14,7,0.881,0.005,0.827,1.0,0.872,71.5,0.629
4.76,2.72,17.27,0.93,3.0,3.72,0.35,8.0,0.55,93.14,0.65,0.902,1,8,0.532,0.737,0.469,0.0,0.689,47.8,0.356
8.22,5.13,16.87,0.76,6.62,7.41,0.58,6.0,0.88,154.67,0.7,0.91,3,7,0.693,0.737,0.644,1.0,0.574,49.3,0.504
5.2,1.33,17.97,0.81,3.76,4.48,1.0,2.0,0.95,12.94,0.63,0.237,9,5,0.753,0.573,0.863,0.0,0.884,44.1,0.412
2.15,4.5,17.53,0.84,0.97,1.81,0.58,6.0,0.88,76.42,0.74,0.164,15,8,0.855,0.708,0.559,0.0,0.441,61.2,0.441
7.26,0.52,12.9,0.54,6.06,8.16,0.82,4.0,1.0,175.25,0.59,0.746,1,4,0.586,0.204,0.663,0.0,0.37,49.3,0.462
5.56,1.47,9.11,0.45,4.72,6.95,0.82,4.0,1.0,20.0,0.68,0.247,11,2,0.962,0.318,0.647,0.0,0.97,54.2,0.529
3.94,2.12,10.9,0.39,2.48,5.32,1.0,2.0,0.95,161.1,0.72,0.933,7,6,0.588,0.628,0.807,1.0,0.895,61.6,0.618
2.66,0.52,14.41,0.61,0.98,2.77,0.82,4.0,1.0,124.7,0.62,0.428,18,3,0.752,0.645,0.923,1.0,0.565,64.3,0.495
3.52,0.83,10.02,0.42,2.27,4.57,0.58,6.0,0.88,19.8,0.8,0.662,3,7,0.844,0.369,0.57,0.0,0.417,48.5,0.365
4.13,1.8,16.57,0.6,3.19,4.35,0.35,8.0,0.55,41.7,0.76,0.326,13,2,0.678,0.429,0.406,1.0,0.502,45.7,0.425
3.09,0.39,8.97,0.44,2.4,3.91,0.82,4.0,1.0,109.77,0.96,0.406,8,2,0.542,0.453,0.707,1.0,0.889,67.4,0.596
1.92,5.25,8.03,0.41,1.22,2.53,0.35,8.0,0.55,17.85,0.74,0.632,3,10,0.851,0.106,0.619,1.0,0.698,64.3,0.609
8.05,4.35,4.65,0.17,6.88,15.48,0.35,8.0,0.55,110.14,0.61,0.395,8,2,0.69,0.335,0.864,1.0,0.596,44.1,0.446
4.22,3.24,16.75,0.91,2.55,3.35,0.82,4.0,1.0,84.96,0.93,0.503,10,6,0.683,0.819,0.767,1.0,0.406,46.6,0.492
3.53,0.89,7.36,0.29,2.8,5.52,1.0,2.0,0.95,60.76,0.69,0.532,17,3,0.551,0.941,0.486,1.0,0.656,49.7,0.501
2.2,2.4,12.59,0.51,0.92,2.56,0.58,6.0,0.88,21.24,0.82,0.888,15,7,0.581,0.362,0.94,0.0,0.439,63.0,0.486
2.42,4.58,3.53,0.16,1.58,4.75,0.58,6.0,0.88,19.26,0.76,0.16,14,6,0.906,0.965,0.599,1.0,0.569,52.2,0.436
7.73,2.83,10.23,0.42,6.63,10.04,0.58,6.0,0.88,119.0,0.82,0.561,8,1,0.772,0.731,0.808,1.0,0.555,54.4,0.451
5.36,3.39,5.39,0.27,4.57,8.65,0.82,4.0,1.0,102.74,0.6,0.201,3,6,0.584,0.722,0.968,0.0,0.715,54.5,0.397
8.67,3.65,17.14,0.75,7.64,7.88,0.58,6.0,0.88,6.02,0.9,0.201,16,11,0.816,0.992,0.858,0.0,0.582,33.6,0.27
0.71,2.02,17.36,0.65,-0.67,0.71,0.82,4.0,1.0,110.16,0.69,0.684,1,10,0.465,0.704,0.605,0.0,0.742,51.9,0.294
2.36,3.55,1.85,0.07,1.81,5.62,0.82,4.0,1.0,128.76,0.58,0.097,5,10,0.53,0.053,0.483,1.0,0.405,71.6,0.643
1.27,1.53,0.81,0.03,0.91,3.34,1.0,2.0,0.95,80.53,0.96,0.838,15,3,0.777,0.055,0.602,1.0,0.553,83.3,0.694
1.65,2.11,8.9,0.39,0.36,2.23,1.0,2.0,0.95,57.77,0.97,0.319,5,7,0.573,0.211,0.947,1.0,0.907,70.4,0.629
1.42,0.68,3.6,0.19,0.86,2.63,1.0,2.0,0.95,17.88,0.57,0.451,2,7,0.801,0.79,0.784,1.0,0.857,64.8,0.545
6.6,1.31,16.79,0.61,5.16,6.88,0.82,4.0,1.0,133.59,0.83,0.235,10,12,0.814,0.234,0.836,0.0,0.953,58.1,0.544
1.59,6.35,2.73,0.1,0.71,3.53,0.35,8.0,0.55,96.57,0.59,0.414,1,7,0.803,0.569,0.958,0.0,0.683,58.9,0.502
3.83,1.47,14.83,0.63,2.14,3.91,1.0,2.0,0.95,12.81,0.97,0.274,18,9,0.578,0.399,0.735,1.0,0.923,53.5,0.512
4.47,5.83,4.32,0.2,3.76,8.13,0.58,6.0,0.88,119.37,0.96,0.625,7,6,0.605,0.78,0.802,1.0,0.507,61.8,0.545
2.54,0.12,2.82,0.12,1.95,5.4,0.82,4.0,1.0,112.9,0.58,0.117,12,10,0.49,0.321,0.752,0.0,0.763,66.8,0.493
1.89,7.88,11.08,0.46,0.98,2.33,0.35,8.0,0.55,171.24,0.9,0.884,3,1,0.653,0.718,0.531,0.0,0.929,62.2,0.448
7.85,6.26,5.32,0.22,6.65,13.77,0.58,6.0,0.88,125.22,0.81,0.422,6,4,0.96,0.362,0.6,1.0,0.816,49.9,0.474
5.41,1.55,16.26,0.6,3.98,5.69,1.0,2.0,0.95,122.78,0.69,0.343,10,8,0.765,0.004,0.557,1.0,0.416,57.2,0.593
0.51,1.7,2.42,0.13,-0.42,1.06,0.35,8.0,0.55,83.21,0.83,0.102,12,5,0.847,0.627,0.944,0.0,0.712,48.4,0.383
0.39,1.24,13.02,0.64,-0.91,0.39,0.82,4.0,1.0,92.46,0.58,0.988,15,3,0.766,0.818,0.66,1.0,0.907,55.1,0.365
0.97,0.54,13.73,0.62,-0.69,1.0,0.35,8.0,0.55,118.63,0.65,0.717,6,3,0.635,0.467,0.649,0.0,0.424,40.2,0.212
1.06,0.95,5.45,0.23,-0.03,1.83,0.82,4.0,1.0,101.99,0.84,0.95,13,6,0.661,0.064,0.954,1.0,0.882,63.7,0.674
8.35,0.54,5.37,0.25,7.67,13.92,0.58,6.0,0.88,80.14,0.93,0.768,18,12,0.969,0.175,0.958,1.0,0.835,56.5,0.575
9.46,2.91,10.5,0.39,8.55,12.78,0.58,6.0,0.88,90.41,0.88,0.355,18,7,0.907,0.941,0.43,1.0,0.727,42.5,0.425
8.26,0.49,6.73,0.28,7.46,13.11,0.58,6.0,0.88,26.45,1.0,0.365,17,8,0.451,0.873,0.646,1.0,0.953,39.4,0.429
4.39,0.69,7.15,0.27,3.28,7.08,1.0,2.0,0.95,113.8,0.65,0.719,6,9,0.647,0.716,0.459,0.0,0.831,57.1,0.475
0.55,2.72,3.25,0.16,-0.02,1.08,0.82,4.0,1.0,140.02,0.65,0.062,10,5,0.821,0.382,0.973,0.0,0.916,65.9,0.487
4.92,0.68,8.35,0.35,3.92,7.03,1.0,2.0,0.95,18.31,0.85,0.175,11,5,0.646,0.805,0.747,1.0,0.491,42.3,0.473
4.93,4.38,10.27,0.42,3.75,6.4,0.58,6.0,0.88,111.32,0.89,0.462,12,4,0.95,0.922,0.774,1.0,0.44,47.5,0.434
1.07,6.54,10.28,0.56,-0.21,1.18,0.58,6.0,0.88,90.38,0.69,0.596,8,2,0.515,0.287,0.752,0.0,0.482,53.9,0.407
5.14,0.17,12.05,0.58,3.46,5.53,1.0,2.0,0.95,59.36,0.89,0.653,4,10,0.797,0.9,0.958,0.0,0.368,47.9,0.349
7.46,1.41,16.4,0.59,6.32,7.94,0.58,6.0,0.88,132.9,0.63,0.066,10,3,0.459,0.509,0.571,0.0,0.902,41.8,0.405
3.92,5.04,15.0,0.64,2.88,3.96,0.35,8.0,0.55,60.55,0.87,0.345,11,2,0.771,0.574,0.666,1.0,0.828,55.3,0.596
9.59,5.12,6.82,0.25,8.25,15.98,0.35,8.0,0.55,123.35,0.59,0.687,9,2,0.562,0.365,0.458,1.0,0.847,46.8,0.507
9.3,5.19,10.58,0.49,7.74,11.07,0.58,6.0,0.88,88.22,0.88,0.709,5,3,0.67,0.839,0.464,1.0,0.595,41.5,0.477
2.59,0.09,9.43,0.48,1.5,3.12,1.0,2.0,0.95,5.46,0.63,0.264,3,11,0.523,0.923,0.842,1.0,0.58,42.3,0.458
2.07,1.73,3.7,0.18,1.42,3.91,1.0,2.0,0.95,36.65,0.71,0.653,14,4,0.558,0.359,0.903,1.0,0.723,70.1,0.645
10.28,4.68,15.67,0.82,8.77,8.79,0.35,8.0,0.55,114.12,0.85,0.862,3,2,0.832,0.234,0.674,1.0,0.903,50.0,0.519
1.72,0.41,1.47,0.05,1.41,4.3,1.0,2.0,0.95,84.83,0.89,0.143,16,9,0.707,0.602,0.539,1.0,0.828,77.6,0.58
1.34,2.09,3.11,0.17,0.49,2.58,1.0,2.0,0.95,27.23,0.95,0.34,17,5,0.799,0.716,0.9,0.0,0.73,67.0,0.514
2.49,0.6,6.36,0.33,1.26,3.66,1.0,2.0,0.95,144.62,0.99,0.685,11,10,0.763,0.015,0.853,0.0,0.672,70.9,0.524
2.92,1.57,9.71,0.38,1.59,4.0,1.0,2.0,0.95,177.25,0.93,0.796,8,8,0.711,0.276,0.549,0.0,0.972,70.7,0.589
6.75,2.96,14.52,0.77,5.54,6.03,0.35,8.0,0.55,45.78,0.71,0.159,14,9,0.537,0.162,0.447,1.0,0.89,42.2,0.576
7.22,4.89,17.99,0.82,6.08,6.17,0.35,8.0,0.55,70.6,0.75,0.652,14,3,0.473,0.137,0.461,0.0,0.519,40.2,0.422
5.17,6.34,11.45,0.46,4.28,6.38,0.35,8.0,0.55,29.12,0.81,0.16,8,12,0.626,0.633,0.458,0.0,0.521,42.9,0.337
0.6,0.92,10.14,0.38,-0.48,0.82,0.58,6.0,0.88,92.55,0.81,0.614,12,5,0.804,0.721,0.561,1.0,0.439,52.6,0.444
1.84,0.59,15.02,0.54,0.47,2.07,1.0,2.0,0.95,81.7,0.71,0.269,9,10,0.451,0.263,0.623,0.0,0.9,59.6,0.471
4.79,3.44,14.37,0.57,3.83,5.21,0.58,6.0,0.88,25.96,0.95,0.768,18,11,0.873,0.298,0.584,0.0,0.907,53.6,0.511
2.53,0.59,16.71,0.8,1.42,2.2,0.58,6.0,0.88,169.17,0.59,0.788,16,6,0.588,0.219,0.525,1.0,0.655,65.6,0.636
8.58,8.79,4.52,0.23,7.88,14.79,0.35,8.0,0.55,31.22,0.69,0.774,1,12,0.558,0.527,0.522,0.0,0.467,39.4,0.304
10.54,0.43,5.36,0.29,9.59,16.47,0.35,8.0,0.55,40.54,0.76,0.946,2,7,0.575,0.235,0.932,1.0,0.941,43.9,0.584
1.04,0.05,6.15,0.26,-0.29,1.7,0.82,4.0,1.0,83.89,0.71,0.932,6,7,0.95,0.159,0.451,1.0,0.854,66.4,0.569
4.1,1.25,6.24,0.27,2.98,6.61,1.0,2.0,0.95,104.96,0.99,0.685,17,2,0.933,0.799,0.749,1.0,0.464,61.6,0.553
2.39,3.44,0.04,0.0,1.97,6.83,0.82,4.0,1.0,165.45,0.89,0.899,11,6,0.55,0.309,0.509,1.0,0.799,85.1,0.689
1.74,1.83,15.69,0.63,0.68,1.78,1.0,2.0,0.95,53.81,0.67,0.236,2,1,0.775,0.081,0.829,1.0,0.492,63.8,0.565
6.28,0.07,9.28,0.36,5.25,8.85,0.58,6.0,0.88,173.01,0.69,0.506,8,10,0.84,0.923,0.469,0.0,0.403,44.7,0.305
10.77,8.67,0.9,0.04,10.39,27.62,0.35,8.0,0.55,178.09,0.93,0.676,16,3,0.978,0.291,0.762,0.0,0.98,54.1,0.481
2.18,1.8,9.73,0.52,0.62,2.51,1.0,2.0,0.95,102.65,0.77,0.597,4,7,0.665,0.854,0.433,0.0,0.904,51.0,0.381
9.26,4.97,8.4,0.38,8.53,12.68,0.58,6.0,0.88,156.02,0.65,0.42,11,8,0.645,0.025,0.42,0.0,0.593,46.4,0.438
9.95,2.14,14.02,0.5,8.36,11.71,0.35,8.0,0.55,44.15,0.67,0.808,3,12,0.817,0.269,0.928,0.0,0.895,39.6,0.349
1.12,2.63,1.4,0.07,0.45,2.67,0.82,4.0,1.0,176.85,0.76,0.177,4,2,0.524,0.664,0.942,0.0,0.952,78.8,0.491
2.05,3.91,6.53,0.3,1.11,3.15,0.35,8.0,0.55,54.48,0.88,0.216,12,3,0.908,0.152,0.493,1.0,0.885,66.4,0.615
4.87,1.51,1.38,0.06,4.31,11.88,0.58,6.0,0.88,64.99,0.82,0.85,7,7,0.629,0.355,0.834,1.0,0.45,63.8,0.561
4.35,3.01,6.91,0.26,3.7,7.13,0.58,6.0,0.88,164.25,0.77,0.12,10,11,0.683,0.012,0.867,1.0,0.942,61.1,0.604
5.3,1.62,14.07,0.68,3.53,5.15,0.82,4.0,1.0,67.19,0.82,0.556,13,5,0.572,0.083,0.888,1.0,0.375,57.5,0.535
10.52,1.99,1.95,0.11,9.86,22.87,0.35,8.0,0.55,152.57,0.66,0.89,12,3,0.941,0.096,0.83,1.0,0.526,50.7,0.481
0.56,4.91,3.85,0.16,-0.37,1.1,0.58,6.0,0.88,142.43,0.87,0.445,18,1,0.732,0.512,0.596,1.0,0.912,69.4,0.572
3.4,1.44,11.41,0.51,1.99,3.95,0.82,4.0,1.0,81.91,0.8,0.773,16,5,0.52,0.734,0.935,0.0,0.811,65.3,0.431
6.05,1.47,9.27,0.39,4.99,8.18,0.82,4.0,1.0,121.6,0.7,0.816,15,9,0.907,0.874,0.926,1.0,0.934,58.0,0.496
2.07,0.06,15.45,0.56,0.82,2.27,1.0,2.0,0.95,140.44,0.95,0.298,4,2,0.898,0.895,0.924,0.0,0.856,61.6,0.385
3.67,0.79,7.9,0.41,2.26,4.83,0.82,4.0,1.0,130.85,0.88,0.642,12,10,0.79,0.191,0.443,1.0,0.571,60.5,0.543
0.65,3.17,6.77,0.33,-0.47,0.96,0.82,4.0,1.0,13.59,0.69,0.437,4,10,0.958,0.158,0.727,1.0,0.395,48.7,0.431
5.2,0.14,10.23,0.41,4.41,6.84,0.58,6.0,0.88,131.94,0.9,0.548,9,1,0.488,0.091,0.445,0.0,0.907,58.7,0.562
0.66,4.07,9.52,0.43,-0.41,0.85,0.35,8.0,0.55,12.16,0.76,0.81,8,8,0.565,0.637,0.965,0.0,0.632,46.6,0.31
10.68,0.79,0.29,0.01,9.9,29.67,0.35,8.0,0.55,118.02,0.75,0.327,1,10,0.815,0.055,0.698,0.0,0.583,47.7,0.47
8.64,0.67,0.16,0.01,7.93,24.0,0.35,8.0,0.55,62.29,0.66,0.481,1,8,0.483,0.021,0.404,0.0,0.823,42.6,0.389
6.59,1.96,17.62,0.73,5.34,6.1,0.35,8.0,0.55,152.39,0.57,0.927,3,9,0.932,0.734,0.728,1.0,0.808,43.7,0.502
5.22,4.58,8.58,0.46,3.8,6.44,0.35,8.0,0.55,21.56,0.83,0.125,14,4,0.893,0.559,0.831,1.0,0.421,43.6,0.487
4.99,2.58,7.79,0.4,4.29,6.65,0.58,6.0,0.88,157.63,0.56,0.794,11,5,0.903,0.787,0.745,1.0,0.556,61.6,0.548
6.79,0.41,9.33,0.34,6.08,9.84,0.82,4.0,1.0,59.96,0.91,0.655,2,6,0.819,0.948,0.758,1.0,0.351,49.1,0.41
6.31,0.96,3.87,0.14,5.77,12.88,0.58,6.0,0.88,22.54,0.76,0.354,17,8,0.714,0.125,0.798,0.0,0.447,45.7,0.397
4.75,2.82,0.26,0.01,4.04,13.19,0.82,4.0,1.0,82.03,0.92,0.797,15,5,0.613,0.884,0.503,1.0,0.699,60.0,0.481
0.58,1.84,5.39,0.24,0.06,0.98,1.0,2.0,0.95,104.99,0.72,0.422,15,7,0.543,0.378,0.767,1.0,0.946,76.7,0.676
5.02,1.42,4.63,0.18,4.49,9.47,1.0,2.0,0.95,75.87,0.92,0.616,9,6,0.788,0.849,0.825,1.0,0.567,53.9,0.537
5.27,3.97,8.1,0.38,4.42,7.22,0.82,4.0,1.0,84.88,0.89,0.251,6,9,0.932,0.464,0.525,0.0,0.858,59.1,0.459
2.7,4.86,11.37,0.59,1.13,2.87,0.58,6.0,0.88,138.79,0.9,0.325,14,12,0.612,0.628,0.776,0.0,0.912,54.3,0.378
4.73,0.55,7.48,0.29,3.43,7.39,1.0,2.0,0.95,102.3,0.71,0.92,18,9,0.541,0.979,0.479,0.0,0.543,54.2,0.396
2.85,1.86,14.56,0.52,1.42,3.28,0.82,4.0,1.0,95.25,0.98,0.777,12,8,0.806,0.303,0.923,0.0,0.769,70.5,0.586
0.93,0.55,11.44,0.47,0.15,1.13,1.0,2.0,0.95,110.85,0.96,0.688,16,1,0.503,0.311,0.452,0.0,0.574,75.9,0.489
9.69,1.9,6.37,0.26,9.04,15.89,0.35,8.0,0.55,15.05,0.71,0.49,13,6,0.471,0.776,0.618,1.0,0.905,39.4,0.436
9.5,5.35,14.14,0.73,7.78,8.8,0.35,8.0,0.55,67.97,0.57,0.942,18,2,0.483,0.644,0.896,1.0,0.489,39.0,0.425
1.34,0.11,6.75,0.31,0.53,2.03,0.82,4.0,1.0,81.47,0.74,0.229,1,11,0.729,0.383,0.515,0.0,0.899,69.5,0.516
5.32,0.49,5.57,0.3,4.72,8.18,0.82,4.0,1.0,62.47,0.94,0.528,16,2,0.596,0.266,0.967,0.0,0.622,64.0,0.447
0.57,1.69,17.91,0.87,-0.87,0.47,0.82,4.0,1.0,21.94,0.97,0.531,7,12,0.718,0.746,0.64,1.0,0.796,48.6,0.353
8.66,5.76,6.4,0.31,7.7,13.12,0.58,6.0,0.88,45.81,0.91,0.328,11,3,0.872,0.949,0.681,0.0,0.761,39.1,0.335
1.69,3.52,6.12,0.25,1.17,2.82,0.82,4.0,1.0,117.92,0.68,0.166,1,2,0.609,0.592,0.632,0.0,0.829,73.7,0.512
7.67,2.49,10.19,0.39,7.0,10.36,0.58,6.0,0.88,63.66,0.87,0.569,13,3,0.968,0.431,0.503,0.0,0.499,47.1,0.358
0.52,1.49,16.11,0.66,-1.02,0.51,1.0,2.0,0.95,169.73,0.82,0.868,6,11,0.646,0.693,0.664,1.0,0.771,60.0,0.34
1.8,2.42,12.95,0.57,0.95,1.96,0.58,6.0,0.88,41.32,0.59,0.823,3,8,0.636,0.491,0.787,1.0,0.701,63.6,0.62
1.24,0.43,7.72,0.37,0.43,1.72,0.82,4.0,1.0,90.19,0.8,0.116,3,4,0.622,0.684,0.753,1.0,0.915,70.2,0.622
5.05,2.02,14.1,0.68,3.36,4.9,1.0,2.0,0.95,140.15,0.63,0.462,16,4,0.774,0.786,0.515,0.0,0.889,55.9,0.456
3.67,1.38,16.8,0.76,2.21,3.31,1.0,2.0,0.95,130.58,0.76,0.329,16,8,0.625,0.314,0.63,1.0,0.848,55.8,0.578
0.68,2.56,11.09,0.58,-0.94,0.73,0.58,6.0,0.88,24.86,0.88,0.348,13,9,0.625,0.861,0.569,1.0,0.53,40.3,0.232
0.8,0.87,11.47,0.49,-0.21,0.95,1.0,2.0,0.95,7.07,0.72,0.851,4,9,0.472,0.717,0.781,0.0,0.801,50.5,0.355
2.0,1.66,2.2,0.1,1.5,4.44,0.82,4.0,1.0,107.86,0.59,0.828,13,2,0.556,0.895,0.885,0.0,0.854,71.9,0.475
5.03,4.51,17.16,0.81,3.23,4.34,0.58,6.0,0.88,7.28,0.76,0.328,11,11,0.855,0.967,0.828,1.0,0.93,36.0,0.466
9.51,6.6,14.25,0.53,8.3,10.81,0.35,8.0,0.55,19.28,0.66,0.77,12,4,0.905,0.952,0.54,1.0,0.474,31.0,0.39
8.02,7.17,7.27,0.39,6.53,10.84,0.35,8.0,0.55,35.26,0.96,0.37,15,12,0.974,0.428,0.426,1.0,0.713,45.7,0.442
6.86,2.84,17.07,0.77,5.32,6.12,0.58,6.0,0.88,68.3,0.94,0.748,5,7,0.855,0.255,0.557,0.0,0.759,46.8,0.387
0.48,4.98,4.68,0.2,-0.41,0.87,0.58,6.0,0.88,93.63,0.64,0.604,13,1,0.454,0.882,0.72,0.0,0.355,50.1,0.233
4.15,2.45,10.66,0.42,2.99,5.39,0.82,4.0,1.0,116.09,0.76,0.588,17,10,0.755,0.22,0.888,0.0,0.951,63.4,0.564
1.04,1.5,1.75,0.08,0.65,2.42,0.82,4.0,1.0,133.19,0.76,0.757,4,9,0.467,0.52,0.813,1.0,0.822,76.0,0.592
2.07,1.53,11.06,0.56,1.17,2.27,1.0,2.0,0.95,143.69,0.93,0.879,11,12,0.493,0.948,0.517,0.0,0.403,62.0,0.433
5.56,0.81,5.87,0.23,4.41,9.59,0.58,6.0,0.88,89.03,0.98,0.81,12,6,0.777,0.952,0.645,1.0,0.389,50.9,0.49
4.35,5.8,11.27,0.53,3.24,4.94,0.58,6.0,0.88,108.11,0.76,0.495,11,5,0.733,0.194,0.5,0.0,0.897,59.5,0.464
1.56,0.77,3.38,0.16,1.14,3.06,1.0,2.0,0.95,86.26,1.0,0.445,17,8,0.623,0.302,0.832,1.0,0.791,77.1,0.63
1.17,3.74,15.39,0.67,-0.27,1.15,0.82,4.0,1.0,101.28,0.63,0.77,11,6,0.72,0.939,0.956,1.0,0.867,55.5,0.444
5.85,1.53,3.74,0.15,5.13,11.7,0.82,4.0,1.0,11.59,0.87,0.445,14,10,0.748,0.429,0.832,1.0,0.847,52.2,0.586
1.53,0.24,6.11,0.3,0.3,2.35,1.0,2.0,0.95,150.78,0.96,0.788,8,5,0.908,0.087,0.646,1.0,0.871,73.5,0.699
5.05,3.4,7.59,0.39,3.8,6.82,0.35,8.0,0.55,9.59,0.74,0.524,2,4,0.923,0.233,0.968,1.0,0.889,48.9,0.519
0.52,1.63,17.85,0.76,-0.66,0.47,1.0,2.0,0.95,85.5,0.6,0.783,4,9,0.549,0.705,0.923,0.0,0.773,61.8,0.288
2.75,3.34,3.3,0.13,2.27,5.73,0.82,4.0,1.0,159.13,0.64,0.743,5,1,0.562,0.664,0.654,1.0,0.527,70.7,0.557
4.7,5.23,8.97,0.33,3.59,6.91,0.58,6.0,0.88,95.62,0.78,0.339,17,11,0.823,0.492,0.825,1.0,0.643,55.5,0.482
8.35,0.62,16.51,0.69,7.16,8.03,0.58,6.0,0.88,13.93,0.94,0.101,13,10,0.825,0.94,0.864,1.0,0.411,32.8,0.384
7.13,3.36,12.07,0.44,6.11,9.03,0.82,4.0,1.0,154.48,0.79,0.677,17,5,0.527,0.021,0.509,1.0,0.942,57.8,0.63
4.87,2.02,4.71,0.25,3.73,8.12,1.0,2.0,0.95,9.0,0.75,0.437,4,4,0.564,0.178,0.726,1.0,0.65,46.7,0.55
9.97,0.67,0.54,0.03,8.86,26.24,0.35,8.0,0.55,114.61,0.81,0.767,16,1,0.61,0.317,0.702,1.0,0.692,54.4,0.506
4.93,3.35,2.04,0.08,3.87,11.47,0.35,8.0,0.55,61.68,0.83,0.434,3,5,0.832,0.987,0.47,0.0,0.939,47.0,0.383
5.46,5.52,10.37,0.43,4.04,7.0,0.58,6.0,0.88,45.61,0.97,0.219,2,1,0.725,0.332,0.935,1.0,0.38,53.1,0.56
1.3,4.49,0.58,0.03,0.81,3.42,0.58,6.0,0.88,159.43,0.91,0.737,7,2,0.558,0.817,0.486,0.0,0.534,70.2,0.412
10.06,3.49,15.21,0.59,8.55,10.7,0.35,8.0,0.55,85.49,0.93,0.676,10,12,0.525,0.946,0.754,0.0,0.372,26.4,0.19
5.31,0.92,12.75,0.47,3.82,6.48,0.58,6.0,0.88,138.46,0.99,0.745,16,11,0.751,0.236,0.53,1.0,0.783,57.9,0.607
5.72,5.4,11.2,0.5,4.42,6.73,0.58,6.0,0.88,114.7,0.59,0.427,6,8,0.499,0.351,0.43,1.0,0.549,49.4,0.559
9.03,3.86,15.05,0.55,8.05,10.03,0.35,8.0,0.55,93.05,0.86,0.476,4,11,0.919,0.463,0.503,0.0,0.888,41.9,0.406
2.89,1.6,8.61,0.35,1.65,4.13,1.0,2.0,0.95,89.12,0.56,0.171,15,10,0.907,0.775,0.827,1.0,0.562,60.7,0.579
9.03,0.05,17.45,0.86,7.46,7.46,0.58,6.0,0.88,91.13,0.89,0.449,10,7,0.926,0.34,0.727,0.0,0.765,51.0,0.426
5.85,3.4,12.55,0.52,4.92,6.72,0.58,6.0,0.88,33.76,0.64,0.602,6,7,0.743,0.931,0.691,0.0,0.758,36.5,0.296
6.27,6.93,5.17,0.23,5.2,10.81,0.35,8.0,0.55,70.8,0.7,0.054,5,5,0.846,0.419,0.519,0.0,0.49,38.8,0.333
4.48,2.31,2.49,0.11,3.86,9.74,0.35,8.0,0.55,44.46,0.91,0.744,1,10,0.599,0.906,0.615,1.0,0.496,41.1,0.422
5.05,1.32,11.84,0.52,3.92,5.8,0.35,8.0,0.55,37.86,0.8,0.815,17,1,0.705,0.07,0.428,1.0,0.549,53.8,0.585
3.39,5.55,11.79,0.58,2.05,3.65,0.35,8.0,0.55,71.27,0.77,0.282,8,10,0.856,0.246,0.514,0.0,0.682,51.9,0.45
4.29,3.51,9.4,0.36,3.55,6.04,0.82,4.0,1.0,93.27,0.98,0.25,14,9,0.504,0.998,0.602,0.0,0.507,42.8,0.35
3.78,4.29,4.19,0.17,3.25,7.27,0.82,4.0,1.0,105.2,0.79,0.408,17,5,0.939,0.597,0.418,0.0,0.936,68.6,0.465
0.88,2.63,2.77,0.11,0.17,1.91,0.58,6.0,0.88,114.35,0.63,0.134,2,8,0.664,0.457,0.969,1.0,0.956,71.4,0.6
1.19,8.76,17.7,0.96,-0.57,0.91,0.35,8.0,0.55,79.94,0.96,0.526,8,4,0.467,0.216,0.682,0.0,0.771,39.3,0.276
1.66,6.26,4.35,0.21,0.73,2.96,0.35,8.0,0.55,86.06,0.63,0.383,17,9,0.595,0.606,0.756,1.0,0.825,56.9,0.498
0.55,1.61,6.56,0.29,-0.21,0.86,0.58,6.0,0.88,73.73,0.64,0.573,16,3,0.878,0.661,0.704,0.0,0.357,52.1,0.395
8.07,3.38,12.82,0.59,6.57,8.59,0.58,6.0,0.88,142.99,0.56,0.641,17,7,0.68,0.687,0.806,0.0,0.844,53.4,0.437
6.66,6.14,1.17,0.06,6.33,16.24,0.58,6.0,0.88,91.57,0.76,0.262,16,6,0.595,0.836,0.952,1.0,0.498,46.3,0.42
1.47,0.59,8.99,0.33,0.38,2.16,0.35,8.0,0.55,81.14,0.61,0.203,14,5,0.911,0.379,0.791,1.0,0.939,57.9,0.522
3.9,0.64,13.95,0.55,2.37,4.33,0.82,4.0,1.0,86.77,0.74,0.879,16,12,0.682,0.563,0.897,0.0,0.915,58.8,0.445
7.59,5.98,2.11,0.09,6.49,17.25,0.35,8.0,0.55,14.53,0.89,0.892,16,6,0.912,0.055,0.633,0.0,0.949,50.7,0.525
8.84,1.48,10.54,0.43,7.42,11.33,0.58,6.0,0.88,156.26,0.67,0.388,14,6,0.547,0.181,0.456,1.0,0.526,43.4,0.514
6.35,6.01,7.24,0.3,5.62,9.77,0.58,6.0,0.88,11.22,0.8,0.351,11,10,0.933,0.482,0.603,1.0,0.727,49.7,0.455
9.52,1.88,16.26,0.66,8.56,9.43,0.35,8.0,0.55,26.95,0.93,0.327,17,11,0.51,0.453,0.511,0.0,0.783,36.4,0.373
0.85,1.42,9.81,0.36,-0.44,1.2,0.82,4.0,1.0,105.78,0.89,0.894,13,3,0.718,0.962,0.536,0.0,0.698,49.4,0.249
0.78,2.56,0.94,0.03,-0.13,2.05,0.58,6.0,0.88,103.63,0.62,0.438,9,12,0.837,0.354,0.979,1.0,0.555,63.3,0.559
2.84,0.15,15.73,0.67,1.12,2.78,0.58,6.0,0.88,78.16,1.0,0.486,6,8,0.79,0.942,0.799,1.0,0.51,48.1,0.447
2.08,0.87,4.05,0.15,0.89,4.16,1.0,2.0,0.95,10.42,0.72,0.997,10,5,0.782,0.872,0.609,0.0,0.437,60.7,0.435
6.91,0.28,7.11,0.33,6.01,10.16,0.82,4.0,1.0,150.87,0.93,0.838,1,6,0.777,0.834,0.894,1.0,0.789,52.8,0.495
6.26,2.12,12.59,0.61,5.32,6.52,0.82,4.0,1.0,109.13,0.77,0.264,5,10,0.897,0.042,0.511,0.0,0.402,54.5,0.486
9.36,0.21,2.25,0.12,8.63,19.91,0.35,8.0,0.55,141.15,0.77,0.914,10,3,0.583,0.652,0.498,0.0,0.397,48.2,0.309
7.58,6.72,2.41,0.11,7.06,16.48,0.35,8.0,0.55,114.57,0.8,0.794,8,1,0.774,0.983,0.541,1.0,0.583,42.7,0.419
1.42,0.88,14.4,0.57,0.45,1.54,1.0,2.0,0.95,80.85,0.83,0.813,14,6,0.664,0.899,0.72,1.0,0.829,58.6,0.539
8.77,0.32,0.89,0.04,8.01,22.49,0.58,6.0,0.88,119.05,0.96,0.715,7,9,0.511,0.469,0.616,0.0,0.925,59.1,0.445
4.5,0.75,11.44,0.41,3.45,5.92,0.58,6.0,0.88,174.06,0.87,0.31,4,5,0.916,0.98,0.905,0.0,0.569,47.5,0.357
5.27,0.63,7.31,0.27,4.19,8.5,1.0,2.0,0.95,62.72,0.6,0.139,1,7,0.937,0.415,0.482,1.0,0.596,53.5,0.51
6.45,1.59,15.73,0.63,5.38,6.58,0.58,6.0,0.88,167.75,0.77,0.462,12,10,0.768,0.169,0.533,1.0,0.931,55.8,0.557
4.65,0.44,6.86,0.25,3.72,7.75,1.0,2.0,0.95,57.13,0.84,0.55,13,2,0.615,0.886,0.718,0.0,0.604,52.4,0.38
3.74,1.67,3.61,0.15,3.27,7.48,1.0,2.0,0.95,37.54,0.85,0.237,14,2,0.882,0.946,0.92,0.0,0.656,52.3,0.336
4.52,5.49,14.2,0.63,3.0,4.61,0.58,6.0,0.88,42.35,0.83,0.816,4,8,0.855,0.076,0.805,1.0,0.701,58.2,0.572
6.45,3.47,17.06,0.65,4.99,6.45,0.58,6.0,0.88,23.38,0.84,0.764,16,5,0.458,0.447,0.659,0.0,0.895,43.8,0.401
1.51,4.31,7.33,0.33,0.43,2.22,0.35,8.0,0.55,146.18,0.58,0.168,8,12,0.603,0.149,0.472,0.0,0.726,53.2,0.44
2.42,1.66,2.33,0.08,1.89,5.63,0.82,4.0,1.0,99.39,0.55,0.965,3,11,0.689,0.891,0.777,1.0,0.509,70.7,0.526
2.29,1.66,12.4,0.58,1.31,2.46,0.58,6.0,0.88,19.15,0.71,0.632,9,7,0.949,0.109,0.797,1.0,0.976,64.6,0.635
3.75,3.95,9.32,0.52,2.45,4.31,0.82,4.0,1.0,37.89,0.58,0.517,3,1,0.778,0.487,0.733,1.0,0.755,62.9,0.551
1.28,3.87,1.78,0.07,0.37,3.05,0.58,6.0,0.88,65.93,0.79,0.23,16,4,0.653,0.036,0.906,0.0,0.725,68.2,0.491
3.11,0.57,9.37,0.35,2.18,4.44,1.0,2.0,0.95,98.28,0.79,0.865,6,4,0.796,0.023,0.745,0.0,0.637,60.6,0.479
3.42,3.03,4.25,0.17,2.68,6.58,0.35,8.0,0.55,2.46,0.71,0.738,2,9,0.494,0.513,0.534,0.0,0.368,44.7,0.398
5.46,0.65,17.98,0.91,4.12,4.33,0.82,4.0,1.0,90.33,0.92,0.632,11,1,0.589,0.208,0.932,1.0,0.911,61.8,0.556
2.96,1.89,15.18,0.77,1.3,2.64,0.35,8.0,0.55,118.93,0.71,0.61,2,6,0.906,0.961,0.727,0.0,0.834,47.0,0.314
7.76,3.9,5.33,0.24,6.73,13.15,0.58,6.0,0.88,148.67,0.87,0.63,15,3,0.698,0.882,0.806,0.0,0.513,46.9,0.298
3.59,6.97,10.94,0.41,2.33,4.72,0.35,8.0,0.55,79.29,0.74,0.731,6,12,0.641,0.289,0.879,1.0,0.376,50.4,0.513
1.55,2.31,3.67,0.14,0.64,3.16,0.82,4.0,1.0,111.65,0.79,0.617,10,6,0.914,0.562,0.497,1.0,0.39,72.9,0.627
1.96,1.82,8.01,0.37,1.03,2.72,0.58,6.0,0.88,20.18,0.78,0.788,17,11,0.92,0.671,0.977,0.0,0.688,65.3,0.451
7.42,0.43,1.45,0.08,6.95,17.26,0.58,6.0,0.88,113.68,0.66,0.662,17,8,0.639,0.21,0.851,1.0,0.462,55.2,0.573
6.25,1.51,12.17,0.48,4.88,7.53,0.82,4.0,1.0,82.82,0.8,0.55,8,10,0.675,0.52,0.516,0.0,0.578,51.4,0.38
3.56,0.46,6.15,0.3,2.37,5.48,1.0,2.0,0.95,32.77,0.58,0.11,7,11,0.972,0.79,0.644,0.0,0.942,56.5,0.435
7.3,1.16,1.84,0.09,6.3,16.59,0.82,4.0,1.0,75.91,0.6,0.568,3,1,0.874,0.819,0.494,0.0,0.801,51.1,0.373
1.33,0.68,14.64,0.61,0.28,1.39,0.58,6.0,0.88,36.0,0.8,0.916,4,5,0.967,0.935,0.637,0.0,0.746,53.6,0.447
1.16,1.2,3.65,0.16,0.46,2.27,0.82,4.0,1.0,8.47,0.69,0.843,13,8,0.738,0.441,0.719,0.0,0.832,71.5,0.546
7.32,0.71,3.22,0.14,6.77,14.94,0.58,6.0,0.88,163.33,0.87,0.424,11,6,0.87,0.415,0.795,0.0,0.471,53.4,0.445
0.97,3.86,15.35,0.68,-0.44,0.94,0.82,4.0,1.0,46.03,0.64,0.571,12,5,0.631,0.138,0.961,1.0,0.625,59.2,0.528
4.88,1.94,5.94,0.29,3.5,7.63,1.0,2.0,0.95,105.82,0.56,0.631,18,7,0.72,0.978,0.748,1.0,0.358,53.0,0.442
6.7,5.36,3.91,0.17,6.19,12.88,0.35,8.0,0.55,103.37,0.84,0.893,10,9,0.964,0.911,0.667,1.0,0.424,41.5,0.429
0.54,0.67,6.52,0.34,-0.77,0.78,1.0,2.0,0.95,60.18,0.89,0.911,15,4,0.627,0.203,0.91,0.0,0.432,65.9,0.379
4.9,3.85,7.79,0.29,3.91,7.66,0.35,8.0,0.55,146.8,0.92,0.305,3,2,0.654,0.914,0.434,1.0,0.573,42.4,0.375
8.06,1.4,11.05,0.5,7.0,9.48,0.58,6.0,0.88,142.7,0.89,0.124,11,6,0.683,0.066,0.426,0.0,0.779,51.6,0.501
4.04,3.68,10.03,0.41,2.54,5.32,0.35,8.0,0.55,137.87,0.8,0.629,7,6,0.91,0.299,0.548,0.0,0.469,47.9,0.376
1.88,0.71,6.22,0.23,0.61,3.24,0.58,6.0,0.88,79.12,0.74,0.661,1,10,0.925,0.107,0.426,1.0,0.38,62.4,0.625
1.98,1.77,5.44,0.29,1.44,3.09,1.0,2.0,0.95,142.19,0.8,0.064,3,12,0.578,0.266,0.765,0.0,0.961,72.0,0.603
3.19,7.83,3.09,0.14,2.42,6.51,0.35,8.0,0.55,59.01,0.67,0.258,6,5,0.631,0.6,0.82,0.0,0.884,50.6,0.362
2.69,1.57,4.98,0.23,2.01,4.64,1.0,2.0,0.95,103.67,0.87,0.746,13,9,0.795,0.751,0.508,1.0,0.667,65.2,0.56
1.2,0.71,17.63,0.81,0.04,1.03,1.0,2.0,0.95,48.22,0.62,0.779,2,10,0.876,0.002,0.405,1.0,0.72,62.6,0.611
2.91,4.03,14.96,0.6,1.53,3.06,0.82,4.0,1.0,15.31,0.7,0.253,4,8,0.479,0.671,0.603,0.0,0.501,47.3,0.306
0.92,7.91,4.24,0.17,-0.28,1.77,0.35,8.0,0.55,99.96,0.63,0.399,15,2,0.711,0.035,0.467,0.0,0.501,45.0,0.338
2.76,1.72,16.43,0.74,1.39,2.53,0.82,4.0,1.0,46.75,0.96,0.231,8,2,0.939,0.357,0.745,0.0,0.734,65.6,0.528
1.79,2.75,7.78,0.41,0.87,2.36,0.58,6.0,0.88,39.78,0.82,0.842,1,4,0.79,0.653,0.58,0.0,0.505,62.2,0.421
2.14,5.42,6.82,0.3,1.41,3.29,0.58,6.0,0.88,56.49,0.95,0.721,11,2,0.846,0.301,0.498,0.0,0.484,71.0,0.531
5.03,2.15,3.37,0.13,4.27,10.48,0.58,6.0,0.88,111.0,0.65,0.293,14,6,0.966,0.456,0.719,0.0,0.568,52.4,0.429
5.39,0.88,0.12,0.01,5.05,14.97,1.0,2.0,0.95,36.94,0.86,0.797,3,6,0.599,0.156,0.552,1.0,0.667,58.8,0.636
0.48,2.67,2.55,0.1,-0.68,1.07,0.58,6.0,0.88,117.83,0.81,0.29,1,11,0.634,0.38,0.751,1.0,0.477,60.3,0.495
3.67,0.71,1.33,0.05,3.02,9.18,0.82,4.0,1.0,170.49,0.86,0.944,7,7,0.708,0.51,0.948,1.0,0.735,72.9,0.635
5.69,7.54,3.35,0.14,4.95,11.61,0.35,8.0,0.55,36.62,0.95,0.135,8,4,0.567,0.488,0.849,0.0,0.861,50.0,0.365
7.78,4.28,10.85,0.5,6.78,9.15,0.35,8.0,0.55,109.32,0.83,0.864,12,2,0.613,0.46,0.645,0.0,0.964,49.8,0.471
5.69,2.19,12.44,0.57,4.17,6.18,0.58,6.0,0.88,93.75,0.63,0.2,17,8,0.75,0.711,0.442,0.0,0.825,47.8,0.376
3.81,0.84,3.06,0.11,3.32,8.28,1.0,2.0,0.95,62.05,0.98,0.551,2,9,0.717,0.797,0.425,0.0,0.47,61.0,0.458
2.39,3.31,8.69,0.33,1.19,3.51,0.82,4.0,1.0,137.53,0.58,0.225,5,8,0.563,0.831,0.777,0.0,0.9,60.0,0.494
6.78,5.43,12.5,0.64,5.36,6.85,0.58,6.0,0.88,176.72,0.57,0.195,7,1,0.868,0.243,0.827,0.0,0.49,51.6,0.441
0.97,4.63,17.23,0.71,-0.83,0.92,0.58,6.0,0.88,105.7,0.89,0.496,8,9,0.887,0.458,0.491,1.0,0.596,49.9,0.378
2.11,0.08,9.92,0.47,1.28,2.57,0.82,4.0,1.0,139.13,0.91,0.77,14,6,0.505,0.256,0.551,1.0,0.563,70.9,0.561
2.08,0.25,9.5,0.45,0.81,2.6,0.35,8.0,0.55,152.3,0.84,0.819,4,10,0.718,0.439,0.429,0.0,0.39,53.6,0.349
2.52,4.29,10.53,0.38,1.13,3.45,0.58,6.0,0.88,105.1,0.8,0.767,3,12,0.959,0.438,0.638,0.0,0.363,56.8,0.361
8.75,2.5,17.27,0.93,7.33,6.84,0.35,8.0,0.55,44.55,0.94,0.469,6,10,0.746,0.65,0.403,1.0,0.965,41.5,0.51
4.45,0.93,12.14,0.51,2.86,5.17,1.0,2.0,0.95,173.16,0.91,0.309,2,9,0.843,0.767,0.969,0.0,0.945,60.0,0.44
2.07,0.5,8.82,0.32,0.87,3.09,0.82,4.0,1.0,87.93,0.85,0.123,8,8,0.668,0.159,0.64,1.0,0.729,65.8,0.598
8.87,5.26,3.79,0.18,7.76,16.74,0.58,6.0,0.88,43.7,0.77,0.12,4,7,0.6,0.776,0.814,1.0,0.868,44.9,0.471
1.57,4.01,1.06,0.04,0.62,4.03,0.82,4.0,1.0,159.95,0.92,0.666,11,9,0.859,0.924,0.791,1.0,0.782,75.8,0.597
5.07,1.83,0.96,0.05,4.73,12.68,1.0,2.0,0.95,36.06,0.89,0.287,11,11,0.866,0.972,0.695,0.0,0.411,48.7,0.281
4.72,1.54,6.06,0.3,4.1,7.26,1.0,2.0,0.95,90.14,0.72,0.097,15,2,0.66,0.583,0.669,1.0,0.899,60.2,0.587
11.04,4.82,15.37,0.77,9.21,9.86,0.35,8.0,0.55,42.86,0.77,0.903,2,6,0.967,0.013,0.874,1.0,0.649,47.8,0.605
1.3,1.16,16.95,0.84,-0.39,1.09,1.0,2.0,0.95,126.11,0.93,0.214,3,12,0.609,0.234,0.559,1.0,0.545,51.3,0.473
1.69,2.2,7.43,0.35,0.3,2.41,0.58,6.0,0.88,135.62,0.89,0.933,15,7,0.729,0.73,0.531,1.0,0.577,62.3,0.486
1.17,0.62,11.33,0.56,-0.02,1.29,0.58,6.0,0.88,71.23,0.73,0.503,13,12,0.943,0.388,0.82,1.0,0.889,53.2,0.571
6.04,4.29,16.76,0.72,4.96,5.64,0.82,4.0,1.0,57.09,0.79,0.842,3,9,0.506,0.389,0.628,0.0,0.493,48.7,0.447
2.03,1.0,15.31,0.73,0.41,1.88,1.0,2.0,0.95,32.46,0.91,0.791,14,4,0.795,0.404,0.415,0.0,0.607,65.5,0.539
9.06,3.17,12.61,0.47,8.28,11.05,0.58,6.0,0.88,113.08,0.58,0.103,13,7,0.974,0.527,0.618,1.0,0.435,46.9,0.508
6.37,2.28,4.5,0.18,5.3,12.02,0.82,4.0,1.0,11.08,0.91,0.507,12,12,0.692,0.827,0.866,1.0,0.55,47.3,0.44
1.27,2.86,7.11,0.32,0.62,1.9,0.58,6.0,0.88,83.59,0.91,0.157,3,2,0.524,0.937,0.41,0.0,0.786,54.3,0.426
5.82,2.53,8.83,0.37,5.04,8.08,0.82,4.0,1.0,170.78,0.73,0.393,11,3,0.633,0.421,0.603,0.0,0.468,59.4,0.456
5.25,5.56,7.52,0.33,4.1,7.72,0.58,6.0,0.88,121.11,0.84,0.753,7,1,0.884,0.204,0.953,0.0,0.723,64.2,0.547
2.33,5.46,2.23,0.09,1.94,5.3,0.58,6.0,0.88,44.8,0.96,0.567,7,1,0.75,0.281,0.428,1.0,0.937,77.2,0.656
7.98,6.08,11.81,0.48,7.24,9.61,0.58,6.0,0.88,160.72,0.57,0.372,11,12,0.45,0.834,0.661,1.0,0.373,39.7,0.441
3.5,1.36,2.57,0.09,2.53,7.95,1.0,2.0,0.95,102.33,0.67,0.233,3,10,0.854,0.91,0.699,0.0,0.834,54.0,0.371
3.07,1.83,16.37,0.74,1.73,2.82,0.82,4.0,1.0,36.51,0.98,0.688,16,2,0.691,0.709,0.585,1.0,0.801,63.9,0.586
5.28,2.76,6.44,0.31,4.26,8.0,0.82,4.0,1.0,111.31,0.97,0.567,3,11,0.787,0.096,0.48,1.0,0.874,64.2,0.659
0.75,0.38,9.6,0.35,-0.14,1.07,0.35,8.0,0.55,62.16,0.69,0.205,10,9,0.493,0.743,0.863,1.0,0.628,49.4,0.482
0.87,1.96,2.03,0.09,0.08,1.98,1.0,2.0,0.95,13.08,0.96,0.846,3,5,0.914,0.022,0.54,1.0,0.483,75.8,0.687
5.17,0.72,5.27,0.27,4.25,8.34,1.0,2.0,0.95,79.87,0.88,0.806,15,3,0.564,0.663,0.679,0.0,0.497,59.2,0.428
2.54,3.43,5.58,0.23,1.82,4.38,0.82,4.0,1.0,162.71,0.98,0.22,3,12,0.949,0.042,0.931,1.0,0.536,70.1,0.642
2.86,1.77,11.98,0.65,1.19,2.86,1.0,2.0,0.95,102.8,0.55,0.639,17,5,0.66,0.419,0.67,1.0,0.424,63.7,0.525
4.05,6.4,5.73,0.23,3.46,6.98,0.58,6.0,0.88,12.1,1.0,0.645,2,3,0.729,0.346,0.84,1.0,0.585,49.3,0.461
3.08,0.53,7.68,0.29,1.89,4.81,0.58,6.0,0.88,123.03,0.57,0.912,15,3,0.713,0.434,0.865,0.0,0.364,57.0,0.401
6.23,2.49,10.16,0.56,5.26,6.85,0.82,4.0,1.0,7.2,0.88,0.66,13,12,0.843,0.967,0.786,0.0,0.353,40.4,0.252
5.1,4.03,14.96,0.77,3.53,4.55,0.58,6.0,0.88,160.63,0.77,0.397,16,8,0.774,0.271,0.618,1.0,0.479,49.5,0.468
4.97,1.07,11.69,0.5,3.79,5.85,0.58,6.0,0.88,99.96,0.57,0.512,12,8,0.91,0.935,0.654,1.0,0.684,47.4,0.447
3.96,2.01,1.58,0.06,3.5,9.66,0.58,6.0,0.88,26.48,0.81,0.302,18,11,0.518,0.653,0.788,1.0,0.407,53.6,0.45
11.23,1.87,1.94,0.08,10.49,26.12,0.35,8.0,0.55,72.01,0.67,0.646,9,5,0.747,0.478,0.681,1.0,0.63,46.8,0.457
7.7,0.73,17.44,0.96,6.43,5.88,0.35,8.0,0.55,97.56,0.93,0.998,6,8,0.708,0.569,0.643,0.0,0.901,46.2,0.404
5.23,6.3,5.09,0.19,3.98,9.69,0.35,8.0,0.55,60.83,0.87,0.681,11,8,0.734,0.296,0.502,0.0,0.605,47.1,0.4
3.09,0.92,5.72,0.3,2.34,4.75,1.0,2.0,0.95,25.61,0.68,0.118,8,12,0.726,0.629,0.691,1.0,0.743,55.7,0.567
7.72,3.79,14.18,0.52,6.73,8.87,0.35,8.0,0.55,151.19,0.91,0.794,4,8,0.457,0.766,0.603,0.0,0.737,40.6,0.298
3.73,5.73,3.31,0.16,2.69,7.31,0.58,6.0,0.88,48.81,0.72,0.906,11,3,0.815,0.935,0.749,1.0,0.704,59.6,0.567
6.93,0.55,9.77,0.5,5.38,8.15,0.82,4.0,1.0,34.02,0.91,0.49,4,2,0.564,0.081,0.429,0.0,0.402,47.4,0.42
4.06,2.15,4.57,0.16,3.38,7.96,1.0,2.0,0.95,153.95,0.71,0.7,8,5,0.814,0.217,0.725,0.0,0.907,62.6,0.468
3.18,1.82,4.34,0.2,2.04,5.78,1.0,2.0,0.95,178.65,0.83,0.287,17,11,0.455,0.272,0.748,1.0,0.48,65.0,0.617
5.02,5.01,7.69,0.34,3.66,7.28,0.58,6.0,0.88,35.74,0.57,0.186,10,7,0.9,0.525,0.602,0.0,0.729,48.0,0.453
3.3,1.05,3.57,0.19,2.51,6.11,1.0,2.0,0.95,166.1,0.74,0.435,11,9,0.925,0.922,0.742,1.0,0.462,57.0,0.512
10.47,8.54,1.48,0.06,9.58,25.54,0.35,8.0,0.55,143.81,0.86,0.091,6,8,0.612,0.246,0.729,0.0,0.721,40.5,0.345
0.62,4.22,1.33,0.05,-0.52,1.55,0.82,4.0,1.0,116.89,0.78,0.124,13,9,0.598,0.325,0.887,1.0,0.772,63.6,0.48
0.36,1.21,16.31,0.71,-0.92,0.34,1.0,2.0,0.95,111.38,0.89,0.245,6,12,0.678,0.476,0.566,1.0,0.671,57.2,0.356
11.0,7.76,5.57,0.27,9.94,17.74,0.35,8.0,0.55,15.82,0.58,0.815,7,3,0.566,0.232,0.94,1.0,0.861,42.9,0.545
2.98,6.59,9.86,0.42,2.24,3.87,0.35,8.0,0.55,77.26,0.88,0.774,14,9,0.529,0.271,0.454,0.0,0.779,56.9,0.429
8.97,3.34,9.35,0.37,8.21,12.46,0.58,6.0,0.88,38.67,0.76,0.164,4,3,0.939,0.768,0.671,1.0,0.634,40.3,0.435
6.37,1.36,16.16,0.62,5.24,6.57,0.82,4.0,1.0,148.98,0.76,0.671,15,2,0.505,0.84,0.617,1.0,0.854,53.8,0.472
1.02,0.39,14.48,0.68,-0.53,0.99,1.0,2.0,0.95,78.41,0.65,0.948,14,9,0.602,0.514,0.811,0.0,0.854,53.3,0.395
4.96,3.17,6.8,0.27,3.85,8.0,0.58,6.0,0.88,86.29,0.57,0.228,3,10,0.532,0.306,0.464,0.0,0.459,46.8,0.389
6.99,2.3,15.15,0.83,5.7,5.92,0.82,4.0,1.0,175.7,0.97,0.896,10,10,0.961,0.042,0.776,1.0,0.715,64.2,0.649
3.25,0.92,11.35,0.55,1.82,3.61,1.0,2.0,0.95,179.12,0.66,0.443,7,10,0.627,0.027,0.442,0.0,0.893,64.6,0.598
0.41,0.44,0.07,0.0,0.04,1.17,0.35,8.0,0.55,24.75,0.57,0.274,6,1,0.737,0.235,0.817,1.0,0.971,69.4,0.655
1.85,0.87,15.29,0.8,0.08,1.61,1.0,2.0,0.95,155.88,0.68,0.87,6,5,0.879,0.824,0.92,0.0,0.834,63.8,0.414
4.42,0.95,1.05,0.05,3.67,11.05,1.0,2.0,0.95,131.52,0.71,0.731,2,3,0.696,0.92,0.47,0.0,0.5,59.5,0.342
8.58,2.28,7.09,0.26,7.9,14.07,0.58,6.0,0.88,134.07,0.9,0.954,12,3,0.897,0.275,0.451,1.0,0.733,54.4,0.588
4.3,2.01,9.66,0.44,3.27,5.44,0.58,6.0,0.88,115.12,0.85,0.726,14,10,0.904,0.12,0.496,1.0,0.355,52.6,0.582
4.66,0.29,13.68,0.5,3.69,5.48,1.0,2.0,0.95,81.63,0.67,0.745,1,8,0.577,0.812,0.51,0.0,0.443,47.2,0.4
1.95,1.91,13.87,0.71,0.37,1.84,0.82,4.0,1.0,157.02,0.64,0.274,11,1,0.511,0.276,0.673,1.0,0.583,67.4,0.593
1.23,6.16,0.91,0.05,0.63,3.08,0.35,8.0,0.55,17.36,0.99,0.553,13,3,0.791,0.268,0.753,0.0,0.743,67.2,0.48
5.0,3.84,5.13,0.27,3.66,8.06,0.58,6.0,0.88,116.3,0.73,0.923,8,2,0.958,0.97,0.602,1.0,0.776,49.8,0.411
4.48,6.81,8.3,0.44,3.2,5.67,0.35,8.0,0.55,21.52,0.97,0.262,18,3,0.947,0.491,0.786,1.0,0.523,47.7,0.539
0.5,4.42,11.36,0.6,-0.78,0.53,0.58,6.0,0.88,129.25,0.96,0.333,4,9,0.949,0.177,0.531,1.0,0.816,60.6,0.47
2.77,1.79,17.31,0.77,1.56,2.47,1.0,2.0,0.95,156.94,0.85,0.113,14,6,0.552,0.044,0.571,1.0,0.402,59.2,0.542
3.1,1.94,2.97,0.12,2.33,6.6,1.0,2.0,0.95,76.48,0.9,0.741,1,7,0.818,0.301,0.693,1.0,0.357,69.7,0.578
0.79,1.63,10.01,0.43,-0.0,1.01,1.0,2.0,0.95,17.48,0.56,0.507,17,7,0.611,0.361,0.869,0.0,0.719,62.6,0.542
2.56,8.43,10.41,0.37,1.83,3.56,0.35,8.0,0.55,114.05,0.73,0.6,17,11,0.664,0.659,0.585,1.0,0.694,52.9,0.556
7.66,6.33,16.85,0.68,6.59,7.44,0.58,6.0,0.88,7.1,0.91,0.779,5,6,0.86,0.529,0.54,0.0,0.475,43.3,0.364
4.46,5.53,17.17,0.84,3.12,3.75,0.35,8.0,0.55,19.24,0.94,0.087,17,6,0.897,0.29,0.723,0.0,0.93,48.7,0.485
3.5,4.35,16.84,0.64,1.92,3.54,0.82,4.0,1.0,80.76,0.9,0.324,16,10,0.893,0.626,0.509,0.0,0.941,55.6,0.462
4.98,1.11,11.98,0.62,3.92,5.13,1.0,2.0,0.95,9.74,0.57,0.921,8,7,0.485,0.311,0.664,1.0,0.416,49.4,0.452
6.2,0.09,14.26,0.78,5.16,5.49,0.58,6.0,0.88,149.06,0.65,0.106,6,12,0.512,0.825,0.741,1.0,0.927,36.5,0.463
6.32,3.4,10.27,0.54,4.97,7.1,0.82,4.0,1.0,101.43,0.88,0.124,5,8,0.857,0.939,0.555,0.0,0.756,46.5,0.41
3.8,3.44,16.55,0.62,2.67,3.92,0.58,6.0,0.88,101.84,0.95,0.405,18,12,0.889,0.206,0.63,1.0,0.741,56.6,0.572
5.14,1.4,10.63,0.51,3.99,5.98,1.0,2.0,0.95,179.19,0.6,0.226,1,9,0.868,0.223,0.703,0.0,0.881,55.0,0.466
6.31,7.08,10.45,0.45,5.55,7.89,0.35,8.0,0.55,69.11,0.74,0.636,4,7,0.837,0.574,0.729,0.0,0.809,49.1,0.453
3.83,1.13,11.41,0.46,2.8,4.73,1.0,2.0,0.95,83.16,0.96,0.332,18,12,0.675,0.84,0.661,1.0,0.728,55.2,0.501
2.74,5.87,14.5,0.63,1.83,2.8,0.35,8.0,0.55,84.3,0.57,0.824,17,3,0.552,0.731,0.853,0.0,0.878,52.3,0.381
8.96,6.1,16.68,0.66,7.68,8.87,0.35,8.0,0.55,102.11,0.73,0.371,2,8,0.58,0.819,0.925,1.0,0.515,29.3,0.4
1.77,6.42,17.91,0.65,0.75,1.77,0.58,6.0,0.88,46.24,0.55,0.366,15,11,0.747,0.167,0.765,0.0,0.969,64.0,0.562
4.56,3.6,6.01,0.24,3.38,7.73,0.82,4.0,1.0,72.91,0.89,0.102,17,9,0.564,0.814,0.418,0.0,0.874,50.0,0.428
2.5,0.46,11.92,0.63,0.99,2.55,1.0,2.0,0.95,42.02,0.69,0.643,16,5,0.923,0.454,0.77,1.0,0.691,63.3,0.53
8.76,1.44,10.97,0.45,7.36,10.95,0.35,8.0,0.55,69.13,0.67,0.451,2,10,0.583,0.418,0.482,1.0,0.957,37.5,0.425
2.18,5.87,1.02,0.04,1.68,5.59,0.35,8.0,0.55,152.8,0.72,0.86,14,8,0.483,0.677,0.759,1.0,0.425,64.2,0.507
6.9,3.8,10.77,0.43,6.18,8.85,0.58,6.0,0.88,146.18,0.96,0.873,18,11,0.968,0.15,0.446,0.0,0.975,56.9,0.487
0.67,6.07,6.93,0.26,-0.38,1.1,0.58,6.0,0.88,86.32,0.68,0.941,16,12,0.586,0.088,0.636,1.0,0.579,56.8,0.549
7.2,3.79,16.8,0.78,5.67,6.37,0.82,4.0,1.0,75.88,0.99,0.337,3,6,0.798,0.406,0.414,0.0,0.591,46.8,0.387
5.01,2.23,0.98,0.04,4.5,12.85,0.58,6.0,0.88,59.95,0.95,0.351,1,2,0.971,0.088,0.612,1.0,0.514,54.8,0.546
7.19,7.44,11.26,0.45,6.08,8.99,0.35,8.0,0.55,113.26,0.92,0.248,3,5,0.872,0.15,0.95,1.0,0.695,44.4,0.553
3.88,0.73,6.23,0.34,3.28,5.62,1.0,2.0,0.95,49.26,0.98,0.748,3,9,0.597,0.948,0.62,0.0,0.727,51.5,0.346
4.41,6.87,3.68,0.14,3.95,9.0,0.35,8.0,0.55,8.15,0.83,0.604,6,7,0.856,0.993,0.851,0.0,0.959,41.0,0.339
4.12,1.26,10.37,0.53,3.33,4.68,1.0,2.0,0.95,10.67,0.82,0.994,7,4,0.75,0.735,0.488,0.0,0.865,55.2,0.379
1.31,2.45,6.5,0.26,0.7,2.15,0.82,4.0,1.0,176.86,0.94,0.627,10,10,0.844,0.14,0.846,0.0,0.352,70.3,0.471
5.77,0.54,3.81,0.14,4.82,11.78,0.82,4.0,1.0,32.25,0.71,0.444,3,8,0.689,0.122,0.815,1.0,0.355,56.2,0.499
1.92,8.35,15.61,0.77,0.1,1.71,0.35,8.0,0.55,127.16,0.8,0.286,7,6,0.559,0.906,0.543,1.0,0.456,44.3,0.468
5.49,4.32,12.57,0.52,4.06,6.31,0.82,4.0,1.0,129.94,1.0,0.707,9,2,0.591,0.446,0.688,1.0,0.697,61.3,0.58
0.9,2.88,5.22,0.24,0.27,1.53,0.82,4.0,1.0,165.3,0.73,0.407,16,1,0.562,0.431,0.773,1.0,0.903,77.4,0.683
6.83,4.22,4.54,0.17,6.24,13.13,0.82,4.0,1.0,177.32,0.8,0.254,17,12,0.492,0.34,0.46,1.0,0.98,63.5,0.643
4.71,4.05,5.0,0.22,3.65,8.26,0.58,6.0,0.88,80.82,0.69,0.309,3,1,0.632,0.586,0.787,0.0,0.594,52.6,0.436
1.61,1.12,2.31,0.11,1.02,3.5,0.82,4.0,1.0,97.69,0.65,0.741,4,10,0.954,0.369,0.933,1.0,0.654,84.8,0.649
5.48,3.46,13.39,0.54,4.67,6.16,0.82,4.0,1.0,78.17,0.63,0.802,1,2,0.824,0.939,0.509,1.0,0.473,50.7,0.445
1.68,1.91,9.86,0.43,0.76,2.15,1.0,2.0,0.95,46.56,0.98,0.458,12,3,0.941,0.872,0.797,0.0,0.354,59.9,0.397
4.78,1.25,0.85,0.04,3.87,12.26,1.0,2.0,0.95,116.16,0.93,0.614,17,3,0.541,0.036,0.88,1.0,0.461,64.4,0.621
7.37,1.33,6.22,0.3,6.34,11.34,0.58,6.0,0.88,39.66,0.88,0.515,5,10,0.898,0.58,0.497,0.0,0.364,48.1,0.417
3.78,2.49,14.36,0.54,2.28,4.25,0.82,4.0,1.0,103.85,0.91,0.837,17,4,0.626,0.612,0.869,1.0,0.935,62.2,0.608
1.62,0.79,0.88,0.05,0.77,4.05,0.82,4.0,1.0,86.3,0.56,0.271,18,2,0.71,0.787,0.429,1.0,0.692,70.1,0.558
7.87,1.11,12.14,0.52,7.0,9.05,0.58,6.0,0.88,65.75,0.9,0.183,17,7,0.936,0.962,0.412,1.0,0.959,38.4,0.407
0.88,1.0,6.72,0.28,0.3,1.4,1.0,2.0,0.95,74.22,0.92,0.526,16,4,0.7,0.697,0.756,0.0,0.826,70.7,0.507
5.99,4.61,3.67,0.14,5.01,12.22,0.35,8.0,0.55,177.48,0.97,0.703,18,11,0.676,0.49,0.594,0.0,0.86,54.3,0.452
6.51,6.1,10.71,0.4,5.18,8.68,0.58,6.0,0.88,16.55,0.81,0.467,16,1,0.474,0.985,0.748,0.0,0.817,41.6,0.385
2.97,1.0,14.67,0.54,1.65,3.34,0.82,4.0,1.0,22.36,0.97,0.221,9,1,0.958,0.753,0.45,1.0,0.686,59.3,0.532
5.04,7.21,1.98,0.08,4.48,11.72,0.35,8.0,0.55,41.38,0.76,0.407,3,6,0.611,0.858,0.979,0.0,0.882,44.5,0.396
5.95,3.96,16.1,0.66,4.42,5.89,0.58,6.0,0.88,70.78,0.85,0.369,16,4,0.573,0.654,0.645,0.0,0.526,42.0,0.38
0.56,5.06,0.01,0.0,-0.15,1.6,0.58,6.0,0.88,160.52,0.92,0.055,14,4,0.744,0.181,0.886,0.0,0.45,61.2,0.421
1.08,3.42,11.26,0.49,-0.21,1.29,0.58,6.0,0.88,88.71,0.84,0.364,11,2,0.975,0.598,0.601,0.0,0.602,52.3,0.405
2.28,2.67,4.62,0.17,1.69,4.38,0.82,4.0,1.0,175.49,0.68,0.309,17,1,0.772,0.069,0.954,1.0,0.72,79.1,0.692
1.7,4.28,16.11,0.85,0.2,1.42,0.82,4.0,1.0,172.78,0.63,0.809,10,1,0.854,0.836,0.538,0.0,0.632,58.5,0.418
3.73,0.98,0.37,0.02,3.14,10.08,1.0,2.0,0.95,21.63,0.81,0.47,13,6,0.502,0.805,0.976,0.0,0.873,48.9,0.375
5.53,1.31,4.89,0.2,4.47,10.05,0.82,4.0,1.0,36.83,0.63,0.549,14,7,0.838,0.332,0.913,0.0,0.511,57.0,0.445
5.85,1.83,9.87,0.39,5.2,7.91,0.82,4.0,1.0,113.74,0.91,0.754,13,12,0.782,0.238,0.434,1.0,0.375,61.2,0.504
2.74,0.96,4.49,0.18,2.03,5.17,1.0,2.0,0.95,165.36,0.79,0.131,4,3,0.841,0.463,0.457,1.0,0.886,67.1,0.601
3.2,1.77,8.43,0.33,1.94,4.71,0.58,6.0,0.88,5.46,0.66,0.676,5,6,0.772,0.882,0.583,0.0,0.466,38.8,0.349
7.65,2.93,11.96,0.46,6.87,9.44,0.58,6.0,0.88,71.59,0.66,0.861,1,2,0.973,0.659,0.553,0.0,0.561,51.8,0.368
2.25,6.56,6.73,0.26,1.38,3.69,0.35,8.0,0.55,45.82,0.96,0.634,7,10,0.967,0.794,0.79,1.0,0.917,63.0,0.546
6.77,5.6,11.6,0.59,5.11,7.2,0.58,6.0,0.88,44.83,0.93,0.778,16,10,0.765,0.009,0.934,1.0,0.844,50.3,0.633
3.72,0.43,8.51,0.36,2.74,5.24,0.58,6.0,0.88,60.26,0.85,0.643,17,1,0.913,0.569,0.975,1.0,0.425,64.0,0.535
6.47,2.69,4.12,0.21,5.65,11.55,0.82,4.0,1.0,17.11,1.0,0.96,6,7,0.632,0.505,0.886,0.0,0.43,56.1,0.368
6.35,1.75,2.46,0.11,5.27,13.8,0.58,6.0,0.88,2.97,0.85,0.988,18,3,0.563,0.646,0.892,0.0,0.382,46.8,0.407
0.66,3.66,15.65,0.71,-0.92,0.62,0.82,4.0,1.0,5.04,0.75,0.567,12,4,0.573,0.76,0.597,1.0,0.789,44.9,0.364
7.15,4.13,10.0,0.44,6.3,9.05,0.82,4.0,1.0,20.96,0.78,0.566,8,4,0.651,0.563,0.464,0.0,0.867,50.6,0.431
3.68,3.46,13.53,0.62,2.65,3.79,0.58,6.0,0.88,110.85,0.87,0.247,5,3,0.501,0.758,0.72,0.0,0.644,47.2,0.327
4.63,1.82,15.82,0.74,3.22,4.25,1.0,2.0,0.95,174.46,0.92,0.133,5,6,0.503,0.104,0.717,0.0,0.533,56.8,0.417
3.4,0.7,17.89,0.71,1.9,3.21,1.0,2.0,0.95,159.13,0.95,0.75,13,3,0.632,0.411,0.883,0.0,0.656,65.4,0.431
9.27,4.57,8.63,0.42,8.06,12.04,0.58,6.0,0.88,174.33,0.7,0.377,6,4,0.977,0.047,0.476,1.0,0.966,49.4,0.631
1.37,8.72,5.6,0.2,0.36,2.49,0.35,8.0,0.55,36.29,0.91,0.958,12,2,0.88,0.623,0.662,0.0,0.928,61.0,0.444
3.51,3.72,15.09,0.54,1.93,3.94,0.82,4.0,1.0,104.96,0.88,0.451,16,7,0.784,0.126,0.768,0.0,0.808,58.4,0.545
0.89,0.39,11.03,0.58,-0.75,0.96,0.82,4.0,1.0,138.34,0.73,0.096,11,3,0.794,0.047,0.74,1.0,0.916,60.8,0.49
1.16,1.36,15.15,0.7,-0.19,1.1,0.58,6.0,0.88,114.66,0.61,0.784,17,4,0.888,0.906,0.828,0.0,0.455,46.5,0.266
5.19,3.62,16.72,0.73,3.36,4.81,0.58,6.0,0.88,108.55,0.88,0.464,15,8,0.871,0.314,0.524,1.0,0.956,58.7,0.596
1.67,0.56,1.31,0.05,0.71,4.17,1.0,2.0,0.95,62.96,0.66,0.481,3,2,0.665,0.727,0.554,1.0,0.693,75.2,0.608
1.52,2.85,4.8,0.23,0.55,2.62,0.82,4.0,1.0,53.54,0.75,0.814,10,9,0.611,0.355,0.786,1.0,0.54,70.3,0.628
1.19,1.65,2.53,0.1,0.76,2.64,0.82,4.0,1.0,25.59,0.87,0.506,8,4,0.868,0.085,0.536,0.0,0.628,72.3,0.567
5.2,0.33,13.2,0.61,4.12,5.42,1.0,2.0,0.95,133.68,0.98,0.925,11,12,0.753,0.112,0.521,0.0,0.878,57.3,0.486
5.27,7.58,3.92,0.14,4.06,10.76,0.35,8.0,0.55,84.03,0.56,0.86,7,5,0.662,0.395,0.43,1.0,0.567,55.3,0.5
4.56,0.24,11.87,0.49,3.01,5.43,1.0,2.0,0.95,99.72,0.62,0.938,3,9,0.895,0.211,0.933,1.0,0.358,57.7,0.547
3.46,2.43,7.04,0.37,2.76,4.81,0.58,6.0,0.88,17.42,0.74,0.488,17,6,0.659,0.98,0.636,0.0,0.646,48.2,0.381
5.18,3.86,3.19,0.16,4.34,10.16,0.82,4.0,1.0,23.92,0.96,0.306,12,7,0.91,0.986,0.448,1.0,0.723,46.9,0.415
0.71,0.61,13.49,0.66,-0.42,0.7,1.0,2.0,0.95,59.73,0.7,0.053,5,11,0.525,0.073,0.758,1.0,0.703,51.7,0.45
5.29,1.93,4.41,0.19,4.41,9.8,1.0,2.0,0.95,128.82,0.56,0.588,5,11,0.939,0.152,0.423,1.0,0.902,65.7,0.624
0.86,7.04,14.71,0.67,-0.51,0.84,0.35,8.0,0.55,126.02,0.62,0.206,14,8,0.603,0.684,0.411,0.0,0.727,45.5,0.291
2.69,3.76,10.45,0.47,1.66,3.28,0.82,4.0,1.0,149.59,0.71,0.067,4,3,0.498,0.364,0.932,0.0,0.424,57.6,0.407
3.44,1.17,7.73,0.38,2.76,4.71,0.82,4.0,1.0,86.65,0.7,0.463,10,1,0.562,0.086,0.699,0.0,0.425,64.2,0.466
9.07,4.99,8.89,0.49,7.6,10.8,0.58,6.0,0.88,68.75,0.99,0.205,13,12,0.841,0.906,0.851,1.0,0.904,40.5,0.384
9.54,5.26,14.37,0.79,7.68,8.37,0.35,8.0,0.55,147.32,0.88,0.101,6,3,0.972,0.503,0.853,0.0,0.955,42.6,0.433
10.12,4.47,9.51,0.5,9.03,11.91,0.35,8.0,0.55,122.76,0.97,0.895,6,9,0.633,0.955,0.826,0.0,0.548,35.9,0.32
1.5,2.28,17.04,0.9,-0.35,1.2,0.35,8.0,0.55,168.04,0.66,0.473,15,11,0.536,0.912,0.809,0.0,0.378,35.7,0.27
0.83,4.31,5.29,0.2,-0.37,1.51,0.58,6.0,0.88,80.77,0.83,0.265,15,8,0.839,0.513,0.448,1.0,0.67,55.2,0.524
4.17,1.91,3.07,0.12,3.33,8.87,1.0,2.0,0.95,81.59,0.68,0.092,4,5,0.715,0.104,0.404,1.0,0.657,60.1,0.575
2.01,2.07,10.98,0.42,1.23,2.61,1.0,2.0,0.95,22.41,0.84,0.483,2,11,0.483,0.555,0.564,0.0,0.544,57.1,0.413
1.99,3.45,12.45,0.46,1.02,2.46,0.82,4.0,1.0,139.86,0.82,0.34,11,11,0.977,0.576,0.845,1.0,0.437,75.0,0.655
9.51,4.05,1.84,0.09,8.51,21.61,0.35,8.0,0.55,51.83,0.73,0.406,15,9,0.632,0.419,0.797,0.0,0.588,42.4,0.324
0.84,0.92,9.32,0.39,-0.12,1.14,1.0,2.0,0.95,158.44,0.69,0.91,4,7,0.727,0.301,0.718,1.0,0.606,60.8,0.581
1.59,0.43,2.21,0.12,1.08,3.38,0.82,4.0,1.0,166.46,0.97,0.547,4,5,0.753,0.773,0.557,0.0,0.403,78.3,0.433
3.68,1.8,8.41,0.34,3.01,5.33,1.0,2.0,0.95,57.77,0.76,0.464,9,3,0.55,0.501,0.508,0.0,0.459,54.5,0.435
2.23,3.44,13.49,0.58,1.38,2.4,0.82,4.0,1.0,90.65,0.81,0.488,12,8,0.593,0.193,0.802,0.0,0.558,64.9,0.475
1.03,1.56,11.24,0.59,-0.08,1.1,0.35,8.0,0.55,143.15,0.68,0.435,5,1,0.706,0.699,0.732,0.0,0.433,48.3,0.318
4.06,1.17,7.88,0.43,2.63,5.21,1.0,2.0,0.95,169.68,0.66,0.836,10,12,0.597,0.231,0.655,1.0,0.901,61.5,0.566
3.89,2.1,12.95,0.61,2.43,4.05,1.0,2.0,0.95,107.94,0.57,0.181,10,5,0.451,0.923,0.661,0.0,0.615,42.4,0.313
6.0,1.99,12.32,0.5,5.0,7.06,0.58,6.0,0.88,175.53,0.82,0.301,15,6,0.493,0.234,0.685,0.0,0.603,50.3,0.472
0.58,4.77,14.39,0.75,-1.0,0.53,0.35,8.0,0.55,28.09,0.98,0.065,6,10,0.7,0.009,0.77,0.0,0.744,41.4,0.281
0.38,0.69,3.26,0.17,-0.15,0.73,0.82,4.0,1.0,99.47,0.73,0.07,11,9,0.884,0.774,0.925,0.0,0.493,63.9,0.373
1.61,0.52,13.85,0.63,0.68,1.64,0.58,6.0,0.88,40.14,0.79,0.662,3,5,0.851,0.584,0.745,0.0,0.974,58.2,0.484
1.26,2.23,13.09,0.59,-0.31,1.34,0.82,4.0,1.0,72.34,0.82,0.589,3,1,0.719,0.094,0.695,0.0,0.442,59.2,0.376
3.54,3.32,5.72,0.21,2.35,6.32,0.82,4.0,1.0,16.36,0.67,0.679,10,5,0.687,0.154,0.416,0.0,0.9,61.3,0.561
9.29,6.81,2.98,0.15,8.6,18.58,0.35,8.0,0.55,123.56,0.75,0.08,16,5,0.723,0.806,0.776,0.0,0.843,36.7,0.304
1.39,0.27,16.28,0.58,0.52,1.49,0.82,4.0,1.0,119.26,0.92,0.793,8,1,0.789,0.455,0.541,1.0,0.82,74.4,0.666
5.67,2.94,8.76,0.46,4.34,7.0,0.58,6.0,0.88,132.82,0.76,0.273,8,6,0.978,0.502,0.689,0.0,0.466,50.9,0.448
7.5,0.42,7.86,0.31,6.36,11.36,0.58,6.0,0.88,83.61,0.89,0.954,6,8,0.948,0.886,0.469,0.0,0.641,44.8,0.303
4.88,1.76,6.36,0.32,3.75,7.28,1.0,2.0,0.95,136.28,0.7,0.16,15,12,0.58,0.974,0.488,0.0,0.65,49.3,0.396
0.68,1.01,11.49,0.54,-0.44,0.76,1.0,2.0,0.95,83.81,0.68,0.285,4,1,0.922,0.453,0.576,1.0,0.514,61.1,0.493
4.4,1.11,2.24,0.1,3.52,9.78,1.0,2.0,0.95,94.45,0.93,0.726,2,4,0.46,0.166,0.566,0.0,0.488,62.6,0.424
3.23,0.53,2.17,0.09,2.21,7.34,1.0,2.0,0.95,23.43,0.69,0.347,1,4,0.777,0.194,0.851,0.0,0.671,61.0,0.43
2.82,0.74,16.59,0.74,1.64,2.59,0.58,6.0,0.88,28.88,0.87,0.401,1,5,0.742,0.515,0.898,0.0,0.836,53.2,0.459
2.9,6.12,11.56,0.6,1.34,3.05,0.35,8.0,0.55,95.48,0.83,0.186,17,4,0.918,0.701,0.734,1.0,0.483,52.6,0.501
2.34,2.47,7.72,0.34,1.4,3.39,0.35,8.0,0.55,36.98,0.57,0.261,3,7,0.757,0.913,0.838,1.0,0.652,48.6,0.445
9.79,7.22,4.91,0.24,9.25,16.59,0.35,8.0,0.55,99.14,0.59,0.151,9,11,0.538,0.778,0.502,1.0,0.909,39.1,0.479
3.06,0.34,9.06,0.46,2.16,3.78,1.0,2.0,0.95,25.36,0.84,0.502,6,8,0.816,0.831,0.492,1.0,0.881,46.1,0.508
2.08,3.81,12.62,0.62,1.15,2.14,0.82,4.0,1.0,70.73,0.98,0.272,6,7,0.695,0.757,0.861,1.0,0.433,65.8,0.488
4.08,2.36,12.64,0.6,2.9,4.29,0.58,6.0,0.88,132.08,0.84,0.468,2,10,0.652,0.538,0.551,1.0,0.842,54.7,0.538
8.1,6.67,7.21,0.37,7.37,11.25,0.35,8.0,0.55,18.62,0.77,0.764,13,1,0.623,0.756,0.746,0.0,0.404,39.3,0.257
6.38,8.56,2.1,0.08,5.34,14.84,0.35,8.0,0.55,29.85,0.73,0.503,9,2,0.761,0.485,0.832,0.0,0.924,48.7,0.371
3.57,0.55,12.13,0.62,1.87,3.68,1.0,2.0,0.95,47.96,0.68,0.401,12,12,0.963,0.769,0.929,0.0,0.63,61.3,0.454
2.42,3.52,14.7,0.58,1.2,2.6,0.82,4.0,1.0,147.18,0.76,0.073,13,9,0.655,0.568,0.735,1.0,0.429,60.6,0.563
1.48,0.97,17.53,0.66,0.41,1.47,1.0,2.0,0.95,68.9,0.92,0.174,7,1,0.739,0.518,0.847,0.0,0.728,63.6,0.531
7.12,4.15,16.17,0.8,5.39,6.19,0.82,4.0,1.0,173.59,0.9,0.156,14,8,0.49,0.173,0.924,0.0,0.457,50.4,0.467
3.48,0.46,7.55,0.29,2.28,5.44,1.0,2.0,0.95,156.01,0.68,0.513,6,9,0.547,0.913,0.547,0.0,0.896,51.5,0.416
0.57,0.58,0.84,0.03,-0.17,1.5,1.0,2.0,0.95,91.06,0.84,0.196,16,10,0.661,0.419,0.929,1.0,0.673,64.2,0.61
2.24,6.58,0.9,0.04,1.21,5.74,0.35,8.0,0.55,86.65,0.59,0.513,18,5,0.731,0.303,0.779,1.0,0.662,69.1,0.674
3.22,1.8,1.23,0.06,2.48,7.85,1.0,2.0,0.95,176.6,1.0,0.762,12,4,0.868,0.336,0.926,1.0,0.375,77.8,0.631
6.15,6.03,15.25,0.61,5.24,6.41,0.58,6.0,0.88,158.48,0.57,0.489,6,9,0.69,0.814,0.753,1.0,0.454,44.1,0.48
9.11,5.81,5.78,0.3,8.41,14.02,0.35,8.0,0.55,111.83,0.95,0.821,6,3,0.958,0.169,0.556,1.0,0.777,50.7,0.537
6.07,1.67,0.24,0.01,5.35,16.86,0.58,6.0,0.88,60.79,0.9,0.496,15,3,0.576,0.375,0.787,0.0,0.705,62.0,0.456
2.45,1.22,7.21,0.36,1.2,3.45,1.0,2.0,0.95,112.63,0.68,0.628,2,8,0.561,0.72,0.499,0.0,0.665,62.9,0.386
1.12,5.6,13.85,0.66,0.19,1.11,0.35,8.0,0.55,129.77,0.82,0.917,12,7,0.626,0.665,0.588,1.0,0.703,57.3,0.544
6.13,2.39,15.07,0.6,5.25,6.45,0.82,4.0,1.0,25.81,0.93,0.272,12,2,0.493,0.488,0.574,1.0,0.469,47.6,0.534
2.15,0.59,17.34,0.76,0.58,1.94,1.0,2.0,0.95,143.33,0.67,0.37,4,8,0.649,0.191,0.654,1.0,0.935,59.8,0.661
3.34,1.37,11.61,0.45,2.43,4.17,0.58,6.0,0.88,123.43,0.99,0.149,6,7,0.628,0.528,0.813,1.0,0.577,53.4,0.551
6.7,2.62,12.0,0.43,5.23,8.59,0.82,4.0,1.0,151.37,0.74,0.448,2,10,0.664,0.078,0.733,1.0,0.53,52.9,0.55
0.95,2.84,17.89,0.7,-0.25,0.9,0.82,4.0,1.0,84.13,0.95,0.927,15,1,0.66,0.521,0.77,1.0,0.815,65.2,0.547
2.58,3.49,15.51,0.74,0.79,2.37,0.82,4.0,1.0,43.23,0.62,0.493,12,5,0.494,0.96,0.821,1.0,0.618,48.2,0.445
5.14,0.79,16.99,0.78,3.78,4.55,1.0,2.0,0.95,160.02,0.83,0.561,18,1,0.886,0.126,0.973,0.0,0.367,62.1,0.447
6.19,1.89,13.71,0.66,4.67,6.13,0.82,4.0,1.0,74.81,0.73,0.702,10,10,0.863,0.862,0.538,1.0,0.557,51.0,0.433
5.54,1.03,11.77,0.57,4.51,6.02,0.82,4.0,1.0,29.53,0.93,0.536,6,9,0.875,0.962,0.501,0.0,0.943,45.4,0.355
2.25,3.32,8.07,0.32,1.61,3.36,0.58,6.0,0.88,103.0,0.56,0.852,3,1,0.471,0.205,0.497,1.0,0.601,71.4,0.625
2.97,1.15,7.31,0.36,1.77,4.18,1.0,2.0,0.95,165.57,0.81,0.116,5,8,0.818,0.778,0.6,0.0,0.894,62.3,0.429
2.88,3.35,2.77,0.11,2.03,6.26,0.82,4.0,1.0,66.36,0.64,0.243,11,10,0.97,0.156,0.679,1.0,0.895,71.6,0.707
2.21,1.24,13.54,0.68,0.83,2.15,0.35,8.0,0.55,21.47,0.85,0.776,16,11,0.474,0.439,0.838,1.0,0.544,53.0,0.485
3.31,1.07,13.38,0.74,1.85,3.04,0.35,8.0,0.55,154.43,0.64,0.932,7,4,0.511,0.319,0.796,1.0,0.727,53.9,0.501
3.55,5.64,15.11,0.55,2.56,3.94,0.35,8.0,0.55,64.02,0.68,0.411,18,12,0.84,0.695,0.706,0.0,0.929,47.1,0.423
7.17,0.62,9.53,0.52,5.71,8.24,0.82,4.0,1.0,53.6,0.83,0.851,14,4,0.92,0.366,0.606,0.0,0.393,51.4,0.418
1.7,1.51,12.87,0.6,0.58,1.79,1.0,2.0,0.95,159.54,0.7,0.397,1,2,0.86,0.388,0.558,1.0,0.387,68.0,0.593
9.23,2.41,11.93,0.5,8.26,10.86,0.58,6.0,0.88,28.31,0.97,0.054,2,11,0.853,0.504,0.786,0.0,0.748,36.7,0.395
0.6,2.57,2.37,0.12,-0.55,1.28,0.35,8.0,0.55,145.2,0.55,0.322,18,8,0.773,0.354,0.447,0.0,0.682,51.8,0.322
2.83,4.15,12.74,0.46,1.68,3.49,0.82,4.0,1.0,146.67,0.63,0.636,11,5,0.6,0.095,0.451,1.0,0.957,65.5,0.608
4.78,3.09,14.55,0.66,3.38,4.73,0.82,4.0,1.0,7.87,1.0,0.842,9,11,0.724,0.492,0.815,1.0,0.828,56.1,0.608
7.12,2.8,10.36,0.39,5.73,9.62,0.82,4.0,1.0,16.71,0.94,0.654,2,5,0.696,0.023,0.578,0.0,0.79,49.0,0.455
3.65,1.13,3.06,0.14,2.8,7.45,0.82,4.0,1.0,83.89,0.88,0.255,8,3,0.819,0.395,0.862,0.0,0.562,63.4,0.505
5.19,3.03,16.23,0.65,4.17,5.19,0.58,6.0,0.88,171.24,0.94,0.118,14,5,0.675,0.363,0.852,0.0,0.507,45.8,0.403
7.12,5.94,1.53,0.07,6.66,16.95,0.58,6.0,0.88,39.75,0.77,0.853,4,12,0.944,0.276,0.557,0.0,0.373,55.3,0.441
4.56,1.31,14.45,0.55,3.73,5.07,1.0,2.0,0.95,105.22,0.73,0.069,17,8,0.915,0.404,0.569,1.0,0.585,55.9,0.514
2.86,3.75,7.92,0.34,1.87,4.14,0.82,4.0,1.0,67.19,0.75,0.78,10,5,0.964,0.581,0.687,1.0,0.365,66.6,0.508
1.54,2.72,7.94,0.33,0.84,2.26,0.58,6.0,0.88,35.29,0.93,0.136,13,1,0.775,0.891,0.501,0.0,0.965,61.1,0.437
2.01,0.19,16.48,0.81,0.68,1.73,0.58,6.0,0.88,158.85,0.75,0.259,6,5,0.477,0.59,0.7,0.0,0.586,57.8,0.487
4.12,3.12,3.93,0.17,3.16,7.92,0.35,8.0,0.55,164.49,0.99,0.668,7,1,0.913,0.717,0.652,1.0,0.671,59.4,0.566
3.1,5.36,14.31,0.54,1.54,3.48,0.58,6.0,0.88,106.45,0.58,0.692,18,10,0.709,0.635,0.771,1.0,0.825,62.9,0.625
5.09,1.49,12.18,0.46,4.11,6.28,1.0,2.0,0.95,155.82,0.97,0.548,7,7,0.732,0.41,0.762,1.0,0.547,57.5,0.491
9.02,2.36,14.46,0.78,7.2,7.98,0.58,6.0,0.88,145.57,0.83,0.166,17,7,0.871,0.606,0.621,0.0,0.404,44.4,0.365
2.86,1.63,7.89,0.41,1.81,3.76,1.0,2.0,0.95,3.4,0.59,0.227,14,9,0.563,0.117,0.84,0.0,0.758,48.3,0.394
2.28,1.93,1.24,0.07,1.43,5.43,1.0,2.0,0.95,177.33,0.74,0.06,9,4,0.627,0.152,0.635,0.0,0.813,76.8,0.588
6.85,0.6,13.22,0.53,5.5,7.78,0.58,6.0,0.88,32.81,0.87,0.081,16,4,0.517,0.95,0.612,0.0,0.426,29.6,0.29
6.5,2.26,10.15,0.39,5.81,8.78,0.82,4.0,1.0,74.93,0.66,0.81,3,8,0.523,0.945,0.828,1.0,0.879,47.3,0.501
4.42,1.18,6.95,0.26,3.52,7.25,1.0,2.0,0.95,4.88,0.58,0.56,18,4,0.635,0.683,0.575,1.0,0.578,46.1,0.471
7.3,0.7,5.26,0.23,6.0,12.59,0.82,4.0,1.0,104.77,0.77,0.293,4,4,0.64,0.847,0.412,1.0,0.525,41.5,0.472
3.18,7.79,1.97,0.08,2.27,7.4,0.35,8.0,0.55,125.14,0.83,0.307,14,9,0.816,0.189,0.571,1.0,0.92,64.7,0.656
5.41,0.1,8.43,0.44,4.7,6.85,0.58,6.0,0.88,149.24,0.89,0.858,12,11,0.976,0.277,0.711,0.0,0.461,53.6,0.457
8.0,1.18,9.97,0.54,6.57,8.99,0.35,8.0,0.55,157.61,0.61,0.218,7,12,0.837,0.284,0.923,1.0,0.91,42.2,0.551
2.44,1.1,11.53,0.62,0.86,2.52,1.0,2.0,0.95,153.43,0.98,0.233,14,4,0.834,0.295,0.884,1.0,0.415,70.7,0.604
2.72,3.86,17.95,0.64,1.67,2.75,0.82,4.0,1.0,42.77,0.99,0.371,9,10,0.902,0.126,0.581,1.0,0.678,66.2,0.66
1.54,3.96,15.28,0.57,0.53,1.67,0.82,4.0,1.0,6.68,0.98,0.223,15,5,0.795,0.64,0.404,0.0,0.676,53.7,0.365
10.24,3.02,15.87,0.59,8.79,10.89,0.35,8.0,0.55,131.63,0.61,0.223,3,11,0.921,0.668,0.968,0.0,0.371,34.1,0.312
5.08,1.27,17.38,0.62,4.05,5.24,0.82,4.0,1.0,122.67,0.8,0.659,18,5,0.648,0.768,0.522,0.0,0.85,53.4,0.389
3.02,1.78,6.8,0.29,1.94,4.72,0.35,8.0,0.55,35.59,0.94,0.532,10,10,0.488,0.577,0.714,1.0,0.887,50.8,0.488
3.04,2.11,5.77,0.23,2.05,5.24,0.58,6.0,0.88,90.64,0.64,0.861,10,3,0.737,0.089,0.775,1.0,0.419,67.7,0.597
6.17,0.85,9.22,0.5,5.35,7.26,0.82,4.0,1.0,62.37,0.88,0.41,6,5,0.771,0.464,0.403,1.0,0.777,52.9,0.543
5.11,2.05,4.69,0.26,3.86,8.38,1.0,2.0,0.95,68.08,0.67,0.519,12,2,0.968,0.928,0.646,1.0,0.965,60.0,0.529
2.84,0.92,4.47,0.16,2.08,5.57,0.82,4.0,1.0,148.23,0.65,0.337,11,7,0.898,0.109,0.802,0.0,0.448,70.9,0.49
3.41,2.17,8.76,0.48,2.2,4.11,1.0,2.0,0.95,81.65,0.99,0.828,14,2,0.539,0.565,0.718,0.0,0.495,66.1,0.432
3.84,5.28,15.18,0.64,2.32,3.88,0.58,6.0,0.88,38.43,0.81,0.403,6,10,0.503,0.286,0.745,1.0,0.952,54.7,0.59
4.73,2.31,4.04,0.16,4.25,9.27,0.82,4.0,1.0,71.56,0.85,0.451,9,5,0.863,0.448,0.972,1.0,0.476,58.3,0.483
5.37,0.92,4.56,0.17,4.39,10.33,1.0,2.0,0.95,177.36,0.73,0.623,3,9,0.829,0.467,0.433,0.0,0.566,60.8,0.459
3.34,7.21,6.31,0.3,2.3,5.14,0.35,8.0,0.55,105.77,0.94,0.607,10,12,0.92,0.602,0.767,0.0,0.883,60.6,0.438
1.24,1.2,16.09,0.76,-0.02,1.12,0.35,8.0,0.55,16.57,0.63,0.208,11,9,0.75,0.777,0.527,1.0,0.369,34.2,0.412
4.49,1.86,16.36,0.69,2.72,4.32,0.58,6.0,0.88,8.59,0.69,0.875,6,5,0.663,0.834,0.47,0.0,0.692,37.2,0.339
10.4,3.55,15.69,0.83,9.04,8.81,0.35,8.0,0.55,93.13,0.55,0.463,15,1,0.592,0.676,0.475,1.0,0.87,42.3,0.415
2.65,2.97,14.94,0.68,1.59,2.57,0.82,4.0,1.0,118.26,0.62,0.86,17,5,0.878,0.503,0.681,0.0,0.689,68.5,0.467
1.04,1.2,2.68,0.13,0.34,2.17,0.58,6.0,0.88,64.33,0.95,0.244,16,1,0.824,0.146,0.483,1.0,0.438,69.7,0.67
3.08,0.53,15.23,0.55,1.6,3.42,0.82,4.0,1.0,97.0,0.58,0.354,4,7,0.536,0.621,0.563,1.0,0.927,58.7,0.612
3.28,0.6,2.12,0.1,2.41,7.29,1.0,2.0,0.95,93.57,0.99,0.802,12,7,0.833,0.122,0.868,1.0,0.699,75.0,0.656
6.22,2.96,13.2,0.63,4.96,6.35,0.35,8.0,0.55,61.82,0.65,0.249,8,11,0.657,0.076,0.755,0.0,0.429,42.4,0.367
11.33,5.58,12.99,0.48,9.93,13.65,0.35,8.0,0.55,52.8,0.61,0.973,7,7,0.734,0.449,0.704,0.0,0.635,40.2,0.373
5.27,3.62,8.21,0.3,4.05,8.11,0.58,6.0,0.88,124.87,0.57,0.845,11,5,0.623,0.318,0.626,1.0,0.822,54.4,0.522
1.43,1.38,14.33,0.55,-0.12,1.59,1.0,2.0,0.95,39.52,0.58,0.32,6,2,0.48,0.492,0.835,0.0,0.919,48.1,0.406
3.91,0.25,13.62,0.69,2.8,3.76,0.82,4.0,1.0,139.43,0.93,0.59,7,12,0.712,0.471,0.827,0.0,0.401,59.8,0.445
4.78,3.91,1.22,0.06,4.46,11.66,0.82,4.0,1.0,52.87,0.95,0.888,1,11,0.743,0.322,0.936,1.0,0.795,67.8,0.566
5.41,1.35,9.69,0.49,3.83,6.44,1.0,2.0,0.95,105.21,0.89,0.642,18,3,0.86,0.561,0.451,0.0,0.783,61.0,0.427
4.37,3.66,16.52,0.65,2.83,4.37,0.82,4.0,1.0,150.4,0.64,0.718,3,5,0.831,0.062,0.689,1.0,0.398,57.4,0.548
1.32,5.91,5.75,0.3,0.68,2.03,0.35,8.0,0.55,15.31,0.73,0.958,10,11,0.926,0.799,0.918,0.0,0.453,58.3,0.428
8.64,5.12,16.41,0.77,7.04,7.71,0.35,8.0,0.55,178.21,0.64,0.667,2,2,0.931,0.039,0.794,0.0,0.929,45.7,0.424
5.03,3.89,12.11,0.46,4.07,6.21,0.82,4.0,1.0,133.79,0.78,0.811,3,10,0.922,0.309,0.472,0.0,0.543,61.6,0.44
2.62,1.96,4.8,0.19,2.1,4.85,0.58,6.0,0.88,90.28,0.7,0.3,16,1,0.532,0.584,0.694,0.0,0.401,61.4,0.415
3.43,0.25,5.26,0.26,2.42,5.62,1.0,2.0,0.95,138.93,0.87,0.216,8,5,0.927,0.028,0.834,0.0,0.969,64.8,0.528
5.9,2.6,1.91,0.07,4.93,14.05,0.58,6.0,0.88,77.44,0.8,0.318,3,9,0.698,0.784,0.857,1.0,0.405,52.1,0.46
8.18,4.98,7.51,0.3,7.61,12.58,0.35,8.0,0.55,32.29,0.81,0.399,18,11,0.497,0.949,0.799,1.0,0.39,34.1,0.373
2.81,2.63,3.22,0.17,2.1,5.4,0.82,4.0,1.0,22.61,0.74,0.203,11,2,0.62,0.152,0.861,0.0,0.971,60.6,0.564
4.59,0.64,10.15,0.47,3.83,5.6,1.0,2.0,0.95,55.5,0.84,0.754,3,8,0.847,0.014,0.55,0.0,0.829,58.2,0.548
6.58,7.24,5.97,0.31,5.83,9.97,0.35,8.0,0.55,31.44,0.89,0.879,10,2,0.573,0.679,0.587,0.0,0.893,49.9,0.357
3.78,2.12,0.51,0.03,3.32,9.95,0.82,4.0,1.0,98.6,0.64,0.814,1,7,0.542,0.31,0.448,1.0,0.648,62.6,0.584
1.55,4.38,15.35,0.74,0.24,1.42,0.82,4.0,1.0,57.47,0.7,0.316,10,10,0.932,0.715,0.776,0.0,0.88,67.8,0.504
8.48,5.75,11.27,0.45,7.61,10.6,0.35,8.0,0.55,43.04,0.67,0.065,2,11,0.802,0.918,0.597,0.0,0.666,26.1,0.261
2.51,0.07,15.72,0.82,1.31,2.15,0.58,6.0,0.88,171.28,0.79,0.082,9,10,0.483,0.569,0.894,1.0,0.837,57.4,0.512
0.83,3.59,15.02,0.56,-0.57,0.91,0.82,4.0,1.0,69.82,0.94,0.385,13,9,0.631,0.658,0.896,0.0,0.356,53.6,0.278
7.26,6.3,12.14,0.51,5.91,8.44,0.58,6.0,0.88,82.08,0.72,0.252,6,12,0.598,0.325,0.717,1.0,0.903,48.6,0.509
3.59,0.15,13.14,0.71,2.24,3.39,1.0,2.0,0.95,163.02,0.97,0.311,1,8,0.885,0.788,0.865,1.0,0.748,56.8,0.46
5.89,3.77,7.94,0.39,4.54,7.96,0.82,4.0,1.0,131.27,0.74,0.216,12,6,0.567,0.761,0.893,1.0,0.894,56.3,0.481
1.55,6.5,14.85,0.68,-0.06,1.5,0.58,6.0,0.88,168.49,0.62,0.999,2,1,0.521,0.574,0.687,1.0,0.89,50.9,0.481
3.64,0.45,10.09,0.37,2.79,5.06,1.0,2.0,0.95,175.76,0.79,0.516,16,12,0.724,0.261,0.479,0.0,0.568,61.7,0.529
3.99,0.39,7.81,0.39,2.81,5.39,1.0,2.0,0.95,106.2,0.94,0.724,10,2,0.655,0.233,0.917,1.0,0.901,67.5,0.651
3.82,2.75,11.02,0.42,2.52,4.96,0.82,4.0,1.0,37.37,0.85,0.828,1,6,0.645,0.081,0.966,1.0,0.817,60.8,0.646
8.29,1.29,13.32,0.74,7.11,7.61,0.58,6.0,0.88,112.98,0.8,0.394,18,9,0.89,0.691,0.7,1.0,0.533,45.6,0.458
1.15,1.19,16.65,0.86,0.02,0.95,0.82,4.0,1.0,176.5,0.57,0.151,1,4,0.772,0.07,0.773,0.0,0.66,64.6,0.525
2.23,7.5,16.31,0.79,0.93,1.96,0.35,8.0,0.55,133.05,0.68,0.942,11,4,0.61,0.261,0.837,1.0,0.963,68.3,0.581
6.75,2.46,9.51,0.41,6.01,8.88,0.82,4.0,1.0,72.16,0.65,0.484,3,10,0.919,0.684,0.711,0.0,0.659,55.1,0.45
1.71,3.38,6.28,0.3,0.71,2.63,0.35,8.0,0.55,79.39,0.78,0.443,18,8,0.544,0.209,0.902,0.0,0.681,60.6,0.517
1.03,5.38,4.3,0.16,0.21,2.02,0.35,8.0,0.55,125.6,0.56,0.411,11,9,0.622,0.181,0.613,0.0,0.454,62.1,0.447
2.96,1.13,11.66,0.46,1.63,3.65,1.0,2.0,0.95,147.56,0.89,0.798,9,4,0.799,0.522,0.502,0.0,0.657,66.7,0.452
3.37,0.61,5.04,0.18,2.49,6.36,1.0,2.0,0.95,170.17,0.84,0.907,3,12,0.557,0.867,0.572,0.0,0.606,59.3,0.435
1.41,1.95,4.69,0.24,0.3,2.39,0.35,8.0,0.55,86.03,0.63,0.779,11,6,0.85,0.75,0.627,1.0,0.747,60.1,0.507
4.59,3.03,1.99,0.08,3.62,10.67,0.58,6.0,0.88,164.91,0.8,0.187,7,10,0.896,0.414,0.479,1.0,0.793,61.1,0.53
2.99,1.86,3.25,0.12,2.38,6.36,1.0,2.0,0.95,119.07,0.67,0.441,5,6,0.459,0.429,0.51,0.0,0.649,63.9,0.444
8.1,1.37,13.6,0.67,7.08,7.94,0.58,6.0,0.88,19.46,0.73,0.1,2,11,0.908,0.608,0.591,0.0,0.858,37.5,0.389
2.77,2.15,0.89,0.04,1.9,7.1,0.35,8.0,0.55,169.77,0.77,0.503,10,10,0.556,0.393,0.532,0.0,0.413,53.7,0.385
1.21,1.84,10.66,0.41,-0.11,1.59,1.0,2.0,0.95,111.95,0.89,0.702,7,5,0.932,0.613,0.908,1.0,0.526,62.4,0.536
2.95,2.75,14.56,0.68,1.69,2.86,0.82,4.0,1.0,144.46,0.88,0.327,14,3,0.89,0.455,0.447,0.0,0.936,66.2,0.455
3.43,2.59,7.42,0.33,2.69,5.04,0.82,4.0,1.0,27.35,0.87,0.661,15,6,0.763,0.811,0.573,1.0,0.652,47.6,0.497
2.41,1.52,17.26,0.68,1.15,2.34,0.58,6.0,0.88,141.68,0.76,0.146,14,3,0.694,0.15,0.872,0.0,0.713,64.1,0.456
2.81,0.39,8.38,0.36,1.39,3.96,0.35,8.0,0.55,38.99,0.65,0.783,18,10,0.914,0.474,0.685,0.0,0.769,54.3,0.429
0.88,2.24,8.17,0.3,0.24,1.35,0.82,4.0,1.0,70.36,0.72,0.969,17,8,0.682,0.328,0.79,0.0,0.573,75.8,0.572
2.72,2.68,16.2,0.7,1.09,2.59,0.35,8.0,0.55,2.35,0.83,0.476,9,8,0.852,0.763,0.744,0.0,0.887,46.4,0.443
2.35,0.93,2.78,0.11,1.17,5.11,1.0,2.0,0.95,170.22,0.8,0.595,5,10,0.659,0.991,0.622,1.0,0.811,66.6,0.585
4.81,1.73,15.54,0.81,3.55,4.15,0.82,4.0,1.0,4.04,0.91,0.48,12,1,0.586,0.651,0.56,0.0,0.951,45.6,0.396
0.85,1.04,16.49,0.64,-0.59,0.86,1.0,2.0,0.95,2.8,0.99,0.66,1,8,0.706,0.641,0.737,1.0,0.428,43.0,0.334
2.48,0.61,15.98,0.68,1.55,2.41,1.0,2.0,0.95,160.47,0.8,0.188,6,11,0.609,0.841,0.651,1.0,0.555,56.3,0.533
4.79,8.74,15.29,0.71,3.41,4.52,0.35,8.0,0.55,11.34,0.96,0.567,17,4,0.554,0.571,0.515,1.0,0.366,42.8,0.399
10.27,0.73,7.29,0.35,9.2,14.67,0.35,8.0,0.55,81.71,0.99,0.332,15,4,0.894,0.568,0.954,0.0,0.778,45.6,0.436
4.07,2.05,5.4,0.28,2.9,6.46,1.0,2.0,0.95,25.75,0.67,0.881,11,3,0.761,0.413,0.816,1.0,0.918,58.0,0.586
3.96,0.93,0.78,0.04,3.06,10.15,1.0,2.0,0.95,131.25,0.57,0.928,15,10,0.7,0.402,0.946,0.0,0.383,64.9,0.405
5.28,1.92,13.91,0.69,4.2,5.08,0.82,4.0,1.0,46.19,0.69,0.184,10,2,0.538,0.26,0.595,1.0,0.467,53.4,0.489
1.22,0.6,14.63,0.56,-0.08,1.34,1.0,2.0,0.95,20.85,0.95,0.591,13,6,0.588,0.159,0.803,0.0,0.63,47.8,0.407
3.37,3.74,16.92,0.93,1.68,2.63,0.82,4.0,1.0,157.76,0.73,0.536,16,6,0.809,0.491,0.434,0.0,0.798,57.6,0.477
2.44,0.69,14.61,0.63,0.75,2.49,1.0,2.0,0.95,169.53,0.81,0.326,2,10,0.799,0.813,0.412,0.0,0.698,48.1,0.406
1.15,2.31,10.41,0.45,-0.11,1.44,0.35,8.0,0.55,41.8,0.74,0.453,2,7,0.826,0.899,0.671,1.0,0.69,31.7,0.382
4.96,2.05,15.25,0.63,4.05,5.06,0.82,4.0,1.0,36.02,0.85,0.756,11,2,0.831,0.507,0.883,1.0,0.484,60.8,0.597
7.5,0.52,10.23,0.38,6.25,10.27,0.35,8.0,0.55,141.78,0.64,0.946,1,1,0.584,0.09,0.787,0.0,0.454,50.3,0.467
8.48,5.69,10.99,0.52,7.45,9.75,0.35,8.0,0.55,141.76,0.92,0.777,7,3,0.944,0.034,0.962,1.0,0.579,48.0,0.562
7.06,1.18,8.75,0.47,6.15,8.61,0.82,4.0,1.0,154.89,0.95,0.11,10,8,0.792,0.397,0.583,1.0,0.488,57.1,0.486
1.35,5.83,1.26,0.05,0.32,3.38,0.58,6.0,0.88,33.6,0.65,0.16,15,10,0.956,0.253,0.675,1.0,0.974,69.2,0.59
6.18,1.39,0.67,0.03,5.13,16.26,0.58,6.0,0.88,94.69,0.67,0.863,5,8,0.561,0.056,0.728,1.0,0.86,58.8,0.575
3.09,3.18,0.1,0.0,2.27,8.83,0.82,4.0,1.0,20.3,0.91,0.354,2,9,0.952,0.754,0.476,0.0,0.378,54.8,0.331
1.83,2.07,4.55,0.21,0.77,3.27,0.82,4.0,1.0,40.55,1.0,0.439,1,8,0.537,0.299,0.42,0.0,0.667,60.4,0.448
1.06,0.84,2.1,0.09,0.14,2.41,1.0,2.0,0.95,27.97,0.88,0.366,13,8,0.781,0.242,0.62,0.0,0.757,66.0,0.515
7.28,3.17,9.63,0.43,6.24,9.33,0.82,4.0,1.0,158.4,0.87,0.978,4,3,0.731,0.055,0.973,1.0,0.732,66.5,0.684
6.66,0.51,12.54,0.52,5.61,7.66,0.82,4.0,1.0,16.08,0.94,0.367,13,8,0.83,0.685,0.756,0.0,0.483,41.0,0.394
4.69,2.8,12.32,0.53,3.9,5.33,0.82,4.0,1.0,32.0,0.65,0.648,11,11,0.546,0.451,0.632,1.0,0.533,53.0,0.553
3.31,3.59,15.94,0.66,1.67,3.28,0.58,6.0,0.88,171.19,0.97,0.785,2,7,0.754,0.306,0.736,1.0,0.674,59.7,0.585
6.04,5.5,15.59,0.74,4.81,5.54,0.58,6.0,0.88,2.2,0.57,0.799,2,10,0.787,0.596,0.428,0.0,0.416,38.1,0.334
1.31,0.05,13.88,0.61,0.29,1.36,1.0,2.0,0.95,96.9,0.95,0.885,11,4,0.461,0.97,0.528,0.0,0.951,64.5,0.445
2.13,1.26,10.41,0.48,0.94,2.57,1.0,2.0,0.95,20.0,0.9,0.94,15,10,0.785,0.787,0.483,0.0,0.93,61.3,0.434
7.4,5.16,12.42,0.59,6.49,7.87,0.58,6.0,0.88,32.76,0.67,0.18,5,11,0.888,0.088,0.887,1.0,0.54,43.1,0.526
0.49,4.49,13.62,0.55,-0.33,0.54,0.58,6.0,0.88,125.05,0.72,0.557,1,8,0.504,0.89,0.681,1.0,0.496,47.7,0.409
8.95,4.67,11.42,0.44,8.25,11.33,0.58,6.0,0.88,35.87,0.77,0.104,2,4,0.786,0.941,0.857,0.0,0.529,36.1,0.243
2.64,0.79,7.65,0.31,1.54,4.0,1.0,2.0,0.95,157.28,0.96,0.769,7,7,0.487,0.337,0.878,0.0,0.449,60.8,0.424
4.13,1.94,15.69,0.7,2.81,3.93,0.82,4.0,1.0,70.25,0.73,0.63,17,11,0.557,0.242,0.843,0.0,0.372,53.9,0.457
6.01,3.15,1.54,0.06,5.21,14.66,0.35,8.0,0.55,108.18,0.86,0.499,2,2,0.851,0.38,0.938,1.0,0.906,52.0,0.564
3.76,3.62,16.02,0.83,2.0,3.19,0.82,4.0,1.0,84.16,0.9,0.135,13,5,0.534,0.772,0.695,0.0,0.5,56.0,0.411
9.65,3.83,11.28,0.54,8.25,10.84,0.35,8.0,0.55,81.71,0.92,0.252,5,4,0.711,0.256,0.912,0.0,0.731,41.4,0.369
2.54,0.07,7.08,0.31,1.4,3.85,0.82,4.0,1.0,116.93,0.73,0.39,5,8,0.584,0.371,0.936,1.0,0.739,67.5,0.566
5.02,1.95,13.26,0.7,3.83,4.78,1.0,2.0,0.95,41.6,0.89,0.691,3,3,0.855,0.56,0.427,1.0,0.895,53.8,0.55
4.7,0.36,13.19,0.71,3.61,4.43,0.58,6.0,0.88,21.32,0.62,0.693,11,7,0.532,0.07,0.629,1.0,0.604,47.8,0.582
2.61,0.71,16.2,0.6,0.93,2.75,1.0,2.0,0.95,3.82,0.96,0.787,7,2,0.895,0.617,0.679,0.0,0.641,52.4,0.391
3.87,3.22,16.4,0.83,2.13,3.28,0.82,4.0,1.0,33.37,0.67,0.509,10,12,0.488,0.847,0.787,1.0,0.835,52.8,0.452
3.4,0.51,5.03,0.2,2.43,6.18,0.82,4.0,1.0,151.38,0.76,0.629,10,11,0.975,0.841,0.442,1.0,0.787,56.5,0.538
1.26,1.03,7.23,0.38,0.62,1.73,1.0,2.0,0.95,164.51,0.8,0.499,7,3,0.622,0.521,0.628,1.0,0.678,68.6,0.633
4.56,6.22,6.97,0.26,3.53,7.48,0.58,6.0,0.88,113.95,0.89,0.796,18,12,0.672,0.317,0.939,0.0,0.562,54.1,0.472
4.11,1.13,15.85,0.75,2.46,3.74,1.0,2.0,0.95,3.38,0.74,0.602,5,1,0.919,0.151,0.539,1.0,0.429,54.3,0.532
5.17,0.36,14.62,0.62,4.02,5.33,0.82,4.0,1.0,70.91,0.61,0.242,10,4,0.644,0.931,0.494,0.0,0.546,43.4,0.334
2.79,4.87,15.1,0.55,1.87,3.1,0.35,8.0,0.55,147.42,0.57,0.857,2,5,0.889,0.789,0.833,0.0,0.812,55.6,0.448
2.27,1.15,10.42,0.44,1.03,2.87,1.0,2.0,0.95,39.58,0.84,0.67,3,6,0.977,0.626,0.543,0.0,0.947,70.1,0.455
0.9,1.22,7.03,0.25,-0.3,1.5,1.0,2.0,0.95,30.61,0.79,0.684,6,9,0.916,0.094,0.756,1.0,0.925,65.2,0.633
4.61,1.09,1.99,0.08,3.51,10.72,1.0,2.0,0.95,67.12,0.67,0.763,7,7,0.876,0.74,0.44,0.0,0.701,59.6,0.416
2.96,1.34,8.39,0.4,2.27,3.95,0.58,6.0,0.88,54.41,0.61,0.945,15,9,0.846,0.268,0.598,1.0,0.624,65.9,0.547
8.89,2.66,11.61,0.43,7.43,11.4,0.58,6.0,0.88,108.13,0.72,0.688,12,8,0.721,0.849,0.642,0.0,0.647,40.3,0.349
9.86,7.63,5.12,0.21,9.21,17.61,0.35,8.0,0.55,82.54,0.96,0.733,5,8,0.767,0.731,0.806,1.0,0.477,41.0,0.44
7.32,7.65,5.49,0.21,6.18,13.07,0.35,8.0,0.55,145.35,0.6,0.328,12,11,0.658,0.556,0.928,1.0,0.473,46.1,0.477
8.06,4.56,0.41,0.02,7.35,21.78,0.58,6.0,0.88,20.93,0.69,0.493,12,6,0.952,0.812,0.819,1.0,0.474,49.4,0.44
8.35,5.11,10.72,0.47,7.52,10.18,0.35,8.0,0.55,16.31,0.97,0.13,1,3,0.974,0.627,0.897,1.0,0.9,39.7,0.479
2.38,1.41,11.15,0.43,1.28,3.05,1.0,2.0,0.95,175.02,0.92,0.478,17,8,0.81,0.383,0.738,1.0,0.536,74.3,0.572
3.82,1.09,17.47,0.85,2.23,3.18,1.0,2.0,0.95,21.17,0.84,0.91,15,11,0.894,0.113,0.866,1.0,0.614,54.6,0.6
0.88,0.38,2.12,0.09,-0.21,2.0,0.58,6.0,0.88,146.79,0.94,0.462,14,10,0.96,0.923,0.494,1.0,0.847,54.4,0.507
1.89,3.57,3.2,0.12,0.69,4.02,0.82,4.0,1.0,37.5,0.8,0.807,6,5,0.553,0.582,0.949,0.0,0.909,65.9,0.488
2.11,4.06,17.84,0.65,0.71,2.11,0.35,8.0,0.55,115.63,0.88,0.495,1,2,0.534,0.827,0.715,1.0,0.782,44.3,0.505
3.42,0.29,12.35,0.57,2.6,3.72,0.35,8.0,0.55,115.9,0.86,0.38,6,9,0.626,0.2,0.418,1.0,0.586,51.2,0.538
6.3,7.05,11.13,0.57,4.75,6.85,0.35,8.0,0.55,156.1,0.99,0.068,13,6,0.832,0.624,0.677,1.0,0.543,40.7,0.417
0.78,1.47,0.05,0.0,-0.27,2.23,1.0,2.0,0.95,2.23,0.72,0.747,18,8,0.899,0.173,0.936,0.0,0.527,60.0,0.422
7.51,0.29,11.91,0.47,6.22,9.16,0.35,8.0,0.55,23.51,0.77,0.418,4,2,0.956,0.483,0.485,0.0,0.517,41.1,0.359
9.34,5.33,9.71,0.38,8.14,12.79,0.35,8.0,0.55,130.48,0.73,0.444,18,11,0.504,0.225,0.863,0.0,0.455,44.4,0.449
3.15,1.91,12.33,0.64,2.06,3.18,1.0,2.0,0.95,5.72,0.86,0.073,13,4,0.769,0.26,0.719,1.0,0.684,46.7,0.491
4.25,2.17,10.05,0.49,3.13,5.06,1.0,2.0,0.95,4.76,0.88,0.588,10,4,0.615,0.285,0.465,1.0,0.868,49.4,0.585
4.63,1.34,3.34,0.17,3.37,8.9,1.0,2.0,0.95,43.98,0.97,0.64,1,2,0.936,0.951,0.741,1.0,0.402,55.7,0.424
2.37,1.88,9.04,0.5,1.15,2.79,1.0,2.0,0.95,28.71,0.85,0.695,11,11,0.49,0.114,0.53,0.0,0.936,59.7,0.454
6.08,0.62,11.98,0.53,5.14,6.91,0.58,6.0,0.88,155.06,0.82,0.281,9,3,0.863,0.033,0.956,1.0,0.719,57.5,0.552
1.14,3.38,7.89,0.36,-0.21,1.61,0.82,4.0,1.0,89.45,0.63,0.311,6,9,0.656,0.335,0.414,0.0,0.955,55.0,0.392
5.19,1.27,14.49,0.61,3.82,5.41,1.0,2.0,0.95,128.63,0.62,0.301,6,12,0.914,0.255,0.897,0.0,0.802,55.7,0.52
4.74,1.28,3.18,0.16,4.29,9.29,1.0,2.0,0.95,107.19,0.92,0.716,9,9,0.655,0.552,0.834,0.0,0.57,66.2,0.491
1.87,0.43,1.34,0.07,1.14,4.45,1.0,2.0,0.95,51.72,0.72,0.108,12,2,0.721,0.055,0.77,1.0,0.422,79.0,0.717
3.06,2.02,3.6,0.18,2.19,5.77,1.0,2.0,0.95,56.63,0.94,0.192,9,3,0.93,0.889,0.801,1.0,0.642,60.1,0.505
5.66,2.12,0.46,0.02,4.72,15.3,0.58,6.0,0.88,87.35,0.84,0.596,1,12,0.589,0.43,0.734,0.0,0.915,61.0,0.433
1.95,0.8,17.79,0.78,0.77,1.73,0.35,8.0,0.55,78.74,0.58,0.515,13,12,0.702,0.817,0.431,0.0,0.81,41.4,0.384
2.16,0.19,3.72,0.16,1.04,4.24,0.35,8.0,0.55,5.33,0.9,0.924,3,5,0.826,0.637,0.886,0.0,0.688,63.8,0.429
4.38,1.77,4.46,0.24,3.83,7.42,1.0,2.0,0.95,158.85,0.82,0.268,16,4,0.492,0.588,0.483,1.0,0.864,62.2,0.622
1.43,2.08,13.47,0.64,-0.19,1.44,1.0,2.0,0.95,92.33,0.85,0.529,1,12,0.761,0.014,0.944,1.0,0.738,53.4,0.574
8.57,5.36,8.33,0.32,7.87,12.79,0.35,8.0,0.55,45.76,0.99,0.608,3,4,0.935,0.323,0.579,0.0,0.492,44.7,0.383
2.64,4.46,6.03,0.24,1.47,4.47,0.58,6.0,0.88,65.84,0.68,0.212,8,4,0.588,0.041,0.616,1.0,0.85,63.9,0.573
4.88,0.5,1.73,0.1,4.09,10.84,0.82,4.0,1.0,82.66,0.79,0.281,11,10,0.893,0.786,0.903,1.0,0.531,66.2,0.566
7.94,7.26,6.1,0.27,7.0,12.81,0.35,8.0,0.55,90.72,0.66,0.536,18,2,0.845,0.794,0.711,1.0,0.47,44.4,0.441
0.41,2.03,16.85,0.65,-0.62,0.41,1.0,2.0,0.95,175.46,0.78,0.877,16,5,0.864,0.285,0.737,0.0,0.407,64.9,0.328
6.55,0.53,5.17,0.27,5.51,10.56,0.58,6.0,0.88,89.84,0.83,0.909,11,2,0.768,0.377,0.882,0.0,0.5,52.2,0.441
1.08,7.07,11.1,0.58,-0.31,1.16,0.35,8.0,0.55,141.15,0.98,0.874,10,3,0.964,0.161,0.898,1.0,0.425,49.9,0.459
7.9,3.24,3.58,0.15,6.85,15.8,0.58,6.0,0.88,87.31,0.64,0.557,18,4,0.536,0.273,0.521,1.0,0.927,58.4,0.543
1.97,3.98,16.79,0.66,0.74,1.95,0.82,4.0,1.0,49.78,0.61,0.224,14,10,0.566,0.356,0.643,1.0,0.698,63.6,0.605
9.41,4.19,14.34,0.56,8.34,10.34,0.35,8.0,0.55,166.47,1.0,0.863,17,9,0.741,0.273,0.67,0.0,0.815,47.3,0.422
3.49,3.16,13.21,0.51,2.0,4.06,0.35,8.0,0.55,30.89,0.67,0.88,9,8,0.679,0.598,0.574,1.0,0.787,55.5,0.51
4.73,8.41,10.65,0.51,3.68,5.5,0.35,8.0,0.55,30.75,0.63,0.603,1,11,0.953,0.03,0.457,1.0,0.46,47.3,0.535
5.56,4.05,0.64,0.03,4.98,14.63,0.82,4.0,1.0,78.19,0.84,0.475,6,11,0.558,0.429,0.471,0.0,0.398,61.4,0.394
4.9,0.57,14.91,0.59,3.34,5.21,1.0,2.0,0.95,171.83,0.93,0.693,2,12,0.669,0.333,0.714,1.0,0.819,55.9,0.602
1.88,1.11,8.78,0.41,1.02,2.47,1.0,2.0,0.95,23.53,0.9,0.337,15,5,0.484,0.224,0.496,1.0,0.573,65.9,0.649
3.37,3.64,15.99,0.89,1.54,2.72,0.82,4.0,1.0,34.71,0.7,0.878,3,8,0.784,0.658,0.98,0.0,0.424,57.0,0.46
1.63,1.8,5.81,0.32,0.67,2.43,1.0,2.0,0.95,110.66,0.71,0.659,3,5,0.694,0.867,0.733,0.0,0.796,60.2,0.397
0.6,1.16,10.38,0.38,-0.85,0.82,0.82,4.0,1.0,73.91,0.78,0.37,9,4,0.588,0.643,0.863,1.0,0.555,55.0,0.351
9.71,8.5,15.26,0.76,8.51,8.75,0.35,8.0,0.55,3.76,0.65,0.057,15,2,0.652,0.405,0.911,0.0,0.529,34.7,0.322
5.41,2.0,11.4,0.44,4.04,6.85,1.0,2.0,0.95,107.55,0.56,0.054,3,3,0.761,0.134,0.683,0.0,0.687,54.7,0.443
3.89,2.78,7.52,0.37,3.23,5.4,0.58,6.0,0.88,8.63,0.67,0.706,16,4,0.856,0.456,0.613,1.0,0.499,57.0,0.574
7.14,2.85,2.98,0.15,6.28,14.28,0.58,6.0,0.88,128.2,0.76,0.928,13,1,0.48,0.487,0.854,0.0,0.713,63.3,0.424
3.07,2.69,6.72,0.35,2.38,4.39,0.82,4.0,1.0,19.19,0.9,0.402,10,1,0.481,0.954,0.978,1.0,0.561,47.3,0.412
2.83,1.83,15.46,0.57,1.38,3.08,0.58,6.0,0.88,163.09,0.92,0.96,12,6,0.677,0.878,0.439,0.0,0.534,47.2,0.297
1.57,4.06,15.88,0.87,0.37,1.29,0.58,6.0,0.88,6.56,0.74,0.614,9,3,0.462,0.148,0.463,0.0,0.84,50.5,0.436
1.94,0.21,16.64,0.79,0.16,1.7,0.58,6.0,0.88,17.06,0.82,0.671,15,8,0.836,0.475,0.568,0.0,0.955,53.6,0.395
2.87,4.36,11.48,0.52,2.04,3.3,0.35,8.0,0.55,81.15,0.66,0.523,12,4,0.844,0.869,0.611,0.0,0.552,42.8,0.299
3.31,4.88,10.27,0.53,2.3,3.76,0.58,6.0,0.88,174.56,0.66,0.933,10,4,0.74,0.127,0.566,0.0,0.97,63.2,0.536
8.5,3.78,4.74,0.25,7.2,14.17,0.35,8.0,0.55,55.45,0.62,0.759,2,10,0.909,0.382,0.511,1.0,0.559,44.9,0.511
2.03,0.81,0.3,0.01,1.03,5.64,1.0,2.0,0.95,37.97,0.7,0.324,9,6,0.454,0.321,0.81,0.0,0.96,74.6,0.542
0.86,7.63,4.58,0.21,-0.03,1.54,0.35,8.0,0.55,12.95,0.8,0.95,13,9,0.575,0.313,0.606,0.0,0.524,53.0,0.386
3.67,4.21,12.18,0.63,2.56,3.74,0.58,6.0,0.88,159.59,0.82,0.07,7,7,0.755,0.381,0.53,0.0,0.447,47.5,0.335
3.08,3.79,0.74,0.03,2.0,8.11,0.58,6.0,0.88,114.39,0.73,0.425,7,5,0.786,0.213,0.76,1.0,0.896,71.5,0.616
2.49,1.91,6.73,0.32,1.54,3.72,1.0,2.0,0.95,35.85,0.87,0.088,12,6,0.788,0.192,0.98,0.0,0.472,65.9,0.51
0.88,0.73,1.34,0.07,0.45,2.1,0.82,4.0,1.0,123.39,1.0,0.256,16,8,0.551,0.727,0.961,0.0,0.91,83.0,0.582
4.77,1.54,9.94,0.36,3.38,6.72,1.0,2.0,0.95,125.46,0.74,0.416,14,9,0.8,0.298,0.516,0.0,0.941,58.5,0.433
1.96,2.37,11.95,0.52,0.52,2.25,0.82,4.0,1.0,109.93,0.57,0.852,9,1,0.641,0.199,0.746,1.0,0.587,72.4,0.645
4.73,1.66,15.76,0.77,3.44,4.22,0.58,6.0,0.88,40.21,0.77,0.981,17,1,0.498,0.914,0.847,1.0,0.678,49.2,0.423
0.53,0.44,4.04,0.21,-0.02,0.95,1.0,2.0,0.95,130.25,0.61,0.674,13,1,0.898,0.491,0.694,1.0,0.784,72.2,0.561
3.57,0.25,12.67,0.47,2.13,4.35,1.0,2.0,0.95,166.66,0.97,0.137,6,7,0.869,0.139,0.577,1.0,0.662,63.1,0.543
6.11,4.63,1.56,0.07,5.74,14.55,0.58,6.0,0.88,159.94,0.84,0.423,9,10,0.505,0.927,0.781,1.0,0.513,52.6,0.468
8.99,1.79,6.69,0.29,7.82,14.05,0.58,6.0,0.88,18.06,0.77,0.605,3,1,0.642,0.231,0.501,1.0,0.608,46.6,0.563
2.56,2.3,15.27,0.65,1.14,2.56,0.35,8.0,0.55,111.94,0.56,0.84,1,1,0.539,0.177,0.93,0.0,0.856,56.6,0.471
2.35,0.91,15.85,0.73,0.88,2.18,1.0,2.0,0.95,175.81,0.76,0.499,10,2,0.501,0.732,0.58,1.0,0.46,66.7,0.572
3.18,7.93,11.36,0.6,1.73,3.35,0.35,8.0,0.55,47.6,0.85,0.892,16,9,0.834,0.849,0.789,0.0,0.623,42.3,0.284
6.2,2.63,10.59,0.4,5.02,8.27,0.35,8.0,0.55,162.33,0.82,0.122,5,7,0.913,0.69,0.799,0.0,0.634,43.6,0.308
6.25,5.22,0.06,0.0,5.26,17.86,0.58,6.0,0.88,39.56,0.95,0.623,17,8,0.475,0.855,0.698,1.0,0.88,54.2,0.514
3.9,1.32,8.02,0.33,3.08,5.74,0.82,4.0,1.0,163.91,0.97,0.42,7,11,0.606,0.261,0.549,1.0,0.886,64.4,0.585
0.42,2.09,6.7,0.25,-0.69,0.7,1.0,2.0,0.95,176.2,0.83,0.139,12,9,0.732,0.164,0.647,1.0,0.592,64.4,0.497
2.01,1.08,6.69,0.36,0.84,2.83,0.82,4.0,1.0,60.5,0.62,0.357,9,10,0.812,0.286,0.661,0.0,0.4,66.5,0.502
4.57,1.81,17.89,0.73,2.88,4.23,1.0,2.0,0.95,51.52,0.57,0.507,2,9,0.502,0.079,0.505,0.0,0.627,49.7,0.419
6.58,6.55,13.65,0.51,5.72,7.65,0.58,6.0,0.88,169.07,0.89,0.27,7,1,0.486,0.339,0.971,1.0,0.597,52.3,0.48
7.09,0.53,7.04,0.25,5.83,11.82,0.58,6.0,0.88,64.86,0.84,0.932,15,3,0.865,0.387,0.489,0.0,0.624,56.6,0.444
1.92,1.09,15.14,0.56,0.96,2.11,1.0,2.0,0.95,122.2,0.82,0.986,10,6,0.556,0.099,0.635,1.0,0.401,70.2,0.593
3.17,0.08,6.0,0.23,2.67,5.47,1.0,2.0,0.95,59.88,0.65,0.749,1,11,0.801,0.273,0.493,1.0,0.829,62.6,0.554
4.78,1.37,10.64,0.41,3.76,6.29,1.0,2.0,0.95,133.44,0.86,0.265,4,9,0.919,0.022,0.891,1.0,0.677,56.1,0.578
6.7,6.15,2.17,0.08,6.31,15.58,0.58,6.0,0.88,158.86,0.75,0.097,17,7,0.678,0.812,0.717,1.0,0.424,44.8,0.396
7.25,4.37,14.93,0.77,5.79,6.47,0.82,4.0,1.0,85.32,0.68,0.107,11,5,0.945,0.083,0.613,0.0,0.601,54.3,0.471
0.89,1.24,1.64,0.08,-0.11,2.07,1.0,2.0,0.95,152.86,0.99,0.558,7,5,0.721,0.056,0.849,0.0,0.79,69.5,0.521
5.4,4.06,1.8,0.07,4.59,12.86,0.35,8.0,0.55,53.7,0.61,0.139,7,12,0.602,0.184,0.623,0.0,0.736,50.4,0.433
4.58,6.37,14.64,0.6,3.21,4.82,0.58,6.0,0.88,64.87,0.56,0.151,18,5,0.634,0.626,0.498,1.0,0.907,53.7,0.493
9.37,4.74,12.18,0.61,8.34,9.76,0.35,8.0,0.55,22.52,0.68,0.492,2,5,0.451,0.396,0.805,0.0,0.815,35.7,0.415
1.43,3.45,10.22,0.37,0.51,1.99,0.82,4.0,1.0,80.71,0.63,0.864,18,6,0.556,0.716,0.475,0.0,0.852,64.3,0.454
9.23,5.82,11.65,0.54,7.95,10.37,0.58,6.0,0.88,40.07,0.56,0.484,8,8,0.861,0.374,0.857,0.0,0.947,49.1,0.441
4.05,1.26,2.5,0.12,3.58,8.62,1.0,2.0,0.95,80.7,0.95,0.314,14,8,0.529,0.299,0.659,0.0,0.923,67.0,0.517
3.58,2.73,14.05,0.77,2.33,3.2,0.82,4.0,1.0,164.04,0.62,0.208,17,9,0.745,0.169,0.524,1.0,0.704,63.8,0.605
5.66,7.59,5.69,0.29,4.49,8.84,0.35,8.0,0.55,124.13,0.99,0.319,3,1,0.939,0.126,0.733,0.0,0.41,53.6,0.501
7.63,2.36,0.63,0.03,6.5,20.08,0.35,8.0,0.55,62.64,0.9,0.747,5,8,0.463,0.589,0.525,0.0,0.945,45.2,0.433
0.56,2.04,5.43,0.23,-0.39,0.97,0.82,4.0,1.0,40.67,0.57,0.364,10,6,0.463,0.864,0.719,1.0,0.751,53.4,0.443
6.13,8.79,1.74,0.06,5.58,14.95,0.35,8.0,0.55,100.19,0.87,0.334,15,5,0.74,0.156,0.51,1.0,0.961,51.6,0.611
1.91,0.65,8.31,0.3,0.51,2.94,1.0,2.0,0.95,133.41,0.9,0.328,13,6,0.882,0.544,0.921,1.0,0.926,74.9,0.626
5.05,0.63,0.46,0.02,4.21,13.65,1.0,2.0,0.95,146.26,0.62,0.655,4,9,0.506,0.691,0.431,1.0,0.463,58.2,0.52
7.16,8.04,2.93,0.12,6.71,15.23,0.35,8.0,0.55,101.86,0.76,0.745,6,1,0.651,0.069,0.581,0.0,0.928,50.4,0.445
4.53,3.3,17.88,0.99,3.0,3.38,0.82,4.0,1.0,79.53,0.79,0.421,5,10,0.878,0.745,0.811,1.0,0.459,53.2,0.542
10.47,1.25,8.86,0.44,9.33,13.25,0.35,8.0,0.55,100.9,0.77,0.462,2,5,0.592,0.142,0.522,1.0,0.937,43.9,0.535
3.79,1.51,3.6,0.14,2.67,7.73,1.0,2.0,0.95,15.18,0.62,0.137,9,1,0.696,0.558,0.445,0.0,0.958,57.5,0.498
6.26,0.09,1.03,0.04,5.78,16.05,0.82,4.0,1.0,102.34,0.63,0.159,8,12,0.59,0.298,0.433,1.0,0.769,60.4,0.539
2.6,1.99,14.65,0.77,0.96,2.32,0.82,4.0,1.0,53.76,0.91,0.316,17,12,0.753,0.822,0.553,1.0,0.49,49.8,0.501
4.27,2.72,7.1,0.3,3.65,6.57,0.58,6.0,0.88,91.11,0.93,0.182,2,7,0.56,0.354,0.95,1.0,0.751,54.9,0.549
5.82,2.12,7.29,0.34,4.99,8.43,0.58,6.0,0.88,119.47,0.77,0.427,15,5,0.961,0.714,0.527,0.0,0.598,52.7,0.452
8.67,1.44,5.43,0.28,8.05,13.76,0.58,6.0,0.88,178.88,0.67,0.385,5,11,0.6,0.998,0.801,0.0,0.426,38.0,0.227
5.59,1.31,17.0,0.92,4.38,4.4,0.58,6.0,0.88,152.02,0.6,0.637,18,4,0.674,0.076,0.57,0.0,0.553,52.4,0.457
3.79,1.59,11.15,0.47,3.04,4.62,0.82,4.0,1.0,59.1,1.0,0.256,9,2,0.459,0.049,0.608,1.0,0.387,61.6,0.549
2.84,6.35,2.02,0.07,1.69,6.76,0.58,6.0,0.88,8.65,0.88,0.627,10,3,0.963,0.149,0.874,1.0,0.719,59.7,0.554
1.1,1.68,15.05,0.7,-0.62,1.05,1.0,2.0,0.95,65.51,0.83,0.918,12,10,0.861,0.913,0.441,1.0,0.42,46.8,0.312
3.06,0.25,9.83,0.51,1.9,3.56,0.82,4.0,1.0,2.05,0.61,0.092,8,3,0.818,0.201,0.516,0.0,0.902,46.5,0.48
2.77,0.39,1.27,0.06,2.4,6.76,1.0,2.0,0.95,150.52,0.99,0.165,3,2,0.908,0.86,0.921,1.0,0.698,68.1,0.542
2.89,1.08,3.11,0.14,2.04,5.9,1.0,2.0,0.95,137.99,0.67,0.09,7,6,0.623,0.584,0.63,1.0,0.491,60.3,0.485
1.39,1.9,14.01,0.51,-0.13,1.62,1.0,2.0,0.95,34.87,0.64,0.723,13,7,0.819,0.128,0.751,0.0,0.931,57.7,0.537
2.07,1.32,17.18,0.83,0.34,1.75,1.0,2.0,0.95,2.39,0.93,0.327,4,12,0.519,0.343,0.972,1.0,0.725,47.4,0.569
2.36,1.36,16.34,0.89,0.97,1.9,0.58,6.0,0.88,21.41,0.64,0.701,12,4,0.562,0.694,0.952,1.0,0.39,58.5,0.458
3.82,1.01,6.3,0.29,3.16,5.97,1.0,2.0,0.95,172.63,0.67,0.751,17,7,0.746,0.971,0.926,1.0,0.406,54.1,0.519
7.37,3.24,0.04,0.0,6.71,21.06,0.58,6.0,0.88,38.62,0.87,0.617,16,3,0.75,0.956,0.79,1.0,0.593,52.3,0.454
5.28,0.91,16.61,0.65,3.75,5.28,0.35,8.0,0.55,135.25,0.86,0.427,7,9,0.756,0.334,0.684,0.0,0.771,42.8,0.375
5.91,5.28,3.43,0.14,5.04,12.06,0.58,6.0,0.88,30.69,0.75,0.212,5,9,0.92,0.12,0.604,1.0,0.582,52.4,0.587
1.86,0.43,11.84,0.57,0.65,2.02,1.0,2.0,0.95,164.76,0.72,0.566,7,4,0.629,0.523,0.942,0.0,0.519,67.8,0.526
6.72,3.42,7.31,0.32,5.97,10.03,0.82,4.0,1.0,107.36,0.82,0.262,13,1,0.658,0.145,0.645,0.0,0.495,54.1,0.405
4.65,4.62,9.04,0.37,3.79,6.46,0.58,6.0,0.88,142.68,0.91,0.449,1,4,0.802,0.649,0.887,1.0,0.668,57.9,0.512
3.74,3.64,15.79,0.58,2.81,4.02,0.82,4.0,1.0,114.36,0.82,0.442,11,5,0.725,0.988,0.475,1.0,0.429,52.4,0.433
5.25,0.31,13.48,0.65,3.65,5.25,1.0,2.0,0.95,42.46,0.68,0.695,16,3,0.757,0.119,0.691,1.0,0.894,55.1,0.62
4.44,4.61,10.02,0.36,3.76,6.25,0.58,6.0,0.88,107.29,0.72,0.498,5,6,0.721,0.546,0.796,1.0,0.783,58.7,0.513
11.2,5.64,9.13,0.5,10.14,13.18,0.35,8.0,0.55,110.9,0.59,0.217,18,10,0.75,0.116,0.463,1.0,0.919,44.3,0.558
7.77,6.14,17.24,0.68,6.21,7.54,0.58,6.0,0.88,71.69,0.61,0.529,16,1,0.611,0.042,0.495,1.0,0.831,52.7,0.539
2.29,1.15,2.0,0.07,1.96,5.45,1.0,2.0,0.95,167.4,0.99,0.985,17,2,0.864,0.973,0.938,1.0,0.971,78.9,0.595
7.42,6.19,6.74,0.33,6.53,10.91,0.35,8.0,0.55,92.14,0.76,0.271,12,10,0.484,0.923,0.973,1.0,0.839,36.2,0.46
4.72,2.15,0.6,0.03,3.94,12.42,0.82,4.0,1.0,100.14,0.71,0.818,11,5,0.522,0.842,0.586,1.0,0.938,64.0,0.603
1.31,1.13,12.4,0.5,0.22,1.54,1.0,2.0,0.95,44.42,0.84,0.692,8,8,0.465,0.632,0.833,0.0,0.48,59.0,0.37
3.48,1.9,6.37,0.23,2.26,6.0,1.0,2.0,0.95,86.91,0.74,0.176,12,11,0.89,0.393,0.64,0.0,0.902,63.4,0.514
3.36,4.93,6.78,0.3,2.12,5.17,0.35,8.0,0.55,11.06,0.84,0.252,13,4,0.957,0.517,0.787,0.0,0.43,49.9,0.382
3.86,0.77,9.05,0.33,3.26,5.68,1.0,2.0,0.95,42.3,0.89,0.555,18,7,0.626,0.326,0.508,1.0,0.596,54.9,0.501
8.46,0.43,4.43,0.21,8.0,15.11,0.58,6.0,0.88,68.52,0.8,0.806,6,9,0.689,0.84,0.616,1.0,0.404,43.4,0.444
3.23,0.18,17.35,0.95,1.62,2.48,0.35,8.0,0.55,78.05,0.98,0.997,2,12,0.701,0.995,0.771,1.0,0.494,41.7,0.398
2.02,1.87,11.27,0.57,0.45,2.2,1.0,2.0,0.95,114.05,0.91,0.95,18,11,0.835,0.054,0.61,0.0,0.422,71.2,0.576
4.6,0.88,1.34,0.06,3.76,11.22,0.82,4.0,1.0,115.13,0.93,0.167,5,3,0.919,0.98,0.519,1.0,0.849,53.6,0.529
0.68,7.03,8.64,0.46,-0.66,0.84,0.35,8.0,0.55,40.6,0.94,0.779,13,8,0.456,0.874,0.908,1.0,0.83,41.4,0.391
4.01,0.67,6.39,0.34,3.23,5.81,1.0,2.0,0.95,100.2,0.67,0.836,4,11,0.606,0.28,0.664,0.0,0.522,63.4,0.538
2.65,0.49,3.42,0.18,1.97,5.0,0.82,4.0,1.0,21.43,0.96,0.39,5,5,0.795,0.08,0.544,1.0,0.4,63.4,0.628
1.06,1.62,10.19,0.38,0.1,1.45,1.0,2.0,0.95,98.04,0.65,0.949,6,8,0.577,0.205,0.959,1.0,0.846,74.9,0.653
11.16,8.74,4.83,0.19,10.29,20.67,0.35,8.0,0.55,152.92,0.75,0.963,7,2,0.778,0.492,0.786,1.0,0.558,45.6,0.537
4.6,1.15,4.62,0.18,3.62,8.68,0.82,4.0,1.0,175.8,0.66,0.257,15,11,0.818,0.309,0.664,1.0,0.508,63.6,0.523
6.13,1.07,8.65,0.32,5.46,9.15,0.82,4.0,1.0,179.31,0.69,0.417,11,11,0.467,0.999,0.94,1.0,0.358,44.1,0.356
3.53,3.68,17.99,0.98,2.24,2.65,0.82,4.0,1.0,162.21,0.8,0.62,4,12,0.793,0.219,0.706,0.0,0.42,57.4,0.39
2.89,5.21,4.59,0.17,2.27,5.56,0.58,6.0,0.88,178.45,0.85,0.382,16,3,0.497,0.827,0.803,1.0,0.398,57.5,0.429
3.66,4.55,14.15,0.64,2.01,3.7,0.58,6.0,0.88,95.51,0.97,0.117,11,6,0.497,0.806,0.5,0.0,0.886,39.4,0.408
7.51,2.66,14.17,0.67,6.2,7.36,0.35,8.0,0.55,81.26,0.62,0.532,11,7,0.868,0.965,0.797,0.0,0.88,34.1,0.275
5.26,0.52,0.81,0.03,4.81,13.84,0.58,6.0,0.88,84.49,0.94,0.945,3,10,0.808,0.608,0.424,1.0,0.953,61.8,0.524
4.43,1.81,5.74,0.22,3.29,7.77,1.0,2.0,0.95,177.11,0.69,0.917,8,4,0.625,0.544,0.466,1.0,0.77,65.8,0.592
3.77,1.11,16.61,0.74,2.06,3.46,1.0,2.0,0.95,25.91,0.81,0.784,17,9,0.966,0.104,0.962,0.0,0.411,58.8,0.497
4.56,6.81,12.27,0.58,2.9,4.9,0.35,8.0,0.55,104.87,0.71,0.352,15,1,0.583,0.369,0.802,1.0,0.606,53.0,0.519
1.29,1.67,4.88,0.22,0.79,2.26,0.82,4.0,1.0,147.73,0.77,0.057,18,11,0.699,0.953,0.861,0.0,0.482,57.8,0.378
1.18,3.76,13.32,0.51,-0.27,1.37,0.82,4.0,1.0,34.02,0.72,0.902,17,11,0.857,0.181,0.533,0.0,0.68,58.8,0.456
1.91,3.6,13.29,0.64,0.68,1.93,0.58,6.0,0.88,2.53,0.84,0.73,13,9,0.729,0.332,0.694,0.0,0.97,51.4,0.405
1.7,0.19,5.0,0.26,0.78,2.79,0.82,4.0,1.0,59.91,0.64,0.96,18,6,0.671,0.87,0.834,1.0,0.547,61.5,0.456
6.62,5.01,11.68,0.42,5.87,8.6,0.58,6.0,0.88,167.85,0.59,0.739,13,5,0.897,0.487,0.431,0.0,0.488,51.2,0.372
3.31,1.14,2.39,0.09,2.61,7.52,0.35,8.0,0.55,157.51,0.73,0.406,17,1,0.818,0.535,0.589,0.0,0.824,63.0,0.496
3.58,0.16,15.84,0.69,2.27,3.44,1.0,2.0,0.95,27.05,0.62,0.109,11,4,0.459,0.755,0.945,1.0,0.899,48.1,0.478
8.99,8.08,16.75,0.83,7.38,7.62,0.35,8.0,0.55,160.4,0.78,0.963,14,1,0.497,0.325,0.421,1.0,0.847,46.5,0.497
4.02,1.53,6.3,0.28,3.07,6.38,1.0,2.0,0.95,152.19,0.63,0.155,15,2,0.831,0.955,0.586,1.0,0.408,49.1,0.428
3.78,0.98,4.33,0.17,2.73,7.27,1.0,2.0,0.95,86.47,0.95,0.998,14,5,0.737,0.876,0.946,1.0,0.399,56.8,0.5
3.96,1.56,3.76,0.16,3.47,7.76,1.0,2.0,0.95,5.23,0.57,0.696,8,7,0.916,0.978,0.772,1.0,0.707,49.2,0.43
0.4,2.47,17.15,0.63,-0.9,0.41,0.82,4.0,1.0,69.62,0.96,0.053,14,7,0.499,0.839,0.42,0.0,0.711,48.1,0.268
1.37,5.41,12.88,0.54,0.12,1.54,0.35,8.0,0.55,59.71,1.0,0.991,4,5,0.639,0.67,0.721,1.0,0.702,62.0,0.603
3.7,6.29,6.93,0.37,2.79,5.14,0.35,8.0,0.55,52.71,0.89,0.677,13,2,0.961,0.92,0.959,0.0,0.432,42.7,0.352
0.83,0.4,11.74,0.48,-0.1,1.0,0.82,4.0,1.0,145.28,0.8,0.246,2,11,0.655,0.796,0.777,1.0,0.729,61.3,0.502
2.88,6.55,8.31,0.37,1.63,4.0,0.35,8.0,0.55,124.89,0.83,0.332,4,1,0.742,0.857,0.615,0.0,0.652,50.8,0.356
7.16,1.31,6.93,0.29,6.03,11.19,0.58,6.0,0.88,36.41,0.66,0.072,17,5,0.838,0.361,0.814,0.0,0.868,46.1,0.476
7.75,1.16,6.14,0.23,7.21,13.36,0.58,6.0,0.88,18.22,0.66,0.422,7,3,0.636,0.315,0.849,0.0,0.498,46.9,0.451
0.43,1.91,14.53,0.6,-0.61,0.45,0.82,4.0,1.0,15.87,0.85,0.715,16,3,0.949,0.697,0.904,1.0,0.646,59.0,0.376
5.66,0.59,3.8,0.14,4.65,11.55,0.82,4.0,1.0,33.31,0.97,0.123,4,2,0.505,0.586,0.948,0.0,0.767,50.7,0.409
6.68,0.95,10.82,0.41,5.86,8.79,0.82,4.0,1.0,145.37,0.82,0.649,18,7,0.886,0.021,0.41,0.0,0.704,57.4,0.543
3.16,0.62,3.67,0.17,1.89,6.08,1.0,2.0,0.95,145.75,0.96,0.451,18,4,0.918,0.369,0.816,0.0,0.578,68.3,0.556
5.77,8.37,10.67,0.46,4.67,7.12,0.35,8.0,0.55,101.05,0.81,0.219,10,7,0.588,0.159,0.516,1.0,0.939,46.7,0.608
3.38,2.44,12.43,0.45,2.18,4.22,0.35,8.0,0.55,124.18,0.76,0.887,2,8,0.931,0.256,0.484,0.0,0.934,55.2,0.484
0.82,1.05,9.74,0.41,-0.56,1.08,1.0,2.0,0.95,38.87,0.73,0.665,4,6,0.925,0.392,0.843,1.0,0.612,58.6,0.518
0.84,1.66,4.88,0.18,-0.34,1.58,0.58,6.0,0.88,173.45,0.7,0.45,7,11,0.85,0.907,0.51,1.0,0.567,47.8,0.396
0.72,1.07,17.65,0.66,-0.51,0.71,1.0,2.0,0.95,145.33,0.98,0.327,14,7,0.648,0.667,0.942,0.0,0.681,59.0,0.403
4.66,0.37,0.78,0.04,4.15,11.95,0.58,6.0,0.88,4.52,0.63,0.676,11,10,0.671,0.377,0.603,1.0,0.888,53.2,0.599
0.56,4.45,5.2,0.23,-0.6,0.97,0.58,6.0,0.88,50.3,0.78,0.985,18,11,0.823,0.679,0.818,0.0,0.686,58.5,0.313
4.39,3.48,2.34,0.1,3.36,9.76,0.58,6.0,0.88,108.52,0.86,0.654,17,10,0.799,0.943,0.952,0.0,0.489,51.0,0.368
2.75,0.64,7.88,0.29,2.03,4.3,1.0,2.0,0.95,54.94,0.55,0.722,15,1,0.62,0.337,0.417,0.0,0.48,66.4,0.537
8.26,6.59,13.43,0.48,7.13,9.95,0.58,6.0,0.88,25.87,0.86,0.715,14,12,0.569,0.501,0.694,0.0,0.819,40.8,0.336
4.61,0.15,5.97,0.26,3.83,7.56,1.0,2.0,0.95,156.89,0.72,0.908,7,2,0.474,0.703,0.859,1.0,0.646,64.2,0.556
1.92,0.33,15.1,0.78,0.25,1.7,0.35,8.0,0.55,17.61,0.78,0.423,17,3,0.699,0.399,0.831,0.0,0.4,50.0,0.348
9.39,3.9,4.61,0.2,8.88,17.07,0.35,8.0,0.55,91.55,0.94,0.49,12,12,0.919,0.775,0.835,1.0,0.681,49.4,0.487
3.69,3.09,4.86,0.19,3.03,6.83,0.82,4.0,1.0,43.48,0.75,0.149,17,7,0.788,0.759,0.584,1.0,0.648,56.8,0.508
4.57,2.09,12.46,0.48,3.68,5.51,0.58,6.0,0.88,49.01,0.85,0.483,7,2,0.914,0.651,0.748,0.0,0.629,48.8,0.348
6.07,6.03,13.03,0.61,4.98,6.32,0.35,8.0,0.55,143.99,0.62,0.258,8,10,0.812,0.452,0.785,0.0,0.521,39.0,0.392
8.74,3.59,16.26,0.86,7.29,7.22,0.58,6.0,0.88,36.65,0.66,0.585,2,7,0.578,0.89,0.665,1.0,0.827,39.4,0.461
0.69,0.15,2.7,0.1,-0.49,1.53,0.58,6.0,0.88,141.32,0.82,0.512,17,9,0.627,0.407,0.403,1.0,0.801,63.6,0.568
6.73,7.25,10.19,0.51,5.18,7.83,0.35,8.0,0.55,121.82,0.64,0.656,2,12,0.901,0.494,0.701,0.0,0.8,45.5,0.428
6.16,2.22,16.29,0.69,4.38,5.92,0.82,4.0,1.0,170.49,0.86,0.544,1,2,0.93,0.189,0.91,1.0,0.353,60.1,0.51
7.58,1.03,17.4,0.8,5.87,6.59,0.58,6.0,0.88,87.76,0.94,0.93,14,12,0.919,0.727,0.887,0.0,0.939,56.5,0.416
3.14,2.55,13.26,0.5,1.68,3.69,0.58,6.0,0.88,53.25,0.94,0.85,1,6,0.756,0.262,0.566,0.0,0.368,53.7,0.433
1.95,3.52,3.98,0.18,0.69,3.68,0.82,4.0,1.0,174.42,0.94,0.858,10,4,0.808,0.659,0.435,0.0,0.505,74.3,0.533
5.07,2.69,9.64,0.36,3.76,7.14,0.82,4.0,1.0,141.28,0.91,0.433,14,6,0.711,0.529,0.916,0.0,0.745,58.0,0.5
7.04,0.1,2.47,0.09,6.43,16.0,0.82,4.0,1.0,103.52,0.79,0.934,11,7,0.453,0.915,0.487,1.0,0.761,51.9,0.5
1.57,1.87,15.43,0.68,-0.1,1.52,1.0,2.0,0.95,5.0,0.72,0.343,14,5,0.972,0.148,0.876,1.0,0.556,40.3,0.49
1.6,4.39,13.69,0.74,0.01,1.47,0.82,4.0,1.0,96.38,0.85,0.811,10,5,0.811,0.719,0.47,0.0,0.746,70.1,0.423
3.26,5.35,0.99,0.05,2.8,8.15,0.58,6.0,0.88,47.33,0.91,0.887,9,2,0.649,0.109,0.915,0.0,0.464,63.9,0.461
5.68,2.56,1.11,0.06,5.16,13.85,0.82,4.0,1.0,36.66,0.88,0.735,4,4,0.752,0.638,0.479,1.0,0.934,65.9,0.635
9.33,3.29,5.71,0.29,8.71,14.58,0.58,6.0,0.88,49.84,0.97,0.637,13,2,0.478,0.76,0.748,1.0,0.491,45.9,0.401
5.94,3.34,5.35,0.22,5.32,10.42,0.58,6.0,0.88,155.57,0.97,0.563,10,11,0.908,0.636,0.888,1.0,0.783,55.6,0.572
10.87,6.95,15.64,0.68,9.73,10.55,0.35,8.0,0.55,120.29,0.82,0.673,4,2,0.634,0.802,0.521,0.0,0.863,34.4,0.384
3.79,0.29,16.64,0.61,2.11,3.95,1.0,2.0,0.95,122.02,0.96,0.582,5,1,0.665,0.665,0.621,0.0,0.758,56.7,0.372
4.87,3.12,3.43,0.13,4.37,10.15,0.82,4.0,1.0,124.75,0.8,0.244,15,3,0.648,0.638,0.808,0.0,0.818,63.1,0.451
8.02,4.11,12.9,0.48,6.93,9.66,0.35,8.0,0.55,170.41,0.58,0.981,15,10,0.615,0.271,0.411,0.0,0.364,46.6,0.386
7.65,1.67,13.45,0.64,6.22,7.73,0.58,6.0,0.88,82.92,0.57,0.684,1,7,0.745,0.867,0.696,1.0,0.871,41.0,0.501
4.01,2.1,2.46,0.1,3.2,8.91,1.0,2.0,0.95,63.34,0.57,0.063,13,2,0.677,0.39,0.969,1.0,0.551,58.6,0.527
8.7,1.19,6.16,0.26,7.75,14.26,0.35,8.0,0.55,112.88,0.56,0.062,11,11,0.847,0.543,0.81,0.0,0.528,40.7,0.295
3.71,6.84,12.19,0.46,2.88,4.58,0.35,8.0,0.55,24.05,0.73,0.538,11,4,0.568,0.954,0.608,0.0,0.693,41.8,0.271
3.34,2.02,9.18,0.46,2.53,4.12,0.82,4.0,1.0,176.67,0.63,0.78,2,9,0.631,0.153,0.773,1.0,0.513,64.8,0.539
2.2,0.28,9.67,0.45,1.2,2.75,0.82,4.0,1.0,111.67,0.71,0.605,16,12,0.586,0.244,0.751,1.0,0.944,71.3,0.697
8.28,4.66,12.6,0.5,6.85,9.74,0.58,6.0,0.88,136.38,0.56,0.403,11,6,0.593,0.603,0.506,0.0,0.396,39.7,0.324
8.85,3.87,16.27,0.6,7.84,9.32,0.58,6.0,0.88,93.43,0.61,0.654,11,11,0.715,0.459,0.906,0.0,0.626,51.1,0.462
8.62,0.08,5.01,0.19,7.48,15.96,0.35,8.0,0.55,62.71,0.81,0.801,10,8,0.732,0.674,0.812,0.0,0.905,44.7,0.393
3.97,4.04,0.24,0.01,3.42,11.03,0.82,4.0,1.0,150.91,0.89,0.38,6,2,0.514,0.91,0.743,1.0,0.59,58.3,0.451
2.59,1.97,6.65,0.25,1.78,4.32,1.0,2.0,0.95,41.65,0.83,0.874,1,1,0.945,0.295,0.794,0.0,0.478,67.7,0.538
2.14,1.82,0.23,0.01,1.34,5.94,1.0,2.0,0.95,150.99,0.89,0.732,10,2,0.59,0.39,0.822,1.0,0.978,83.2,0.748
5.28,0.9,12.23,0.51,3.83,6.14,0.82,4.0,1.0,67.6,0.76,0.484,4,11,0.658,0.807,0.915,1.0,0.612,46.4,0.435
4.83,0.17,3.83,0.18,4.11,9.11,0.35,8.0,0.55,71.78,0.75,0.13,14,10,0.887,0.46,0.626,0.0,0.738,53.6,0.408
10.71,2.03,5.1,0.23,9.45,18.47,0.35,8.0,0.55,91.58,0.69,0.377,6,12,0.729,0.999,0.747,1.0,0.63,35.6,0.339
1.95,1.13,13.31,0.72,0.93,1.82,0.82,4.0,1.0,85.62,0.79,0.454,13,11,0.474,0.215,0.833,1.0,0.373,66.7,0.594
2.56,1.64,11.94,0.55,1.5,2.84,1.0,2.0,0.95,130.34,0.79,0.915,2,11,0.809,0.109,0.891,1.0,0.54,69.6,0.625
5.32,1.49,6.68,0.3,4.44,8.18,1.0,2.0,0.95,78.38,0.93,0.244,13,4,0.8,0.881,0.476,1.0,0.605,46.4,0.401
0.97,1.02,6.97,0.25,-0.36,1.62,0.82,4.0,1.0,76.54,0.65,0.627,13,11,0.861,0.044,0.683,0.0,0.664,60.1,0.401
3.31,3.15,7.42,0.27,2.4,5.34,0.82,4.0,1.0,78.98,0.71,0.812,16,11,0.513,0.255,0.921,0.0,0.599,67.5,0.525
6.2,1.16,16.47,0.66,4.6,6.14,0.82,4.0,1.0,62.4,0.75,0.303,9,10,0.972,0.455,0.557,0.0,0.616,50.0,0.412
0.48,1.33,16.57,0.61,-0.79,0.5,1.0,2.0,0.95,145.59,0.98,0.282,17,11,0.853,0.491,0.407,0.0,0.822,58.7,0.366
0.46,1.74,4.47,0.16,-0.52,0.9,0.35,8.0,0.55,96.84,0.7,0.619,7,9,0.809,0.058,0.73,0.0,0.544,53.5,0.429
4.16,3.8,1.14,0.04,3.86,10.67,0.58,6.0,0.88,98.57,0.96,0.469,12,9,0.654,0.555,0.78,0.0,0.938,58.3,0.437
1.24,2.6,7.13,0.29,-0.14,1.94,0.58,6.0,0.88,19.39,0.91,0.428,11,5,0.729,0.194,0.943,0.0,0.747,52.3,0.474
1.85,1.16,0.36,0.02,1.57,5.0,1.0,2.0,0.95,152.42,0.77,0.299,17,12,0.827,0.36,0.811,1.0,0.843,85.2,0.655
3.94,0.34,3.88,0.16,2.89,7.73,0.82,4.0,1.0,83.61,0.86,0.371,10,5,0.814,0.337,0.932,0.0,0.565,65.7,0.536
5.01,4.23,10.65,0.44,4.21,6.34,0.82,4.0,1.0,15.34,0.67,0.385,15,11,0.724,0.83,0.613,1.0,0.617,40.5,0.374
1.06,2.02,7.4,0.28,0.01,1.68,1.0,2.0,0.95,79.51,0.95,0.975,8,4,0.85,0.199,0.906,1.0,0.599,78.2,0.647
4.44,4.84,11.39,0.61,3.48,4.63,0.58,6.0,0.88,122.45,0.93,0.28,7,2,0.977,0.428,0.753,0.0,0.808,55.1,0.405
2.22,0.9,6.65,0.3,1.01,3.42,0.82,4.0,1.0,32.8,0.95,0.357,10,10,0.518,0.069,0.771,1.0,0.352,66.8,0.606
8.9,6.94,11.95,0.53,8.0,10.11,0.35,8.0,0.55,46.91,0.73,0.808,11,4,0.922,0.676,0.429,1.0,0.753,46.1,0.477
4.29,1.5,6.94,0.3,3.37,6.6,1.0,2.0,0.95,56.47,0.65,0.915,8,5,0.643,0.655,0.686,0.0,0.606,60.4,0.488
8.39,4.26,7.66,0.37,7.75,11.65,0.58,6.0,0.88,122.84,0.59,0.763,3,4,0.813,0.213,0.504,0.0,0.494,47.6,0.372
4.39,6.59,0.71,0.04,3.59,11.26,0.58,6.0,0.88,9.52,0.7,0.247,9,3,0.473,0.146,0.817,1.0,0.81,58.3,0.565
8.52,3.68,14.65,0.54,7.2,9.57,0.58,6.0,0.88,119.34,0.79,0.58,8,10,0.535,0.813,0.909,0.0,0.749,39.3,0.317
2.96,8.56,13.38,0.48,1.9,3.57,0.35,8.0,0.55,168.72,0.99,0.457,13,9,0.518,0.208,0.976,1.0,0.482,49.5,0.569
9.21,2.59,7.79,0.28,8.48,14.62,0.35,8.0,0.55,120.13,0.56,0.542,6,6,0.806,0.031,0.554,1.0,0.842,43.3,0.546
6.15,3.58,8.63,0.42,5.4,7.99,0.58,6.0,0.88,105.49,0.66,0.567,12,5,0.814,0.455,0.865,1.0,0.819,56.0,0.52
3.03,1.83,14.8,0.55,2.21,3.37,1.0,2.0,0.95,129.36,0.72,0.729,8,10,0.572,0.703,0.742,1.0,0.833,62.8,0.59
9.09,8.42,15.51,0.62,8.07,9.37,0.35,8.0,0.55,9.09,0.78,0.622,14,6,0.605,0.826,0.705,1.0,0.748,32.9,0.371
5.06,0.84,16.74,0.76,3.84,4.56,1.0,2.0,0.95,142.64,0.83,0.939,13,8,0.716,0.258,0.873,1.0,0.761,65.5,0.616
6.12,5.31,5.58,0.26,5.5,10.03,0.58,6.0,0.88,32.53,0.78,0.947,4,5,0.74,0.558,0.55,0.0,0.411,49.2,0.343
2.13,1.96,7.0,0.3,0.89,3.28,1.0,2.0,0.95,131.83,0.91,0.112,9,2,0.654,0.733,0.436,0.0,0.767,71.8,0.512
9.18,5.1,12.9,0.7,7.89,8.74,0.58,6.0,0.88,36.54,0.61,0.909,9,7,0.566,0.924,0.505,1.0,0.922,41.5,0.465
6.4,3.68,15.25,0.71,4.97,6.04,0.35,8.0,0.55,76.6,0.76,0.253,1,4,0.938,0.865,0.465,0.0,0.525,31.5,0.227
4.76,3.84,9.13,0.34,3.41,6.9,0.58,6.0,0.88,124.7,0.6,0.694,3,10,0.765,0.513,0.801,1.0,0.817,59.7,0.597
2.98,2.02,8.73,0.48,1.75,3.59,1.0,2.0,0.95,4.0,0.62,0.265,17,1,0.597,0.708,0.542,1.0,0.846,50.6,0.477
10.64,8.45,13.38,0.53,9.77,12.09,0.35,8.0,0.55,25.85,0.81,0.923,15,2,0.717,0.071,0.556,1.0,0.628,46.7,0.519
3.89,1.37,3.57,0.19,2.78,7.2,1.0,2.0,0.95,27.33,0.88,0.491,13,2,0.5,0.747,0.438,0.0,0.702,57.0,0.392
0.69,0.91,11.54,0.44,-0.57,0.87,0.58,6.0,0.88,159.87,0.65,0.679,18,12,0.75,0.282,0.771,1.0,0.757,53.7,0.514
7.44,3.64,2.86,0.16,6.51,14.59,0.58,6.0,0.88,66.51,0.66,0.636,17,8,0.656,0.468,0.597,1.0,0.549,55.2,0.515
1.96,0.79,11.62,0.45,0.56,2.45,1.0,2.0,0.95,121.7,0.92,0.986,7,12,0.92,0.488,0.509,0.0,0.957,71.2,0.569
3.44,0.69,5.16,0.22,2.92,6.04,1.0,2.0,0.95,173.77,0.56,0.332,15,4,0.639,0.582,0.732,0.0,0.409,60.6,0.447
9.46,2.3,4.97,0.21,8.36,16.89,0.35,8.0,0.55,102.32,0.74,0.815,1,6,0.529,0.885,0.659,0.0,0.426,29.1,0.215
4.25,4.98,2.74,0.1,3.37,9.44,0.58,6.0,0.88,141.85,0.94,0.385,5,5,0.604,0.461,0.864,0.0,0.806,62.8,0.472
2.73,6.06,15.87,0.58,1.54,2.94,0.58,6.0,0.88,90.18,0.97,0.468,2,8,0.475,0.825,0.728,1.0,0.962,52.7,0.51
2.49,3.38,9.51,0.38,1.02,3.41,0.58,6.0,0.88,139.99,0.75,0.292,7,8,0.499,0.103,0.775,0.0,0.881,64.6,0.585
8.16,4.61,7.26,0.38,7.48,11.18,0.58,6.0,0.88,130.05,0.93,0.569,17,9,0.708,0.329,0.862,0.0,0.576,52.0,0.382
1.9,5.32,8.4,0.41,0.81,2.5,0.35,8.0,0.55,84.4,0.81,0.503,12,7,0.973,0.878,0.842,0.0,0.95,59.2,0.406
8.23,0.66,10.28,0.49,7.12,9.8,0.35,8.0,0.55,60.48,0.74,0.372,2,1,0.553,0.444,0.402,1.0,0.976,46.8,0.575
4.22,1.39,1.48,0.08,3.16,9.81,0.58,6.0,0.88,114.74,0.63,0.497,17,4,0.686,0.649,0.48,0.0,0.42,60.7,0.395
5.5,2.14,7.09,0.39,4.55,7.43,1.0,2.0,0.95,74.43,0.87,0.911,6,10,0.518,0.388,0.494,0.0,0.594,52.5,0.376
2.42,3.83,4.53,0.2,1.55,4.4,0.82,4.0,1.0,42.8,0.62,0.613,13,3,0.977,0.11,0.72,0.0,0.425,70.3,0.522
2.11,3.91,3.45,0.16,1.27,4.14,0.58,6.0,0.88,121.9,0.66,0.913,10,8,0.728,0.523,0.806,0.0,0.537,72.8,0.546
6.3,6.38,3.84,0.2,5.43,11.45,0.35,8.0,0.55,37.19,0.61,0.543,8,10,0.547,0.7,0.665,1.0,0.408,42.1,0.436
2.27,0.74,14.5,0.79,0.44,1.99,1.0,2.0,0.95,124.68,0.77,0.384,6,5,0.969,0.921,0.644,0.0,0.862,50.8,0.427
5.69,6.27,4.99,0.26,4.59,9.33,0.58,6.0,0.88,155.96,0.76,0.573,17,10,0.673,0.751,0.829,1.0,0.927,53.5,0.56
7.22,2.04,8.97,0.43,6.12,9.26,0.58,6.0,0.88,67.81,0.76,0.482,6,7,0.9,0.688,0.907,0.0,0.634,46.1,0.342
8.42,1.1,16.51,0.76,6.91,7.59,0.35,8.0,0.55,168.55,0.68,0.893,8,7,0.767,0.925,0.427,0.0,0.839,40.0,0.361
2.51,2.09,16.83,0.87,0.98,2.06,0.58,6.0,0.88,5.0,0.97,0.387,17,12,0.773,0.022,0.652,1.0,0.372,48.0,0.567
5.42,2.62,9.0,0.34,4.47,7.86,0.58,6.0,0.88,41.63,0.77,0.628,9,7,0.487,0.331,0.931,0.0,0.42,52.4,0.392
7.46,4.04,17.76,0.83,5.7,6.32,0.58,6.0,0.88,177.98,0.7,0.148,9,10,0.457,0.761,0.541,1.0,0.614,46.6,0.422
4.94,0.21,11.82,0.64,3.21,4.99,1.0,2.0,0.95,108.66,0.77,0.15,12,4,0.684,0.556,0.456,1.0,0.977,54.9,0.557
4.68,2.94,11.82,0.63,3.22,4.78,0.58,6.0,0.88,22.91,0.88,0.326,3,7,0.608,0.745,0.8,0.0,0.677,42.8,0.394
11.13,0.4,8.19,0.31,9.85,16.86,0.35,8.0,0.55,100.28,0.74,0.796,18,11,0.921,0.992,0.685,1.0,0.658,33.8,0.406
9.53,5.6,12.34,0.67,8.24,9.34,0.35,8.0,0.55,125.47,0.71,0.5,18,7,0.888,0.094,0.584,1.0,0.413,45.3,0.548
4.12,1.38,16.77,0.85,2.67,3.43,1.0,2.0,0.95,73.53,0.56,0.668,16,3,0.777,0.501,0.642,0.0,0.723,56.0,0.39
1.29,1.13,12.01,0.44,0.09,1.63,1.0,2.0,0.95,37.82,0.89,0.703,6,7,0.615,0.596,0.78,0.0,0.875,68.2,0.444
2.13,1.4,2.9,0.11,1.5,4.63,1.0,2.0,0.95,141.4,0.59,0.794,15,3,0.758,0.645,0.507,1.0,0.685,76.7,0.673
1.01,0.09,12.43,0.64,-0.16,1.02,1.0,2.0,0.95,77.76,0.57,0.653,18,11,0.507,0.185,0.923,0.0,0.653,56.7,0.496
5.16,0.21,2.55,0.14,4.55,10.53,1.0,2.0,0.95,37.39,0.9,0.698,14,6,0.95,0.95,0.455,0.0,0.37,53.8,0.329
6.84,0.25,6.26,0.34,5.75,9.91,0.82,4.0,1.0,104.64,0.58,0.647,15,2,0.62,0.028,0.866,0.0,0.402,59.9,0.519
0.56,4.64,1.93,0.07,-0.38,1.33,0.58,6.0,0.88,63.16,0.93,0.158,6,9,0.691,0.765,0.592,0.0,0.599,56.9,0.31
3.38,0.58,0.15,0.01,3.04,9.39,1.0,2.0,0.95,109.72,0.66,0.916,4,10,0.499,0.276,0.464,0.0,0.511,68.5,0.502
4.41,0.73,7.37,0.4,3.46,5.88,1.0,2.0,0.95,42.47,0.99,0.562,8,6,0.943,0.065,0.492,1.0,0.902,66.2,0.673
8.8,3.15,17.65,0.69,7.56,8.46,0.58,6.0,0.88,138.18,0.86,0.944,10,8,0.629,0.805,0.84,0.0,0.913,43.9,0.353
2.48,5.71,16.74,0.81,1.39,2.14,0.35,8.0,0.55,114.27,0.83,0.401,11,9,0.743,0.1,0.615,1.0,0.649,58.4,0.528
4.37,3.78,16.15,0.6,2.68,4.6,0.35,8.0,0.55,84.22,0.58,0.821,13,2,0.951,0.285,0.851,0.0,0.507,51.3,0.473
2.49,2.61,2.59,0.11,1.86,5.41,0.58,6.0,0.88,149.66,0.76,0.07,15,11,0.902,0.384,0.468,1.0,0.731,65.0,0.595
2.21,2.08,5.66,0.22,1.49,3.88,0.82,4.0,1.0,95.43,0.67,0.93,8,10,0.589,0.411,0.749,1.0,0.601,73.6,0.584
1.23,6.37,9.4,0.37,0.42,1.71,0.58,6.0,0.88,158.67,0.65,0.315,10,2,0.619,0.337,0.505,0.0,0.641,63.9,0.506
1.33,1.2,10.89,0.41,0.32,1.75,1.0,2.0,0.95,165.29,0.73,0.106,7,2,0.512,0.822,0.972,1.0,0.666,56.9,0.56
7.69,6.92,11.99,0.52,6.2,8.84,0.35,8.0,0.55,31.49,0.93,0.106,2,8,0.954,0.141,0.585,1.0,0.381,40.5,0.491
4.76,2.08,11.4,0.62,3.04,4.91,1.0,2.0,0.95,50.4,0.87,0.683,1,6,0.918,0.865,0.641,0.0,0.94,52.5,0.443
7.07,5.69,9.38,0.37,6.06,9.82,0.58,6.0,0.88,83.89,0.8,0.074,1,5,0.918,0.582,0.501,1.0,0.868,46.3,0.521
2.9,2.2,3.44,0.15,1.96,5.8,1.0,2.0,0.95,137.5,0.56,0.854,11,4,0.879,0.195,0.433,0.0,0.558,71.9,0.532
3.5,0.22,9.51,0.37,2.61,4.86,0.35,8.0,0.55,32.36,0.59,0.791,10,12,0.593,0.488,0.896,1.0,0.576,49.7,0.498
9.19,4.69,0.56,0.02,8.45,24.84,0.58,6.0,0.88,41.45,0.78,0.464,5,1,0.493,0.034,0.816,0.0,0.924,58.7,0.503
0.69,2.92,12.23,0.55,-0.51,0.77,0.82,4.0,1.0,66.96,0.91,0.347,15,2,0.837,0.506,0.913,1.0,0.439,55.6,0.376
3.08,3.05,14.19,0.63,1.59,3.14,0.35,8.0,0.55,128.03,0.67,0.711,7,2,0.785,0.108,0.405,0.0,0.858,54.7,0.433
2.71,2.04,16.32,0.88,0.99,2.2,0.82,4.0,1.0,125.26,0.73,0.733,16,7,0.641,0.977,0.45,0.0,0.856,57.7,0.468
1.1,6.2,1.39,0.05,0.51,2.75,0.35,8.0,0.55,11.85,0.75,0.564,7,10,0.512,0.67,0.955,0.0,0.877,66.0,0.452
4.39,2.11,4.85,0.2,3.68,7.98,1.0,2.0,0.95,50.88,0.63,0.542,11,12,0.968,0.313,0.745,0.0,0.386,58.8,0.397
7.94,2.53,12.28,0.58,6.62,8.54,0.58,6.0,0.88,152.01,0.92,0.532,18,7,0.853,0.202,0.435,1.0,0.956,50.5,0.592
4.02,2.59,8.01,0.42,3.24,5.22,0.35,8.0,0.55,72.07,0.82,0.22,15,11,0.522,0.262,0.934,1.0,0.407,49.6,0.531
7.82,3.29,11.58,0.53,6.96,8.89,0.58,6.0,0.88,20.13,0.87,0.557,14,3,0.588,0.197,0.933,1.0,0.825,45.1,0.583
4.09,1.63,8.21,0.33,3.17,6.01,0.35,8.0,0.55,48.26,0.74,0.873,14,6,0.905,0.366,0.545,1.0,0.466,54.7,0.579
3.67,0.51,7.97,0.33,2.71,5.4,1.0,2.0,0.95,77.53,0.71,0.521,3,3,0.886,0.703,0.574,1.0,0.623,63.6,0.495
4.69,5.73,13.36,0.54,3.8,5.27,0.58,6.0,0.88,46.15,0.97,0.112,3,4,0.759,0.379,0.932,0.0,0.456,49.5,0.361
5.18,6.39,3.22,0.18,4.06,9.77,0.35,8.0,0.55,17.0,0.96,0.123,12,1,0.881,0.712,0.51,1.0,0.677,54.0,0.48
5.88,3.29,3.7,0.16,5.23,11.53,0.58,6.0,0.88,89.28,0.63,0.325,15,2,0.954,0.572,0.592,1.0,0.521,57.8,0.517
4.7,6.54,12.36,0.67,3.72,4.61,0.58,6.0,0.88,132.13,0.95,0.138,16,2,0.708,0.385,0.74,1.0,0.521,50.9,0.566
4.52,0.98,14.96,0.72,3.52,4.22,0.82,4.0,1.0,3.98,0.63,0.698,12,6,0.948,0.723,0.557,1.0,0.948,47.1,0.44
7.35,0.43,10.0,0.43,6.35,9.42,0.82,4.0,1.0,101.8,0.67,0.283,16,11,0.682,0.693,0.961,0.0,0.43,52.6,0.39
4.48,2.45,12.62,0.59,3.15,4.77,0.82,4.0,1.0,66.53,0.79,0.944,10,9,0.547,0.417,0.571,0.0,0.392,56.6,0.365
5.54,1.8,0.82,0.05,5.15,13.85,0.82,4.0,1.0,77.21,0.65,0.804,16,4,0.721,0.029,0.801,0.0,0.664,61.7,0.53
0.85,1.67,10.1,0.52,0.02,0.98,0.82,4.0,1.0,46.17,0.57,0.318,10,10,0.719,0.327,0.973,0.0,0.826,69.4,0.583
0.91,6.49,1.3,0.06,0.58,2.22,0.58,6.0,0.88,107.39,0.66,0.477,4,5,0.5,0.957,0.946,0.0,0.398,63.6,0.386
7.21,2.32,10.75,0.56,5.94,7.92,0.82,4.0,1.0,151.65,0.63,0.168,5,4,0.716,0.124,0.923,1.0,0.525,55.9,0.507
3.16,6.65,6.96,0.3,1.99,4.86,0.35,8.0,0.55,46.94,0.63,0.263,16,7,0.472,0.727,0.893,1.0,0.588,54.6,0.511
8.63,1.92,8.66,0.33,7.92,12.69,0.58,6.0,0.88,77.44,0.97,0.192,8,11,0.58,0.305,0.537,1.0,0.378,48.0,0.518
1.64,0.7,8.02,0.37,0.6,2.28,0.82,4.0,1.0,160.35,1.0,0.386,7,5,0.811,0.671,0.442,1.0,0.488,69.9,0.603
4.11,1.16,1.5,0.06,3.2,10.02,1.0,2.0,0.95,168.83,0.68,0.915,5,5,0.508,0.85,0.748,0.0,0.574,58.7,0.39
4.02,2.26,2.68,0.1,3.48,8.93,0.82,4.0,1.0,89.23,0.67,0.57,1,10,0.543,0.231,0.657,1.0,0.873,61.9,0.587
7.4,3.94,5.11,0.2,6.83,13.45,0.58,6.0,0.88,179.25,0.96,0.49,8,8,0.528,0.562,0.495,0.0,0.479,52.2,0.401
3.82,1.59,17.8,0.79,2.24,3.35,0.82,4.0,1.0,148.29,0.65,0.564,3,4,0.964,0.196,0.923,0.0,0.895,66.6,0.511
1.1,2.02,4.54,0.17,0.09,2.12,1.0,2.0,0.95,111.54,0.75,0.384,15,1,0.638,0.107,0.903,0.0,0.578,77.1,0.581
6.84,3.48,4.08,0.19,6.26,12.67,0.82,4.0,1.0,114.55,0.91,0.37,4,4,0.628,0.551,0.466,0.0,0.795,54.0,0.403
4.96,1.0,14.79,0.76,3.16,4.47,1.0,2.0,0.95,115.04,0.61,0.08,15,4,0.961,0.54,0.501,0.0,0.747,56.8,0.386
6.36,5.56,15.68,0.67,4.81,6.24,0.35,8.0,0.55,75.66,0.65,0.763,1,10,0.78,0.413,0.565,1.0,0.856,48.7,0.556
3.84,3.81,17.04,0.72,2.34,3.59,0.35,8.0,0.55,137.5,0.81,0.963,3,1,0.518,0.936,0.577,0.0,0.681,41.1,0.268
1.4,1.98,3.43,0.14,0.68,2.86,0.82,4.0,1.0,53.6,0.78,0.426,5,1,0.819,0.082,0.541,0.0,0.884,78.1,0.628
1.58,2.66,17.12,0.63,-0.12,1.61,0.82,4.0,1.0,14.6,0.59,0.58,13,5,0.919,0.765,0.969,1.0,0.409,48.1,0.409
8.81,5.27,10.89,0.56,7.47,9.68,0.58,6.0,0.88,140.3,0.97,0.615,18,3,0.679,0.019,0.706,0.0,0.528,45.9,0.389
0.8,0.16,9.51,0.37,-0.27,1.11,0.35,8.0,0.55,154.87,0.85,0.917,3,4,0.818,0.267,0.667,0.0,0.905,54.9,0.486
4.37,2.35,11.88,0.59,2.88,4.65,0.82,4.0,1.0,112.92,0.55,0.88,9,3,0.717,0.833,0.484,1.0,0.428,47.8,0.396
2.0,8.7,10.06,0.41,1.16,2.63,0.35,8.0,0.55,96.63,0.58,0.854,4,1,0.502,0.362,0.458,1.0,0.963,68.4,0.641
5.5,4.48,5.07,0.2,4.92,10.0,0.58,6.0,0.88,7.98,0.75,0.863,15,11,0.665,0.909,0.789,0.0,0.415,36.3,0.298
3.41,0.55,13.09,0.51,2.05,3.97,0.58,6.0,0.88,51.56,0.61,0.254,11,12,0.878,0.164,0.446,1.0,0.839,52.2,0.587
2.83,0.86,2.74,0.14,2.33,5.78,1.0,2.0,0.95,140.37,0.96,0.404,9,5,0.883,0.92,0.698,0.0,0.662,64.5,0.466
7.19,5.79,3.85,0.17,6.09,13.83,0.58,6.0,0.88,15.08,0.59,0.729,16,12,0.865,0.711,0.53,0.0,0.934,47.5,0.357
4.75,3.62,9.55,0.43,3.56,6.09,0.58,6.0,0.88,81.02,0.56,0.831,17,10,0.745,0.102,0.483,1.0,0.869,57.6,0.554
7.02,1.06,17.75,0.66,5.33,6.95,0.82,4.0,1.0,61.94,0.74,0.254,5,11,0.52,0.824,0.927,0.0,0.441,37.3,0.243
6.17,6.29,2.54,0.09,5.52,14.02,0.58,6.0,0.88,148.4,0.9,0.767,15,7,0.457,0.765,0.463,0.0,0.575,51.1,0.35
1.93,0.23,5.6,0.2,1.02,3.51,0.58,6.0,0.88,93.13,0.8,0.24,1,4,0.824,0.435,0.639,1.0,0.622,66.0,0.615
6.26,1.76,15.57,0.66,5.1,6.2,0.82,4.0,1.0,101.57,0.6,0.645,15,7,0.802,0.993,0.807,0.0,0.443,45.7,0.358
10.62,8.67,5.87,0.24,9.74,18.0,0.35,8.0,0.55,77.79,0.9,0.585,14,6,0.767,0.891,0.962,0.0,0.697,33.6,0.339
8.14,3.64,17.55,0.84,6.44,6.84,0.35,8.0,0.55,34.62,0.87,0.813,15,7,0.579,0.295,0.662,0.0,0.376,35.7,0.34
6.06,3.22,16.2,0.83,4.36,5.14,0.35,8.0,0.55,121.97,0.58,0.511,9,3,0.915,0.046,0.567,1.0,0.493,50.0,0.499
7.44,8.63,14.58,0.56,6.52,8.18,0.35,8.0,0.55,143.56,0.75,0.573,2,1,0.527,0.747,0.512,1.0,0.47,38.3,0.45
6.64,0.21,0.5,0.03,5.59,17.47,0.35,8.0,0.55,151.55,0.95,0.221,17,9,0.614,0.856,0.755,1.0,0.563,47.4,0.444
3.82,2.47,0.91,0.05,3.01,9.55,0.82,4.0,1.0,67.2,0.67,0.566,14,7,0.688,0.73,0.557,1.0,0.438,65.7,0.56
3.78,2.15,12.83,0.6,2.59,3.98,1.0,2.0,0.95,17.2,1.0,0.353,9,8,0.896,0.482,0.558,0.0,0.845,48.2,0.374
5.24,7.06,9.51,0.37,3.97,7.28,0.35,8.0,0.55,3.11,0.79,0.308,12,1,0.666,0.597,0.867,1.0,0.601,46.9,0.481
1.31,1.96,14.96,0.54,-0.29,1.47,1.0,2.0,0.95,174.58,0.84,0.459,13,3,0.453,0.493,0.639,0.0,0.752,50.1,0.37
3.1,2.13,7.12,0.27,2.54,5.0,0.35,8.0,0.55,18.12,0.93,0.661,14,1,0.688,0.606,0.556,1.0,0.756,52.5,0.497
5.64,2.59,5.01,0.18,4.38,10.64,0.82,4.0,1.0,49.76,0.87,0.114,13,2,0.643,0.044,0.858,1.0,0.734,60.1,0.563
1.35,1.46,16.54,0.74,0.1,1.24,0.82,4.0,1.0,140.56,0.83,0.298,12,11,0.957,0.043,0.768,0.0,0.623,64.4,0.505
0.47,4.28,12.77,0.59,-1.2,0.5,0.58,6.0,0.88,164.11,0.8,0.167,7,4,0.65,0.291,0.86,0.0,0.686,50.4,0.207
5.65,1.73,4.99,0.19,4.54,10.46,0.82,4.0,1.0,18.97,0.69,0.975,14,2,0.869,0.876,0.769,1.0,0.697,49.1,0.521
2.21,1.05,11.73,0.65,0.9,2.21,1.0,2.0,0.95,149.21,0.66,0.141,1,7,0.459,0.734,0.715,0.0,0.438,59.5,0.357
1.15,1.38,12.99,0.47,0.2,1.4,1.0,2.0,0.95,99.9,0.95,0.466,10,8,0.477,0.41,0.603,1.0,0.864,65.6,0.637
4.34,1.47,3.29,0.17,3.44,8.35,1.0,2.0,0.95,82.25,0.75,0.783,14,5,0.872,0.445,0.778,1.0,0.768,63.5,0.564
1.08,0.99,2.42,0.11,0.23,2.35,1.0,2.0,0.95,13.44,0.93,0.113,5,9,0.834,0.029,0.622,0.0,0.846,68.3,0.525
6.16,4.06,11.93,0.52,5.06,7.08,0.82,4.0,1.0,88.63,0.7,0.166,14,9,0.489,0.274,0.85,0.0,0.754,50.4,0.425
6.62,6.35,14.74,0.58,5.24,7.12,0.58,6.0,0.88,167.97,0.75,0.822,3,8,0.504,0.124,0.478,0.0,0.734,53.3,0.448
0.97,6.59,17.22,0.71,-0.6,0.92,0.58,6.0,0.88,31.98,0.83,0.779,7,2,0.86,0.991,0.575,1.0,0.617,42.4,0.273
4.81,4.16,16.73,0.88,3.18,3.91,0.82,4.0,1.0,44.03,0.98,0.206,6,10,0.566,0.952,0.58,0.0,0.885,39.4,0.316
4.77,5.89,12.45,0.51,3.27,5.55,0.58,6.0,0.88,3.52,0.94,0.746,18,11,0.72,0.657,0.532,0.0,0.361,44.4,0.321
4.52,3.84,5.58,0.22,3.91,7.93,0.82,4.0,1.0,93.56,0.71,0.662,5,10,0.802,0.564,0.711,1.0,0.477,56.2,0.49
1.7,2.18,8.12,0.31,0.99,2.58,1.0,2.0,0.95,40.61,0.94,0.606,2,2,0.733,0.878,0.435,1.0,0.751,64.0,0.555
1.41,2.53,14.65,0.79,0.27,1.24,0.82,4.0,1.0,32.76,0.78,0.069,14,9,0.871,0.937,0.669,0.0,0.927,51.4,0.401
6.08,4.25,0.58,0.03,5.74,16.0,0.58,6.0,0.88,168.49,0.8,0.989,14,7,0.93,0.35,0.432,1.0,0.618,67.5,0.566
0.61,0.37,12.29,0.54,-0.53,0.69,1.0,2.0,0.95,82.92,0.91,0.473,8,11,0.774,0.566,0.592,0.0,0.778,60.6,0.389
1.4,0.69,7.33,0.32,0.08,2.09,0.35,8.0,0.55,140.3,0.96,0.669,4,9,0.646,0.18,0.939,0.0,0.939,64.6,0.549
5.9,1.08,10.47,0.47,4.44,7.2,0.58,6.0,0.88,113.24,0.73,0.147,14,2,0.512,0.372,0.421,0.0,0.409,41.9,0.373
5.14,1.76,4.16,0.18,4.12,9.7,1.0,2.0,0.95,73.49,0.71,0.904,16,2,0.772,0.985,0.592,0.0,0.707,52.2,0.321
4.26,3.58,1.29,0.06,3.53,10.39,0.82,4.0,1.0,122.76,0.94,0.949,8,11,0.703,0.797,0.499,0.0,0.601,63.8,0.449
1.21,3.41,12.56,0.67,-0.5,1.19,0.82,4.0,1.0,7.4,0.82,0.624,6,10,0.907,0.527,0.971,1.0,0.679,52.0,0.387
0.85,0.46,5.87,0.25,-0.04,1.42,1.0,2.0,0.95,156.46,0.59,0.899,3,3,0.481,0.686,0.816,0.0,0.672,62.6,0.454
2.87,5.8,5.8,0.27,2.12,4.63,0.35,8.0,0.55,71.59,0.97,0.639,13,3,0.888,0.892,0.819,0.0,0.356,51.6,0.319
3.68,3.83,17.52,0.82,1.82,3.15,0.82,4.0,1.0,146.84,0.78,0.365,18,12,0.457,0.731,0.664,0.0,0.485,54.6,0.354
1.85,1.85,5.45,0.26,0.68,3.03,1.0,2.0,0.95,65.26,0.71,0.383,8,2,0.483,0.044,0.479,1.0,0.896,72.7,0.688
3.8,8.26,8.54,0.38,3.11,5.21,0.35,8.0,0.55,95.16,0.98,0.217,12,6,0.52,0.098,0.635,0.0,0.843,52.9,0.484
4.48,0.11,12.0,0.48,3.47,5.4,0.58,6.0,0.88,117.1,0.92,0.446,10,10,0.883,0.445,0.493,1.0,0.559,57.0,0.581
6.35,3.2,14.66,0.71,4.7,5.99,0.82,4.0,1.0,26.61,0.56,0.545,3,3,0.536,0.969,0.737,0.0,0.738,33.9,0.324
9.34,0.75,2.67,0.1,8.78,20.76,0.58,6.0,0.88,55.13,0.69,0.174,2,1,0.915,0.303,0.471,1.0,0.87,50.8,0.564
3.27,2.04,3.65,0.17,2.54,6.29,1.0,2.0,0.95,19.24,0.55,0.73,15,1,0.812,0.177,0.572,0.0,0.396,60.0,0.508
6.03,3.19,11.58,0.45,4.94,7.54,0.82,4.0,1.0,27.46,0.98,0.309,13,8,0.772,0.914,0.803,1.0,0.443,44.7,0.453
9.75,1.59,11.66,0.47,8.23,11.89,0.35,8.0,0.55,88.11,0.9,0.728,2,7,0.843,0.651,0.951,1.0,0.533,42.6,0.503
3.7,2.95,6.97,0.28,2.86,5.87,0.58,6.0,0.88,153.61,0.76,0.142,3,4,0.644,0.728,0.505,1.0,0.646,52.3,0.529
3.21,1.52,3.7,0.14,2.73,6.55,0.58,6.0,0.88,134.71,0.97,0.124,14,9,0.548,0.878,0.967,0.0,0.742,47.9,0.342
0.39,4.58,5.27,0.21,-0.64,0.7,0.35,8.0,0.55,175.52,0.57,0.177,17,1,0.852,0.109,0.677,1.0,0.414,58.7,0.515
3.13,0.6,1.46,0.05,1.99,7.83,1.0,2.0,0.95,89.26,0.86,0.119,6,8,0.62,0.014,0.768,0.0,0.96,65.6,0.593
1.69,1.37,14.41,0.55,0.17,1.88,0.82,4.0,1.0,139.9,0.93,0.234,6,11,0.718,0.096,0.888,1.0,0.705,71.1,0.596
4.41,0.51,8.55,0.31,3.52,6.68,1.0,2.0,0.95,144.06,0.9,0.719,15,2,0.757,0.59,0.958,1.0,0.68,64.5,0.554
1.4,2.42,7.8,0.33,0.47,2.06,0.35,8.0,0.55,124.74,0.81,0.089,15,4,0.944,0.99,0.928,0.0,0.635,52.1,0.417
4.53,0.32,11.18,0.5,3.23,5.33,1.0,2.0,0.95,5.39,0.93,0.767,15,4,0.508,0.429,0.518,1.0,0.957,51.9,0.554
1.67,3.25,7.45,0.39,0.65,2.26,0.58,6.0,0.88,152.26,0.55,0.335,12,11,0.51,0.017,0.461,1.0,0.673,62.9,0.585
0.9,0.62,12.19,0.44,-0.22,1.14,1.0,2.0,0.95,88.16,0.96,0.706,17,11,0.905,0.608,0.889,1.0,0.7,58.7,0.532
5.8,1.58,12.93,0.55,4.52,6.44,0.58,6.0,0.88,107.17,0.95,0.682,7,7,0.716,0.906,0.554,0.0,0.549,38.0,0.332
1.09,0.11,13.18,0.52,-0.13,1.25,0.35,8.0,0.55,28.86,0.77,0.409,12,4,0.772,0.797,0.808,1.0,0.62,45.3,0.429
3.36,3.73,5.53,0.2,2.54,6.11,0.82,4.0,1.0,75.89,0.75,0.251,3,5,0.94,0.82,0.597,0.0,0.656,53.5,0.363
0.69,6.11,1.3,0.05,-0.25,1.73,0.58,6.0,0.88,27.24,0.88,0.431,9,8,0.73,0.862,0.578,1.0,0.368,46.2,0.361
1.53,1.57,7.22,0.33,0.29,2.25,1.0,2.0,0.95,130.91,0.83,0.868,5,10,0.611,0.118,0.969,1.0,0.899,69.8,0.665
3.73,1.76,0.26,0.01,3.42,10.36,1.0,2.0,0.95,78.38,0.7,0.614,12,11,0.451,0.204,0.632,0.0,0.78,63.4,0.468
3.75,0.14,17.95,0.68,2.57,3.64,0.82,4.0,1.0,29.42,0.63,0.448,6,8,0.747,0.898,0.948,0.0,0.528,38.4,0.353
7.15,3.59,10.71,0.38,5.91,9.79,0.82,4.0,1.0,95.51,0.93,0.102,5,4,0.848,0.471,0.86,0.0,0.822,52.6,0.38
2.47,2.07,1.91,0.08,1.72,5.74,1.0,2.0,0.95,58.64,0.61,0.739,18,8,0.822,0.836,0.583,1.0,0.973,64.2,0.543
3.23,5.11,11.27,0.42,2.07,4.19,0.35,8.0,0.55,19.06,0.8,0.164,13,5,0.538,0.275,0.917,1.0,0.833,49.1,0.515
1.08,6.59,12.82,0.48,0.31,1.3,0.58,6.0,0.88,116.02,0.87,0.194,11,12,0.674,0.876,0.759,1.0,0.587,54.0,0.525
4.93,1.74,17.83,0.96,3.46,3.76,1.0,2.0,0.95,122.56,0.57,0.63,13,6,0.96,0.65,0.724,0.0,0.538,57.5,0.436
3.91,1.87,4.0,0.16,3.04,7.67,1.0,2.0,0.95,135.6,0.77,0.987,6,3,0.828,0.473,0.682,1.0,0.518,71.5,0.632
6.65,5.82,4.09,0.17,6.01,12.79,0.35,8.0,0.55,98.09,0.78,0.437,17,12,0.573,0.728,0.59,1.0,0.414,42.6,0.376
6.96,2.64,13.09,0.48,6.18,8.39,0.82,4.0,1.0,61.71,0.85,0.825,8,6,0.564,0.135,0.97,0.0,0.454,53.5,0.432
7.19,0.25,10.11,0.48,6.11,8.66,0.82,4.0,1.0,137.02,0.89,0.85,1,12,0.531,0.548,0.861,0.0,0.394,49.7,0.335
0.56,1.61,2.78,0.13,0.1,1.17,0.82,4.0,1.0,153.87,0.72,0.804,5,8,0.971,0.691,0.789,0.0,0.757,78.0,0.469
1.6,3.47,8.49,0.41,0.57,2.11,0.58,6.0,0.88,169.54,0.56,0.951,1,12,0.812,0.928,0.802,0.0,0.59,55.0,0.427
7.96,4.86,6.92,0.25,6.72,13.27,0.58,6.0,0.88,88.55,0.92,0.581,4,3,0.539,0.078,0.552,1.0,0.946,51.4,0.58
4.7,1.65,16.58,0.77,2.84,4.2,0.82,4.0,1.0,102.32,0.95,0.991,15,6,0.886,0.935,0.897,1.0,0.901,59.4,0.47
2.13,0.35,12.59,0.6,0.47,2.24,1.0,2.0,0.95,158.53,0.91,0.641,2,12,0.944,0.541,0.81,1.0,0.377,67.9,0.618
4.75,1.12,13.03,0.52,3.23,5.46,0.82,4.0,1.0,115.47,0.59,0.413,11,2,0.454,0.768,0.518,1.0,0.745,59.8,0.554
4.46,2.19,11.15,0.41,3.01,5.87,1.0,2.0,0.95,140.59,0.57,0.709,16,8,0.897,0.328,0.937,1.0,0.578,66.1,0.577
4.46,1.29,7.49,0.28,3.21,7.08,0.82,4.0,1.0,127.3,0.58,0.318,11,8,0.72,0.374,0.881,0.0,0.715,56.1,0.479
3.37,1.33,13.91,0.75,2.05,3.06,1.0,2.0,0.95,153.83,0.92,0.42,13,3,0.836,0.34,0.456,0.0,0.411,63.0,0.405
9.41,2.14,0.01,0.0,8.93,26.89,0.35,8.0,0.55,88.16,0.77,0.681,14,9,0.796,0.921,0.659,0.0,0.618,40.4,0.266
5.42,1.39,17.06,0.94,3.67,4.2,1.0,2.0,0.95,161.65,0.83,0.462,6,3,0.6,0.989,0.596,0.0,0.565,47.0,0.282
2.2,4.35,14.27,0.75,0.51,2.0,0.82,4.0,1.0,15.65,0.57,0.272,11,8,0.961,0.041,0.912,0.0,0.761,60.9,0.529
8.01,6.45,4.4,0.19,7.15,14.83,0.58,6.0,0.88,12.48,0.64,0.905,11,4,0.749,0.859,0.8,0.0,0.67,43.6,0.329
2.15,2.98,17.48,0.67,1.11,2.11,0.82,4.0,1.0,76.5,0.91,0.667,12,1,0.679,0.842,0.523,0.0,0.874,60.1,0.412
6.71,3.29,4.97,0.26,5.47,11.0,0.35,8.0,0.55,101.33,0.76,0.372,8,10,0.581,0.062,0.868,0.0,0.912,44.8,0.492
0.82,1.07,6.62,0.26,-0.05,1.34,1.0,2.0,0.95,89.34,0.6,0.509,10,3,0.866,0.104,0.477,0.0,0.866,65.1,0.57
0.43,5.19,0.71,0.04,-0.38,1.1,0.35,8.0,0.55,68.01,0.6,0.139,8,11,0.9,0.539,0.847,1.0,0.473,55.3,0.404
0.42,3.51,15.62,0.72,-0.93,0.39,0.82,4.0,1.0,57.66,0.76,0.736,2,10,0.66,0.996,0.479,1.0,0.481,50.6,0.246
5.26,0.29,1.15,0.05,4.89,13.15,1.0,2.0,0.95,49.13,0.88,0.564,3,5,0.626,0.276,0.542,1.0,0.8,58.5,0.55
2.03,2.43,10.23,0.38,0.98,2.78,0.58,6.0,0.88,162.33,0.63,0.649,16,5,0.596,0.671,0.57,1.0,0.453,68.3,0.582
7.38,2.82,15.96,0.75,5.94,6.71,0.82,4.0,1.0,136.87,0.89,0.752,14,7,0.878,0.858,0.804,0.0,0.815,50.8,0.437
6.39,3.98,1.19,0.06,5.27,15.59,0.35,8.0,0.55,125.54,0.79,0.301,15,5,0.587,0.042,0.435,1.0,0.783,49.9,0.514
1.26,3.15,7.51,0.32,0.53,1.88,0.82,4.0,1.0,29.69,0.62,0.653,12,1,0.916,0.222,0.735,0.0,0.542,68.7,0.484
2.03,5.94,2.72,0.13,1.03,4.23,0.58,6.0,0.88,86.61,0.68,0.222,14,8,0.483,0.288,0.548,1.0,0.427,64.6,0.55
1.85,0.4,6.17,0.27,1.02,2.98,0.35,8.0,0.55,65.19,0.79,0.371,4,12,0.928,0.636,0.728,0.0,0.488,57.1,0.407
2.85,4.09,6.29,0.24,1.89,4.83,0.58,6.0,0.88,39.66,0.82,0.784,4,2,0.849,0.797,0.441,0.0,0.857,62.4,0.407
4.98,0.28,15.03,0.67,3.3,4.88,1.0,2.0,0.95,163.31,0.9,0.666,15,7,0.524,0.946,0.841,1.0,0.48,52.0,0.475
6.02,2.93,9.31,0.36,5.22,8.48,0.82,4.0,1.0,18.77,0.75,0.935,5,11,0.715,0.002,0.432,1.0,0.529,54.0,0.61
1.19,0.13,4.6,0.22,0.49,2.09,0.35,8.0,0.55,45.78,0.97,0.578,2,1,0.737,0.381,0.638,0.0,0.548,59.5,0.423
2.09,7.72,4.35,0.21,1.11,3.73,0.35,8.0,0.55,39.53,0.67,0.458,12,5,0.751,0.311,0.938,0.0,0.36,59.0,0.45
0.82,5.96,2.7,0.12,0.38,1.74,0.58,6.0,0.88,34.88,0.84,0.698,16,8,0.538,0.606,0.611,0.0,0.931,65.8,0.504
5.01,4.01,16.07,0.83,3.26,4.25,0.35,8.0,0.55,88.67,0.58,0.784,1,9,0.601,0.476,0.943,0.0,0.432,43.4,0.384
5.77,1.52,1.14,0.05,5.19,14.43,0.58,6.0,0.88,85.79,0.92,0.933,7,5,0.478,0.351,0.713,1.0,0.974,61.3,0.593
3.83,1.93,16.01,0.61,2.59,3.99,1.0,2.0,0.95,147.41,0.97,0.831,18,1,0.558,0.443,0.471,1.0,0.781,67.9,0.643
1.31,2.18,8.7,0.45,0.46,1.64,1.0,2.0,0.95,115.89,0.67,0.902,15,1,0.94,0.22,0.428,0.0,0.587,76.7,0.571
3.83,0.69,9.7,0.43,2.73,4.91,0.35,8.0,0.55,167.97,0.68,0.592,9,2,0.716,0.227,0.699,0.0,0.691,56.3,0.517
3.37,0.47,0.35,0.01,2.87,9.36,1.0,2.0,0.95,130.98,0.89,0.112,12,6,0.959,0.815,0.884,0.0,0.728,57.6,0.378
3.29,6.05,0.51,0.03,2.27,8.66,0.58,6.0,0.88,11.04,0.81,0.805,7,12,0.702,0.41,0.784,1.0,0.957,63.4,0.655
1.3,3.49,15.09,0.71,-0.44,1.23,0.82,4.0,1.0,139.61,0.83,0.248,7,12,0.91,0.126,0.878,1.0,0.643,54.4,0.548
0.6,4.46,11.15,0.48,-0.34,0.72,0.35,8.0,0.55,26.46,0.8,0.666,15,12,0.933,0.006,0.943,0.0,0.783,49.1,0.465
3.1,1.15,0.23,0.01,2.27,8.61,1.0,2.0,0.95,116.21,0.71,0.854,8,2,0.76,0.886,0.56,1.0,0.632,62.9,0.467
3.93,5.34,13.1,0.52,2.7,4.52,0.58,6.0,0.88,69.19,0.72,0.123,15,9,0.816,0.099,0.662,1.0,0.74,53.6,0.55
9.09,5.89,9.95,0.52,7.56,10.45,0.58,6.0,0.88,13.59,0.87,0.508,10,10,0.503,0.955,0.469,1.0,0.612,30.3,0.338
4.15,3.96,4.26,0.19,3.56,7.69,0.82,4.0,1.0,10.35,0.66,0.183,10,11,0.71,0.059,0.784,1.0,0.425,53.3,0.531
1.36,1.1,5.89,0.3,0.3,2.09,1.0,2.0,0.95,115.0,0.64,0.633,6,11,0.461,0.367,0.677,0.0,0.888,66.9,0.537
3.32,3.52,0.04,0.0,3.02,9.49,0.82,4.0,1.0,91.86,0.89,0.645,3,11,0.667,0.26,0.822,1.0,0.841,71.3,0.6
6.26,3.25,15.81,0.64,5.27,6.32,0.58,6.0,0.88,125.66,0.63,0.793,4,11,0.674,0.029,0.516,0.0,0.778,51.5,0.459
5.42,0.68,0.39,0.02,5.07,14.65,1.0,2.0,0.95,39.35,0.57,0.533,1,5,0.479,0.459,0.639,1.0,0.912,60.9,0.533
2.1,1.0,16.87,0.82,0.47,1.79,0.82,4.0,1.0,136.94,0.64,0.677,16,11,0.715,0.11,0.625,0.0,0.809,70.0,0.546
6.31,2.27,14.96,0.66,5.27,6.25,0.58,6.0,0.88,124.65,0.95,0.438,11,1,0.81,0.064,0.509,0.0,0.588,49.8,0.487
5.4,1.66,7.02,0.34,4.52,7.83,1.0,2.0,0.95,91.6,0.55,0.699,9,2,0.817,0.787,0.547,0.0,0.586,62.3,0.405
4.06,6.9,0.04,0.0,3.18,11.6,0.35,8.0,0.55,120.99,0.82,0.542,8,3,0.781,0.17,0.827,0.0,0.798,65.1,0.513
3.43,1.27,6.67,0.25,2.09,5.72,1.0,2.0,0.95,65.03,0.9,0.521,4,4,0.879,0.317,0.709,0.0,0.777,58.7,0.46
9.47,1.78,10.37,0.51,8.71,11.01,0.58,6.0,0.88,135.77,0.76,0.244,4,7,0.499,0.556,0.955,1.0,0.835,49.0,0.46
6.69,0.33,2.35,0.12,5.82,14.23,0.82,4.0,1.0,126.33,0.55,0.705,2,12,0.867,0.726,0.851,1.0,0.647,65.5,0.597
5.24,0.27,5.12,0.2,4.7,9.53,0.35,8.0,0.55,144.21,0.87,0.978,10,9,0.575,0.363,0.581,0.0,0.691,51.8,0.49
1.28,3.92,5.76,0.26,0.33,2.1,0.35,8.0,0.55,124.92,0.66,0.195,9,7,0.761,0.233,0.87,0.0,0.555,59.2,0.481
3.37,0.47,17.53,0.72,2.07,3.15,1.0,2.0,0.95,46.77,0.57,0.192,6,1,0.881,0.512,0.546,0.0,0.858,56.5,0.4
4.21,0.27,11.86,0.45,2.68,5.26,0.82,4.0,1.0,44.44,0.64,0.644,10,8,0.502,0.66,0.598,1.0,0.833,60.6,0.521
1.33,1.67,10.24,0.4,-0.03,1.77,1.0,2.0,0.95,20.19,0.79,0.787,12,11,0.908,0.25,0.665,1.0,0.494,52.5,0.575
6.09,4.64,4.97,0.21,4.82,10.88,0.58,6.0,0.88,168.68,0.78,0.723,15,6,0.813,0.816,0.675,0.0,0.97,52.3,0.439
6.71,0.63,11.91,0.52,5.41,7.71,0.82,4.0,1.0,163.45,0.94,0.406,15,11,0.879,0.157,0.914,0.0,0.804,61.0,0.493
3.2,0.98,3.97,0.15,2.16,6.4,1.0,2.0,0.95,45.8,0.8,0.08,18,8,0.709,0.452,0.446,1.0,0.932,66.3,0.635
2.26,1.41,17.41,0.91,0.5,1.79,1.0,2.0,0.95,131.06,0.91,0.234,13,7,0.545,0.973,0.637,0.0,0.663,49.2,0.404
10.73,7.27,10.47,0.41,9.71,14.12,0.35,8.0,0.55,48.28,0.56,0.112,5,4,0.763,0.894,0.607,1.0,0.776,31.4,0.378
10.89,8.21,7.34,0.3,10.24,16.75,0.35,8.0,0.55,30.96,0.93,0.057,12,7,0.895,0.686,0.601,0.0,0.381,37.2,0.252
2.17,5.85,3.67,0.16,1.01,4.25,0.58,6.0,0.88,81.99,0.55,0.671,12,10,0.83,0.227,0.759,0.0,0.53,65.8,0.472
2.12,0.7,10.61,0.56,0.91,2.33,0.82,4.0,1.0,8.53,0.64,0.549,3,12,0.877,0.122,0.65,0.0,0.692,60.1,0.518
7.39,1.3,11.29,0.41,6.31,9.72,0.58,6.0,0.88,124.84,0.61,0.581,2,4,0.852,0.263,0.436,1.0,0.698,49.7,0.567
8.3,4.87,15.78,0.67,6.69,8.14,0.58,6.0,0.88,99.37,0.76,0.173,7,6,0.504,0.917,0.43,1.0,0.957,33.9,0.387
0.59,2.43,15.46,0.61,-0.92,0.61,0.58,6.0,0.88,135.4,0.85,0.947,18,12,0.776,0.234,0.961,0.0,0.631,57.6,0.284
2.68,2.33,5.87,0.22,2.07,4.7,0.82,4.0,1.0,113.96,0.91,0.937,11,10,0.846,0.068,0.953,0.0,0.554,72.6,0.492
4.11,1.85,5.42,0.2,2.91,7.47,0.58,6.0,0.88,84.34,0.57,0.444,13,5,0.696,0.278,0.704,0.0,0.535,51.9,0.478
5.34,2.04,9.74,0.35,4.65,7.63,1.0,2.0,0.95,27.08,0.68,0.648,15,7,0.564,0.636,0.664,0.0,0.671,53.3,0.444
0.93,1.86,3.59,0.16,-0.21,1.82,1.0,2.0,0.95,165.12,0.82,0.607,4,12,0.711,0.565,0.412,1.0,0.637,65.9,0.558
1.06,2.24,13.17,0.58,0.17,1.14,0.82,4.0,1.0,42.6,0.74,0.829,6,6,0.645,0.52,0.442,0.0,0.507,62.0,0.396
6.25,2.25,7.68,0.31,5.06,9.47,0.82,4.0,1.0,100.77,0.75,0.079,16,1,0.776,0.309,0.801,1.0,0.97,61.7,0.637
5.11,1.25,13.36,0.48,3.84,6.16,1.0,2.0,0.95,64.36,0.91,0.74,17,11,0.489,0.039,0.945,0.0,0.81,56.5,0.479
4.9,1.92,3.29,0.13,3.82,10.21,0.58,6.0,0.88,170.4,0.57,0.563,2,8,0.834,0.583,0.858,0.0,0.52,54.8,0.358
4.57,0.16,8.45,0.34,3.65,6.62,0.82,4.0,1.0,149.78,0.93,0.847,8,12,0.569,0.375,0.584,0.0,0.628,61.4,0.413
3.79,1.43,15.7,0.7,2.43,3.61,0.82,4.0,1.0,154.88,0.62,0.182,14,4,0.928,0.943,0.952,0.0,0.939,53.0,0.385
1.34,2.17,15.02,0.7,0.3,1.28,1.0,2.0,0.95,89.61,0.59,0.789,5,5,0.791,0.321,0.509,1.0,0.942,70.4,0.624
0.86,0.56,12.68,0.63,-0.84,0.88,0.82,4.0,1.0,140.72,0.7,0.637,13,2,0.614,0.262,0.413,1.0,0.638,60.3,0.454
2.37,5.83,3.09,0.14,1.17,4.84,0.58,6.0,0.88,17.01,0.56,0.493,14,6,0.631,0.04,0.614,0.0,0.356,62.9,0.531
2.53,1.66,14.23,0.58,1.54,2.72,1.0,2.0,0.95,10.98,0.61,0.071,10,3,0.529,0.279,0.922,0.0,0.515,50.5,0.478
4.93,2.12,17.86,0.89,3.38,3.98,0.58,6.0,0.88,54.64,0.56,0.635,5,12,0.478,0.022,0.584,1.0,0.554,44.5,0.531
3.09,1.34,11.9,0.56,2.2,3.4,0.82,4.0,1.0,24.41,0.6,0.888,5,1,0.749,0.436,0.598,0.0,0.747,59.1,0.479
10.27,6.73,2.45,0.11,9.4,22.33,0.35,8.0,0.55,83.36,0.81,0.635,9,9,0.563,0.57,0.701,1.0,0.517,44.9,0.481
2.65,0.18,8.39,0.39,1.63,3.58,1.0,2.0,0.95,63.91,0.65,0.122,14,11,0.877,0.845,0.699,1.0,0.638,53.3,0.464
3.8,1.36,7.51,0.42,2.98,4.94,1.0,2.0,0.95,5.37,0.8,0.964,17,11,0.947,0.702,0.667,0.0,0.773,53.7,0.394
3.07,6.29,16.12,0.68,1.67,2.98,0.58,6.0,0.88,61.68,0.55,0.812,6,2,0.936,0.573,0.416,0.0,0.7,52.1,0.432
4.54,1.82,12.84,0.62,3.54,4.68,0.82,4.0,1.0,146.55,0.8,0.27,18,5,0.567,0.168,0.612,1.0,0.495,61.8,0.628
5.04,4.46,11.31,0.59,3.99,5.36,0.35,8.0,0.55,19.0,0.89,0.5,7,12,0.541,0.645,0.748,1.0,0.859,43.8,0.45
2.94,1.94,6.2,0.23,2.4,5.07,0.82,4.0,1.0,143.04,0.92,0.997,16,11,0.894,0.872,0.544,1.0,0.708,65.4,0.484
7.04,0.59,2.6,0.1,6.31,15.64,0.82,4.0,1.0,118.88,0.85,0.198,5,9,0.716,0.534,0.821,0.0,0.777,62.4,0.498
0.65,0.81,1.1,0.04,0.26,1.67,1.0,2.0,0.95,136.35,0.79,0.154,1,7,0.853,0.91,0.801,1.0,0.783,71.6,0.536
2.08,1.76,11.96,0.52,1.14,2.39,0.82,4.0,1.0,73.75,0.68,0.161,18,6,0.828,0.873,0.783,0.0,0.891,60.4,0.456
4.54,0.62,12.53,0.57,3.64,4.93,1.0,2.0,0.95,173.93,0.68,0.841,7,9,0.931,0.758,0.776,1.0,0.73,58.8,0.586
3.3,1.21,16.37,0.78,1.99,2.92,1.0,2.0,0.95,25.31,0.75,0.354,7,8,0.906,0.889,0.546,0.0,0.928,41.7,0.317
8.97,4.96,5.16,0.27,8.12,14.47,0.35,8.0,0.55,109.5,0.77,0.669,8,9,0.765,0.678,0.441,0.0,0.949,46.9,0.455
5.67,5.32,7.77,0.37,4.99,7.88,0.58,6.0,0.88,95.93,0.82,0.19,8,2,0.768,0.075,0.93,1.0,0.955,54.5,0.579
8.75,2.56,8.75,0.48,7.83,10.54,0.35,8.0,0.55,100.84,0.86,0.522,16,5,0.706,0.601,0.927,1.0,0.736,43.3,0.477
2.03,2.15,7.14,0.36,0.83,2.86,0.82,4.0,1.0,137.22,0.73,0.93,2,12,0.899,0.167,0.931,0.0,0.427,73.9,0.514
1.93,4.66,1.82,0.08,1.48,4.49,0.58,6.0,0.88,41.46,0.71,0.42,9,11,0.735,0.282,0.478,0.0,0.809,69.7,0.541
6.06,0.67,13.59,0.57,5.11,6.59,0.82,4.0,1.0,41.45,0.96,0.292,18,4,0.453,0.112,0.411,1.0,0.978,52.2,0.626
0.47,5.26,11.46,0.5,-1.02,0.55,0.35,8.0,0.55,100.12,0.99,0.351,14,7,0.842,1.0,0.858,0.0,0.545,40.8,0.173
9.63,0.25,1.88,0.08,8.95,22.4,0.35,8.0,0.55,64.59,0.93,0.213,10,8,0.521,0.202,0.552,1.0,0.779,48.4,0.485
5.07,0.9,17.81,0.75,3.26,4.61,1.0,2.0,0.95,136.55,0.71,0.127,7,5,0.571,0.296,0.557,1.0,0.876,53.7,0.522
8.22,5.03,7.34,0.36,7.14,11.58,0.35,8.0,0.55,174.35,0.6,0.966,1,5,0.958,0.985,0.686,1.0,0.654,41.7,0.478
0.87,4.11,16.47,0.9,-0.95,0.7,0.58,6.0,0.88,166.49,0.82,0.382,3,12,0.949,0.938,0.94,0.0,0.569,40.8,0.145
4.76,0.66,12.03,0.63,3.72,4.86,0.82,4.0,1.0,27.59,0.86,0.06,9,7,0.705,0.919,0.527,0.0,0.7,39.8,0.358
1.13,2.09,10.09,0.37,-0.3,1.57,1.0,2.0,0.95,122.22,0.72,0.854,4,5,0.934,0.229,0.831,0.0,0.472,61.6,0.418
1.09,5.41,3.18,0.12,0.66,2.32,0.58,6.0,0.88,138.3,0.56,0.519,16,4,0.914,0.545,0.501,0.0,0.637,72.8,0.558
4.98,1.06,6.16,0.24,3.99,8.44,0.35,8.0,0.55,120.78,0.76,0.231,10,1,0.452,0.111,0.88,1.0,0.884,50.4,0.538
5.07,3.66,9.41,0.38,4.35,6.95,0.35,8.0,0.55,96.64,0.89,0.412,12,4,0.579,0.199,0.532,0.0,0.379,44.3,0.405
4.36,0.21,3.48,0.19,3.54,8.07,0.58,6.0,0.88,35.93,0.72,0.274,14,5,0.492,0.904,0.452,1.0,0.848,44.9,0.497
1.25,1.67,1.03,0.04,0.38,3.21,1.0,2.0,0.95,60.93,0.96,0.118,1,10,0.731,0.987,0.608,1.0,0.938,63.6,0.587
0.4,1.07,12.3,0.54,-1.09,0.45,1.0,2.0,0.95,19.65,0.61,0.757,1,9,0.693,0.192,0.458,0.0,0.597,51.5,0.215
0.4,0.48,1.86,0.09,-0.58,0.91,1.0,2.0,0.95,122.04,0.61,0.798,18,1,0.474,0.727,0.637,0.0,0.671,69.7,0.416
1.13,6.33,2.53,0.11,0.08,2.46,0.58,6.0,0.88,146.18,0.67,0.467,13,10,0.465,0.36,0.736,0.0,0.456,68.8,0.523
4.43,2.14,12.68,0.47,3.42,5.4,0.82,4.0,1.0,96.14,0.65,0.361,5,12,0.592,0.608,0.448,1.0,0.498,53.9,0.511
3.66,1.7,13.81,0.56,2.5,4.02,0.82,4.0,1.0,85.46,0.94,0.415,15,12,0.557,0.688,0.822,1.0,0.591,59.3,0.469
7.11,3.97,17.82,0.8,5.94,6.18,0.58,6.0,0.88,168.84,0.93,0.257,10,9,0.702,0.991,0.62,1.0,0.98,46.2,0.47
0.61,2.04,11.7,0.51,-0.83,0.71,1.0,2.0,0.95,26.69,0.89,0.406,10,2,0.843,0.157,0.87,0.0,0.58,52.7,0.324
6.17,5.11,9.42,0.38,5.35,8.45,0.58,6.0,0.88,25.86,0.94,0.74,15,4,0.955,0.664,0.713,1.0,0.6,54.7,0.5
0.75,1.32,17.96,0.66,-0.23,0.74,0.35,8.0,0.55,121.29,0.88,0.635,13,2,0.5,0.952,0.712,0.0,0.734,38.1,0.271
4.4,1.44,10.97,0.43,3.51,5.64,1.0,2.0,0.95,132.89,0.74,0.709,8,7,0.819,0.687,0.818,0.0,0.402,58.7,0.435
1.2,0.44,3.06,0.12,0.71,2.55,0.82,4.0,1.0,84.62,0.63,0.425,3,8,0.607,0.677,0.455,0.0,0.979,71.7,0.532
1.95,1.26,14.8,0.62,0.79,2.01,0.82,4.0,1.0,72.31,0.69,0.465,6,4,0.864,0.383,0.863,1.0,0.438,61.6,0.581
11.25,8.55,14.75,0.62,9.64,11.6,0.35,8.0,0.55,81.82,0.61,0.416,7,4,0.716,0.628,0.449,0.0,0.682,40.8,0.296
4.94,0.29,13.95,0.55,3.52,5.49,0.82,4.0,1.0,74.99,0.83,0.979,7,2,0.601,0.458,0.542,0.0,0.595,54.8,0.439
4.26,2.43,4.62,0.17,3.6,8.19,0.82,4.0,1.0,118.36,0.81,0.47,3,12,0.865,0.879,0.492,1.0,0.703,53.8,0.472
5.45,0.71,2.55,0.1,4.45,12.11,0.35,8.0,0.55,82.18,0.97,0.756,1,10,0.459,0.238,0.539,1.0,0.547,53.6,0.554
2.04,1.88,3.99,0.15,1.16,4.08,1.0,2.0,0.95,151.4,0.97,0.708,14,6,0.471,0.613,0.469,0.0,0.668,74.7,0.512
4.9,1.35,10.81,0.41,4.03,6.45,0.82,4.0,1.0,153.61,0.57,0.104,15,10,0.764,0.653,0.91,1.0,0.607,59.2,0.515
2.33,0.9,2.61,0.11,1.55,5.07,1.0,2.0,0.95,57.37,0.61,0.442,6,4,0.611,0.039,0.652,1.0,0.663,71.8,0.697
4.27,1.74,10.71,0.47,3.5,5.21,0.82,4.0,1.0,81.15,0.92,0.335,5,2,0.735,0.995,0.822,0.0,0.418,52.2,0.361
6.67,3.77,3.59,0.16,5.46,13.08,0.82,4.0,1.0,107.44,0.72,0.97,10,3,0.81,0.922,0.591,1.0,0.667,60.5,0.48
7.78,1.18,8.11,0.29,6.94,12.16,0.58,6.0,0.88,33.41,0.96,0.857,18,1,0.648,0.65,0.938,0.0,0.6,47.8,0.32
6.09,6.2,16.77,0.64,4.92,6.15,0.58,6.0,0.88,2.39,0.56,0.904,11,1,0.475,0.804,0.723,1.0,0.457,35.2,0.385
1.48,7.95,6.32,0.33,0.89,2.18,0.35,8.0,0.55,104.1,0.97,0.998,11,5,0.492,0.843,0.824,0.0,0.715,57.2,0.381
11.42,1.36,5.86,0.25,10.39,19.03,0.35,8.0,0.55,105.44,0.69,0.896,16,5,0.677,0.326,0.733,1.0,0.617,49.6,0.505
4.4,0.11,3.67,0.15,3.44,8.8,1.0,2.0,0.95,93.04,0.96,0.687,16,9,0.889,0.612,0.461,1.0,0.43,65.7,0.572
1.57,3.66,15.77,0.69,0.05,1.51,0.58,6.0,0.88,96.22,0.94,0.143,7,11,0.912,0.038,0.96,1.0,0.444,56.2,0.52
1.84,1.49,10.33,0.44,0.69,2.33,1.0,2.0,0.95,98.72,0.95,0.275,13,8,0.798,0.587,0.954,1.0,0.76,70.3,0.547
1.63,1.45,16.91,0.75,0.18,1.48,1.0,2.0,0.95,119.89,0.92,0.732,3,7,0.792,0.392,0.944,1.0,0.519,70.8,0.56
6.62,3.77,16.56,0.71,4.97,6.25,0.82,4.0,1.0,53.14,0.99,0.43,3,8,0.751,0.758,0.584,1.0,0.931,52.0,0.461
2.62,0.07,11.09,0.54,1.23,2.94,1.0,2.0,0.95,117.71,0.58,0.936,13,2,0.587,0.855,0.799,0.0,0.397,59.3,0.351
3.95,1.78,14.54,0.69,2.51,3.8,1.0,2.0,0.95,164.8,0.73,0.153,2,8,0.518,0.062,0.945,1.0,0.395,58.8,0.545
3.65,0.96,0.6,0.02,3.09,9.86,1.0,2.0,0.95,138.1,0.88,0.728,10,6,0.505,0.802,0.692,0.0,0.976,65.1,0.428
7.61,5.9,11.18,0.6,6.04,8.01,0.58,6.0,0.88,169.4,0.74,0.775,16,3,0.805,0.525,0.543,0.0,0.549,51.9,0.404
6.04,4.98,17.54,0.87,4.5,4.95,0.58,6.0,0.88,105.42,0.9,0.262,12,9,0.549,0.973,0.718,0.0,0.666,35.1,0.305
8.66,6.75,7.78,0.29,7.6,13.53,0.35,8.0,0.55,135.86,0.89,0.647,6,5,0.793,0.456,0.701,1.0,0.436,44.4,0.478
8.05,0.53,1.67,0.07,7.37,19.17,0.58,6.0,0.88,77.33,0.84,0.958,4,4,0.813,0.817,0.651,1.0,0.867,51.5,0.552
7.35,1.65,8.98,0.43,6.4,9.42,0.35,8.0,0.55,88.58,0.82,0.605,16,6,0.486,0.624,0.707,0.0,0.775,45.4,0.372
4.76,3.6,7.77,0.42,4.03,6.18,0.82,4.0,1.0,169.64,0.77,0.396,15,8,0.799,0.075,0.55,1.0,0.557,60.2,0.612
1.23,0.39,11.04,0.42,0.17,1.6,0.35,8.0,0.55,56.99,0.96,0.317,5,7,0.584,0.029,0.893,0.0,0.957,54.1,0.509
1.31,2.06,10.57,0.46,0.01,1.62,0.82,4.0,1.0,12.5,0.9,0.222,17,7,0.598,0.815,0.912,0.0,0.432,47.7,0.387
2.76,1.79,10.31,0.51,1.4,3.21,1.0,2.0,0.95,51.47,0.84,0.208,4,9,0.875,0.354,0.856,1.0,0.382,60.7,0.538
11.08,7.07,0.08,0.0,10.35,31.66,0.35,8.0,0.55,118.21,0.56,0.378,14,11,0.581,0.92,0.897,0.0,0.836,39.8,0.292
3.52,4.08,2.87,0.11,2.69,7.65,0.82,4.0,1.0,166.75,0.92,0.44,4,1,0.838,0.406,0.717,0.0,0.586,73.7,0.464
8.93,2.26,16.78,0.6,7.47,9.4,0.35,8.0,0.55,152.35,0.98,0.897,14,9,0.53,0.011,0.525,0.0,0.435,41.5,0.367
8.78,2.64,15.78,0.61,7.78,9.15,0.35,8.0,0.55,87.69,0.82,0.659,9,4,0.703,0.681,0.673,1.0,0.437,39.9,0.46
0.58,2.55,14.99,0.59,-0.72,0.62,0.58,6.0,0.88,149.36,0.97,0.656,7,2,0.677,0.298,0.428,1.0,0.696,57.1,0.497
2.1,1.82,8.69,0.36,0.69,2.96,0.58,6.0,0.88,34.05,0.84,0.378,18,9,0.807,0.235,0.48,0.0,0.752,57.8,0.517
3.18,0.36,14.93,0.64,1.81,3.21,1.0,2.0,0.95,11.99,0.64,0.59,16,8,0.64,0.638,0.757,0.0,0.483,49.1,0.381
5.05,5.62,6.14,0.26,3.97,8.28,0.58,6.0,0.88,75.01,0.84,0.549,7,9,0.808,0.892,0.835,0.0,0.896,49.5,0.399
9.01,3.53,5.06,0.24,8.08,15.27,0.35,8.0,0.55,154.83,0.66,0.281,13,7,0.581,0.516,0.922,0.0,0.92,41.9,0.384
10.74,7.79,10.45,0.46,9.64,13.26,0.35,8.0,0.55,44.04,0.79,0.347,6,10,0.866,0.313,0.435,1.0,0.375,34.1,0.424
3.81,1.6,4.67,0.21,3.15,6.8,1.0,2.0,0.95,120.82,0.61,0.068,12,5,0.649,0.131,0.548,0.0,0.812,61.6,0.513
7.9,1.71,11.94,0.58,6.97,8.49,0.35,8.0,0.55,116.02,0.81,0.293,5,11,0.67,0.731,0.585,0.0,0.424,35.5,0.353
4.68,0.06,11.69,0.62,3.27,4.82,1.0,2.0,0.95,117.01,0.6,0.717,18,1,0.752,0.411,0.491,0.0,0.389,56.0,0.448
7.15,2.18,12.96,0.57,6.14,7.77,0.58,6.0,0.88,139.44,0.78,0.439,16,3,0.706,0.189,0.428,1.0,0.79,51.8,0.6
2.52,6.03,15.01,0.72,1.54,2.36,0.35,8.0,0.55,65.98,0.74,0.43,14,9,0.503,0.321,0.763,1.0,0.781,49.8,0.559
4.87,2.51,2.34,0.12,4.34,10.36,0.82,4.0,1.0,130.61,0.68,0.799,16,2,0.736,0.272,0.443,1.0,0.469,66.1,0.557
4.75,5.92,11.9,0.54,3.24,5.34,0.35,8.0,0.55,46.87,0.55,0.062,17,12,0.946,0.3,0.864,1.0,0.924,49.2,0.584
2.1,3.8,0.42,0.02,1.71,5.68,0.58,6.0,0.88,162.68,0.96,0.101,9,11,0.702,0.359,0.49,0.0,0.833,70.6,0.489
7.32,0.87,1.07,0.04,6.19,18.77,0.58,6.0,0.88,93.8,0.92,0.816,10,11,0.896,0.456,0.435,1.0,0.802,58.5,0.565
1.02,3.57,0.64,0.02,0.13,2.76,0.35,8.0,0.55,58.14,0.76,0.786,15,6,0.862,0.95,0.493,0.0,0.637,54.4,0.37
9.58,7.5,1.26,0.05,9.11,23.95,0.35,8.0,0.55,127.84,0.58,0.243,14,9,0.956,0.272,0.905,1.0,0.904,56.1,0.629
1.26,7.54,1.7,0.08,0.64,2.93,0.35,8.0,0.55,108.08,0.89,0.464,15,3,0.697,0.55,0.88,0.0,0.764,66.5,0.534
4.08,1.89,6.84,0.26,3.0,6.69,1.0,2.0,0.95,92.66,0.62,0.823,16,1,0.865,0.594,0.636,1.0,0.641,66.6,0.617
10.17,2.49,9.34,0.45,9.11,12.71,0.35,8.0,0.55,47.49,0.85,0.597,3,3,0.761,0.909,0.649,0.0,0.835,29.5,0.232
4.69,2.66,9.19,0.36,3.37,6.61,0.82,4.0,1.0,39.82,0.68,0.193,2,10,0.68,0.908,0.712,1.0,0.594,42.9,0.445
2.27,5.4,17.83,0.64,1.17,2.29,0.58,6.0,0.88,113.08,0.87,0.214,10,10,0.956,0.086,0.534,0.0,0.739,62.7,0.491
2.12,0.52,9.91,0.41,1.28,2.79,1.0,2.0,0.95,68.89,1.0,0.971,4,5,0.678,0.836,0.684,0.0,0.571,57.9,0.419
6.62,0.28,2.87,0.11,6.01,14.39,0.82,4.0,1.0,92.02,0.58,0.408,10,4,0.688,0.344,0.66,1.0,0.625,64.4,0.612
0.51,0.61,17.36,0.76,-1.34,0.46,0.58,6.0,0.88,141.96,0.67,0.545,6,8,0.684,0.593,0.924,1.0,0.73,56.9,0.316
0.78,1.32,4.59,0.21,0.02,1.39,1.0,2.0,0.95,58.01,0.93,0.649,7,4,0.701,0.978,0.949,0.0,0.728,65.7,0.48
5.46,1.03,1.99,0.09,4.67,12.41,1.0,2.0,0.95,174.83,0.76,0.244,15,7,0.486,0.327,0.567,0.0,0.62,63.3,0.461
3.23,2.0,11.44,0.44,2.15,4.09,0.58,6.0,0.88,51.54,0.84,0.466,7,10,0.893,0.555,0.765,0.0,0.766,51.9,0.466
7.47,2.71,3.58,0.16,6.22,14.65,0.82,4.0,1.0,143.63,0.72,0.594,13,9,0.668,0.667,0.405,1.0,0.366,60.7,0.466
3.43,6.17,7.18,0.38,2.51,4.7,0.58,6.0,0.88,164.69,0.66,0.396,18,2,0.875,0.544,0.432,0.0,0.612,59.9,0.427
5.7,7.03,11.51,0.58,4.5,6.13,0.35,8.0,0.55,9.15,0.91,0.747,7,9,0.468,0.024,0.825,0.0,0.804,44.6,0.411
5.92,3.77,7.59,0.3,5.27,9.11,0.82,4.0,1.0,109.39,0.83,0.897,17,8,0.54,0.876,0.734,1.0,0.475,47.1,0.462
2.58,0.25,9.78,0.53,1.1,2.93,1.0,2.0,0.95,34.77,0.7,0.364,2,1,0.775,0.33,0.661,0.0,0.655,56.6,0.416
3.75,0.81,5.9,0.24,3.25,6.36,1.0,2.0,0.95,159.76,0.89,0.479,17,10,0.456,0.995,0.778,0.0,0.721,56.2,0.348
2.89,2.94,15.84,0.79,1.68,2.54,0.82,4.0,1.0,110.43,0.86,0.25,3,3,0.809,0.199,0.404,1.0,0.675,62.2,0.558
1.47,1.4,4.3,0.22,0.58,2.58,1.0,2.0,0.95,77.21,0.81,0.896,16,11,0.59,0.496,0.78,0.0,0.358,71.7,0.483
4.67,1.86,8.01,0.33,3.62,6.87,1.0,2.0,0.95,145.69,0.93,0.514,13,8,0.73,0.34,0.973,0.0,0.533,62.0,0.495
6.56,3.06,5.35,0.24,5.41,11.12,0.58,6.0,0.88,122.84,0.78,0.952,2,4,0.555,0.983,0.903,0.0,0.597,44.9,0.391
2.52,0.72,3.97,0.14,1.34,5.14,1.0,2.0,0.95,19.36,0.97,0.807,13,4,0.874,0.727,0.848,1.0,0.968,65.1,0.628
3.3,3.83,6.32,0.24,2.8,5.59,0.82,4.0,1.0,49.6,0.84,0.817,1,3,0.683,0.236,0.936,1.0,0.91,67.5,0.686
1.85,4.58,0.47,0.02,1.32,5.0,0.35,8.0,0.55,4.51,0.81,0.515,3,2,0.452,0.186,0.538,1.0,0.97,66.1,0.671
4.27,4.14,15.11,0.64,3.08,4.31,0.35,8.0,0.55,69.61,0.95,0.387,17,11,0.498,0.832,0.437,0.0,0.49,38.9,0.268
3.08,4.77,1.93,0.08,2.12,7.16,0.58,6.0,0.88,40.73,0.59,0.281,8,1,0.919,0.647,0.568,0.0,0.741,61.1,0.412
4.61,3.02,10.46,0.39,3.55,6.23,0.82,4.0,1.0,34.51,0.63,0.781,12,3,0.477,0.838,0.5,1.0,0.597,45.7,0.451
0.43,6.23,4.01,0.16,-0.08,0.84,0.35,8.0,0.55,45.04,0.77,0.337,16,4,0.454,0.228,0.604,1.0,0.433,50.4,0.474
4.14,2.17,8.82,0.34,2.76,6.0,1.0,2.0,0.95,114.95,0.7,0.485,8,10,0.683,0.386,0.966,1.0,0.696,57.7,0.611
1.76,1.93,4.16,0.18,0.67,3.32,1.0,2.0,0.95,111.64,0.69,0.805,8,2,0.893,0.029,0.536,1.0,0.79,74.5,0.732
2.55,5.17,12.97,0.57,1.29,2.77,0.58,6.0,0.88,106.34,0.95,0.765,18,5,0.456,0.537,0.764,1.0,0.609,58.1,0.477
1.71,1.05,0.92,0.04,0.87,4.38,0.58,6.0,0.88,73.94,0.97,0.895,12,12,0.499,0.904,0.604,1.0,0.515,70.2,0.586
6.57,0.64,2.18,0.1,6.02,14.6,0.82,4.0,1.0,67.35,0.57,0.683,18,9,0.724,0.165,0.534,1.0,0.739,57.6,0.61
2.47,1.21,0.81,0.04,2.12,6.33,1.0,2.0,0.95,62.97,0.73,0.701,13,3,0.526,0.685,0.651,0.0,0.952,73.7,0.509
6.44,4.35,2.31,0.09,5.91,14.64,0.58,6.0,0.88,119.35,0.93,0.977,5,8,0.599,0.689,0.572,0.0,0.644,59.3,0.439
8.81,6.07,6.8,0.3,7.99,13.55,0.58,6.0,0.88,73.46,0.74,0.525,10,8,0.839,0.003,0.82,1.0,0.544,52.6,0.508
3.11,0.72,9.13,0.34,2.47,4.51,0.82,4.0,1.0,131.19,0.96,0.769,4,1,0.677,0.296,0.431,0.0,0.839,64.5,0.491
6.63,7.11,16.25,0.59,5.74,7.05,0.35,8.0,0.55,98.54,0.97,0.97,10,9,0.609,0.636,0.58,1.0,0.515,47.3,0.432
7.24,2.65,17.84,0.96,5.38,5.53,0.82,4.0,1.0,16.66,0.9,0.222,4,8,0.827,0.742,0.762,0.0,0.783,43.1,0.354
1.86,3.93,10.45,0.46,0.78,2.3,0.82,4.0,1.0,82.83,0.87,0.606,18,7,0.569,0.557,0.878,1.0,0.56,69.5,0.633
4.32,1.38,8.67,0.45,3.01,5.4,1.0,2.0,0.95,161.8,0.79,0.471,14,4,0.565,0.63,0.886,1.0,0.949,60.0,0.552
8.39,1.49,6.94,0.3,7.64,12.91,0.35,8.0,0.55,13.68,0.98,0.745,8,7,0.614,0.483,0.627,0.0,0.79,43.0,0.35
7.14,3.15,8.67,0.36,6.03,10.06,0.82,4.0,1.0,160.11,0.87,0.438,9,2,0.79,0.921,0.483,1.0,0.728,53.2,0.513
5.19,0.37,11.89,0.63,4.17,5.3,0.82,4.0,1.0,146.46,0.78,0.376,9,6,0.84,0.685,0.468,0.0,0.543,55.5,0.362
0.64,2.04,6.88,0.28,-0.65,1.02,1.0,2.0,0.95,106.67,0.99,0.381,2,4,0.583,0.776,0.609,1.0,0.824,61.1,0.474
5.48,2.41,5.09,0.24,4.55,9.29,0.82,4.0,1.0,64.76,0.94,0.89,5,8,0.482,0.011,0.68,0.0,0.523,61.5,0.485
2.01,4.39,1.92,0.07,1.14,4.79,0.82,4.0,1.0,43.75,0.94,0.347,6,4,0.6,0.989,0.952,1.0,0.72,68.2,0.578
5.29,0.28,1.07,0.05,4.75,13.23,1.0,2.0,0.95,155.03,0.73,0.64,4,3,0.849,0.85,0.679,0.0,0.705,57.6,0.459
3.53,0.2,16.19,0.78,1.66,3.12,0.82,4.0,1.0,64.54,0.6,0.77,16,2,0.7,0.523,0.642,0.0,0.567,60.7,0.434
2.25,0.57,10.0,0.36,1.41,3.17,1.0,2.0,0.95,121.1,0.84,0.371,1,5,0.852,0.376,0.625,1.0,0.936,67.3,0.602
11.43,6.67,11.88,0.52,10.4,13.14,0.35,8.0,0.55,32.3,0.83,0.114,16,2,0.88,0.074,0.803,1.0,0.497,42.4,0.466
1.55,2.09,1.66,0.09,0.42,3.52,1.0,2.0,0.95,134.7,0.75,0.801,11,5,0.704,0.88,0.858,0.0,0.915,70.2,0.5
1.79,1.29,10.93,0.58,0.76,1.92,1.0,2.0,0.95,132.19,0.65,0.501,4,7,0.488,0.513,0.815,0.0,0.738,63.1,0.418
3.22,7.46,10.76,0.42,1.95,4.18,0.35,8.0,0.55,59.01,0.75,0.851,3,5,0.96,0.383,0.83,1.0,0.364,52.1,0.464
2.75,8.7,5.05,0.19,1.88,5.09,0.35,8.0,0.55,119.66,0.6,0.342,10,5,0.959,0.244,0.842,0.0,0.549,58.5,0.489
3.49,2.62,8.28,0.4,2.19,4.65,0.58,6.0,0.88,178.28,0.72,0.145,16,10,0.768,0.564,0.564,0.0,0.687,51.6,0.357
2.76,0.07,16.98,0.7,1.12,2.63,0.35,8.0,0.55,64.63,0.76,0.433,9,1,0.806,0.515,0.694,0.0,0.893,54.4,0.392
7.46,1.03,2.63,0.14,6.56,15.22,0.82,4.0,1.0,11.5,0.83,0.161,17,10,0.523,0.686,0.722,0.0,0.712,50.2,0.452
4.58,1.31,9.38,0.38,3.38,6.27,0.58,6.0,0.88,165.22,0.67,0.421,1,11,0.979,0.634,0.408,1.0,0.372,54.9,0.496
6.93,3.36,12.3,0.61,5.53,7.22,0.82,4.0,1.0,31.51,0.66,0.251,11,6,0.81,0.982,0.67,0.0,0.56,37.2,0.311
3.7,2.09,15.36,0.63,2.37,3.78,1.0,2.0,0.95,28.99,0.73,0.431,15,8,0.665,0.943,0.847,1.0,0.694,47.8,0.453
6.45,2.28,4.58,0.17,5.85,12.4,0.82,4.0,1.0,90.37,0.55,0.087,14,4,0.519,0.335,0.695,1.0,0.573,53.5,0.586
3.22,3.77,11.5,0.52,2.39,3.7,0.82,4.0,1.0,126.77,0.89,0.922,1,1,0.565,0.077,0.818,1.0,0.758,66.8,0.679
0.8,1.88,1.26,0.05,0.49,2.0,1.0,2.0,0.95,135.87,0.86,0.249,7,5,0.814,0.321,0.917,1.0,0.845,81.1,0.668
8.73,6.03,17.96,0.8,7.24,7.59,0.58,6.0,0.88,40.9,0.98,0.809,13,1,0.502,0.522,0.966,0.0,0.841,50.1,0.429
5.32,0.88,6.39,0.26,4.61,8.72,1.0,2.0,0.95,147.27,0.62,0.691,14,10,0.551,0.687,0.43,0.0,0.557,60.6,0.371
0.71,2.05,16.58,0.64,-0.8,0.72,1.0,2.0,0.95,101.69,0.78,0.722,17,12,0.604,0.715,0.562,1.0,0.911,58.5,0.442
2.58,0.85,10.64,0.44,1.76,3.27,0.82,4.0,1.0,29.76,0.73,0.604,5,10,0.855,0.222,0.828,0.0,0.415,53.0,0.388
6.51,3.08,1.78,0.1,5.56,14.47,0.35,8.0,0.55,41.88,0.82,0.123,6,12,0.883,0.352,0.92,0.0,0.757,46.3,0.45
4.44,1.15,2.67,0.1,3.41,9.87,1.0,2.0,0.95,5.26,0.95,0.634,17,9,0.746,0.88,0.879,1.0,0.482,49.6,0.466
1.89,6.5,0.13,0.01,1.59,5.25,0.58,6.0,0.88,177.0,0.73,0.773,12,10,0.774,0.266,0.792,0.0,0.881,77.9,0.609
9.02,5.31,7.33,0.28,8.09,14.32,0.58,6.0,0.88,30.77,0.56,0.108,14,12,0.708,0.557,0.855,0.0,0.649,41.8,0.412
0.85,1.97,3.3,0.12,-0.35,1.81,1.0,2.0,0.95,85.33,0.87,0.803,3,2,0.732,0.275,0.687,0.0,0.575,64.3,0.437
3.0,3.78,1.1,0.04,2.42,7.69,0.58,6.0,0.88,59.23,0.78,0.535,11,8,0.556,0.109,0.523,0.0,0.449,63.9,0.547
8.82,2.2,11.33,0.54,7.3,9.91,0.35,8.0,0.55,67.05,0.65,0.702,9,1,0.875,0.096,0.561,1.0,0.692,47.0,0.485
10.77,5.51,12.97,0.65,9.81,10.77,0.35,8.0,0.55,97.44,0.71,0.925,3,1,0.519,0.883,0.978,0.0,0.862,35.1,0.297
3.25,1.7,3.7,0.13,2.73,6.77,1.0,2.0,0.95,164.93,0.91,0.422,3,6,0.54,0.317,0.417,0.0,0.626,63.2,0.484
6.64,0.23,17.35,0.77,5.02,5.93,0.35,8.0,0.55,4.04,1.0,0.224,11,1,0.49,0.452,0.686,0.0,0.643,36.3,0.355
5.39,2.05,3.59,0.15,4.29,10.78,1.0,2.0,0.95,74.76,0.56,0.343,9,8,0.46,0.973,0.836,0.0,0.614,43.9,0.312
10.34,1.17,3.7,0.14,9.27,21.1,0.35,8.0,0.55,155.82,0.66,0.117,4,3,0.838,0.325,0.692,0.0,0.438,44.2,0.383
9.17,1.01,17.15,0.69,7.65,8.82,0.35,8.0,0.55,49.82,0.58,0.628,14,2,0.564,0.015,0.552,1.0,0.732,42.8,0.497
6.88,5.29,2.5,0.09,6.15,15.64,0.58,6.0,0.88,53.86,0.8,0.941,4,10,0.504,0.74,0.604,1.0,0.723,57.4,0.465
0.74,2.97,14.38,0.57,-0.5,0.8,0.82,4.0,1.0,61.52,0.97,0.828,2,8,0.533,0.061,0.899,0.0,0.47,60.9,0.431
1.11,1.79,13.87,0.7,0.04,1.06,1.0,2.0,0.95,59.18,0.9,0.978,10,6,0.868,0.556,0.52,1.0,0.674,74.8,0.609
8.27,5.55,16.33,0.84,6.86,6.95,0.58,6.0,0.88,175.8,0.64,0.198,4,9,0.669,0.007,0.585,0.0,0.773,43.8,0.481
1.6,1.94,13.61,0.57,0.45,1.74,1.0,2.0,0.95,32.7,0.68,0.794,14,5,0.791,0.498,0.685,1.0,0.363,62.8,0.527
2.18,0.76,8.73,0.42,0.7,2.83,1.0,2.0,0.95,21.59,0.81,0.148,12,8,0.638,0.567,0.907,0.0,0.768,57.8,0.415
8.08,0.37,5.8,0.23,7.18,13.93,0.58,6.0,0.88,134.23,0.62,0.189,2,11,0.776,0.523,0.864,1.0,0.396,50.5,0.44
10.08,7.44,7.89,0.33,8.85,14.82,0.35,8.0,0.55,110.08,0.56,0.445,18,1,0.531,0.032,0.51,1.0,0.583,48.7,0.538
2.05,6.5,7.4,0.34,0.78,2.97,0.58,6.0,0.88,30.01,0.67,0.316,12,1,0.689,0.983,0.578,0.0,0.852,55.4,0.414
5.83,3.22,17.19,0.64,4.84,5.89,0.35,8.0,0.55,56.72,0.69,0.732,1,8,0.844,0.145,0.466,0.0,0.842,48.3,0.484
6.06,0.1,1.91,0.09,4.93,13.77,0.82,4.0,1.0,33.48,0.61,0.642,10,3,0.788,0.034,0.836,1.0,0.721,65.4,0.608
2.11,5.8,1.27,0.05,1.46,5.28,0.58,6.0,0.88,4.07,0.56,0.73,4,11,0.593,0.051,0.521,0.0,0.968,62.5,0.497
8.59,7.99,6.4,0.28,7.44,13.63,0.35,8.0,0.55,11.39,0.75,0.134,12,11,0.854,0.413,0.9,1.0,0.781,46.1,0.509
4.35,1.21,4.22,0.23,3.79,7.5,0.35,8.0,0.55,69.04,0.58,0.104,2,11,0.564,0.438,0.737,1.0,0.449,43.5,0.519
4.12,0.68,8.88,0.41,3.18,5.42,1.0,2.0,0.95,136.86,0.73,0.544,6,3,0.773,0.578,0.807,0.0,0.453,62.4,0.38
4.51,1.26,1.52,0.07,4.17,10.74,1.0,2.0,0.95,104.42,0.86,0.228,16,8,0.793,0.788,0.665,1.0,0.605,63.4,0.589
9.46,3.87,2.78,0.11,8.68,20.57,0.35,8.0,0.55,133.04,0.68,0.741,10,2,0.633,0.378,0.661,0.0,0.947,53.6,0.505
9.45,5.76,9.5,0.45,8.3,11.81,0.58,6.0,0.88,40.39,0.97,0.799,4,9,0.961,0.784,0.957,1.0,0.572,46.6,0.43
10.7,2.89,7.03,0.38,9.69,14.66,0.35,8.0,0.55,126.23,0.98,0.858,3,4,0.507,0.265,0.935,1.0,0.44,42.6,0.537
3.61,1.7,5.04,0.25,2.57,6.02,0.58,6.0,0.88,104.35,0.66,0.823,14,6,0.503,0.757,0.548,0.0,0.711,54.7,0.44
3.56,3.98,17.26,0.94,2.07,2.76,0.82,4.0,1.0,14.36,0.92,0.626,3,11,0.878,0.839,0.491,1.0,0.412,42.7,0.455
6.74,0.62,16.8,0.66,5.43,6.67,0.58,6.0,0.88,54.68,0.63,0.277,18,6,0.719,0.977,0.948,0.0,0.458,36.0,0.28
2.43,3.91,11.21,0.42,1.14,3.16,0.82,4.0,1.0,155.48,0.59,0.835,12,5,0.571,0.402,0.77,1.0,0.952,71.6,0.679
3.24,0.46,8.62,0.37,1.97,4.5,1.0,2.0,0.95,26.0,0.77,0.326,17,5,0.797,0.751,0.719,0.0,0.722,53.2,0.401
6.63,5.38,7.18,0.3,5.7,10.2,0.58,6.0,0.88,128.66,0.62,0.631,2,4,0.779,0.12,0.47,0.0,0.672,47.1,0.386
2.87,0.7,5.21,0.19,1.97,5.31,1.0,2.0,0.95,119.14,0.91,0.269,10,9,0.476,0.136,0.821,1.0,0.809,63.1,0.615
4.39,2.15,17.08,0.7,3.09,4.18,0.82,4.0,1.0,42.49,0.61,0.173,11,9,0.951,0.919,0.882,1.0,0.652,48.2,0.476
5.19,7.65,17.07,0.91,3.69,4.12,0.35,8.0,0.55,178.41,0.57,0.303,11,9,0.969,0.82,0.842,1.0,0.845,44.0,0.435
2.4,0.3,4.91,0.2,1.52,4.36,0.82,4.0,1.0,73.92,0.93,0.261,14,9,0.974,0.748,0.583,0.0,0.613,72.9,0.482
5.05,8.48,16.93,0.83,3.88,4.28,0.35,8.0,0.55,67.66,0.69,0.306,15,9,0.976,0.91,0.451,0.0,0.589,35.9,0.251
6.12,0.26,17.86,0.89,4.7,4.94,0.35,8.0,0.55,173.0,0.85,0.446,16,8,0.484,0.289,0.779,1.0,0.668,48.2,0.567
3.46,3.09,5.45,0.21,2.84,6.18,0.82,4.0,1.0,66.0,0.63,0.881,16,1,0.933,0.332,0.603,0.0,0.598,68.2,0.557
2.69,4.16,7.25,0.31,2.05,4.08,0.82,4.0,1.0,113.62,0.55,0.571,17,8,0.587,0.413,0.601,1.0,0.645,68.1,0.545
10.82,4.18,8.19,0.41,9.39,14.24,0.35,8.0,0.55,34.76,0.56,0.449,4,11,0.808,0.789,0.652,1.0,0.939,41.3,0.482
9.02,8.63,14.02,0.77,7.26,8.05,0.35,8.0,0.55,36.56,0.84,0.391,8,6,0.908,0.63,0.795,1.0,0.498,40.4,0.495
3.93,3.0,10.5,0.56,2.48,4.32,0.58,6.0,0.88,110.72,0.93,0.351,11,7,0.504,0.792,0.649,0.0,0.85,51.6,0.419
4.75,0.06,3.32,0.13,4.1,9.9,1.0,2.0,0.95,101.05,0.73,0.542,7,4,0.579,0.799,0.677,1.0,0.933,63.2,0.585
3.98,3.87,4.88,0.2,3.3,7.24,0.82,4.0,1.0,95.14,0.94,0.754,15,3,0.698,0.939,0.489,0.0,0.741,53.3,0.442
1.88,2.18,17.07,0.69,0.27,1.81,1.0,2.0,0.95,166.3,0.57,0.522,18,2,0.956,0.236,0.464,1.0,0.634,66.2,0.577
1.83,0.8,5.26,0.27,1.28,2.95,0.58,6.0,0.88,174.89,0.59,0.748,2,9,0.539,0.687,0.78,1.0,0.509,69.0,0.58
0.95,4.15,1.47,0.08,-0.2,2.21,0.82,4.0,1.0,125.49,0.81,0.346,14,4,0.55,0.562,0.835,1.0,0.96,68.4,0.547
11.24,7.99,16.34,0.86,9.73,9.29,0.35,8.0,0.55,159.89,0.83,0.099,11,4,0.931,0.467,0.798,0.0,0.589,39.7,0.388
8.54,8.09,16.06,0.66,6.86,8.46,0.35,8.0,0.55,40.55,0.66,0.225,13,12,0.821,0.056,0.581,1.0,0.463,39.8,0.524
3.18,0.59,17.36,0.74,1.48,2.92,0.82,4.0,1.0,50.91,0.68,0.52,2,9,0.965,0.247,0.827,1.0,0.506,62.6,0.568
4.18,1.3,12.69,0.68,2.52,4.06,1.0,2.0,0.95,85.87,0.92,0.54,13,5,0.587,0.756,0.801,1.0,0.85,64.1,0.529
5.22,3.35,10.22,0.48,4.03,6.29,0.58,6.0,0.88,2.89,0.63,0.064,15,7,0.595,0.363,0.44,1.0,0.916,41.2,0.549
5.52,0.92,12.08,0.53,4.63,6.27,0.58,6.0,0.88,40.47,0.69,0.676,5,9,0.816,0.288,0.934,1.0,0.365,49.5,0.466
6.07,4.23,4.11,0.17,5.32,11.67,0.35,8.0,0.55,110.37,0.63,0.3,18,10,0.572,0.128,0.627,0.0,0.587,43.8,0.411
4.4,1.04,13.91,0.71,3.34,4.15,1.0,2.0,0.95,144.46,0.77,0.542,12,4,0.545,0.433,0.43,1.0,0.889,60.7,0.534
3.06,0.8,3.09,0.12,2.69,6.51,1.0,2.0,0.95,113.61,0.87,0.63,13,1,0.479,0.486,0.732,1.0,0.713,73.7,0.601
2.42,1.95,8.16,0.3,1.11,3.72,1.0,2.0,0.95,25.82,0.76,0.119,8,5,0.747,0.43,0.969,1.0,0.795,63.0,0.526
0.78,0.76,0.05,0.0,-0.05,2.23,0.82,4.0,1.0,101.53,0.69,0.704,11,12,0.613,0.939,0.483,1.0,0.658,56.2,0.424
0.41,2.02,8.07,0.42,-0.5,0.53,0.58,6.0,0.88,22.81,0.72,0.494,8,7,0.924,0.877,0.639,0.0,0.517,42.7,0.283
4.93,0.13,6.29,0.32,3.88,7.36,1.0,2.0,0.95,38.68,0.75,0.587,17,3,0.57,0.819,0.637,0.0,0.614,45.0,0.395
11.23,6.48,12.54,0.67,9.91,11.01,0.35,8.0,0.55,61.32,0.8,0.139,10,3,0.794,0.246,0.6,0.0,0.77,36.9,0.329
5.15,4.36,5.42,0.21,3.97,9.2,0.82,4.0,1.0,147.32,0.77,0.924,17,8,0.964,0.133,0.686,1.0,0.573,62.8,0.591
5.37,3.14,13.26,0.59,3.81,5.71,0.82,4.0,1.0,83.37,0.93,0.984,1,9,0.712,0.634,0.568,1.0,0.673,56.6,0.572
4.75,3.94,7.84,0.39,3.85,6.42,0.82,4.0,1.0,135.33,0.82,0.68,16,3,0.466,0.051,0.919,0.0,0.426,59.0,0.53
0.96,1.81,16.77,0.72,-0.09,0.9,1.0,2.0,0.95,159.31,0.93,0.806,8,4,0.489,0.524,0.515,1.0,0.712,57.3,0.507
5.67,2.69,8.78,0.34,5.04,8.22,0.82,4.0,1.0,51.62,0.76,0.227,18,6,0.894,0.891,0.97,0.0,0.507,41.8,0.354
2.47,1.85,13.3,0.73,0.65,2.29,1.0,2.0,0.95,126.42,0.89,0.675,5,2,0.509,0.909,0.412,0.0,0.524,55.5,0.381
0.91,1.44,2.65,0.11,0.06,1.98,1.0,2.0,0.95,21.97,0.55,0.189,9,5,0.484,0.316,0.412,1.0,0.841,68.5,0.681
2.1,2.14,10.89,0.5,0.93,2.47,1.0,2.0,0.95,147.39,0.7,0.551,3,2,0.793,0.253,0.445,0.0,0.875,71.2,0.586
5.7,4.01,16.1,0.69,4.63,5.48,0.58,6.0,0.88,29.82,0.72,0.629,13,4,0.597,0.711,0.879,0.0,0.837,47.5,0.417
1.51,5.25,13.41,0.57,0.33,1.64,0.35,8.0,0.55,160.76,0.62,0.69,15,12,0.943,0.005,0.676,0.0,0.775,63.9,0.497
5.15,5.96,0.22,0.01,4.33,14.31,0.58,6.0,0.88,65.2,0.99,0.323,14,12,0.593,0.873,0.954,1.0,0.772,52.2,0.473
2.88,1.09,8.99,0.36,1.63,4.06,1.0,2.0,0.95,29.95,0.6,0.175,13,6,0.84,0.435,0.55,1.0,0.72,51.4,0.474
5.99,1.48,10.08,0.49,5.24,7.13,0.58,6.0,0.88,10.4,0.62,0.963,17,4,0.865,0.201,0.558,1.0,0.583,49.7,0.473
2.3,1.28,9.89,0.36,1.45,3.24,1.0,2.0,0.95,110.92,0.56,0.422,14,5,0.615,0.851,0.439,1.0,0.409,59.6,0.454
7.37,0.11,2.47,0.11,6.21,16.02,0.82,4.0,1.0,51.45,0.99,0.17,18,5,0.877,0.332,0.838,0.0,0.649,61.0,0.511
6.58,0.14,12.81,0.46,5.29,8.12,0.82,4.0,1.0,49.7,1.0,0.06,1,6,0.68,0.992,0.735,1.0,0.649,37.1,0.452
9.62,7.96,10.97,0.52,8.74,11.06,0.35,8.0,0.55,121.17,0.93,0.159,13,10,0.666,0.683,0.752,0.0,0.788,38.8,0.348
11.06,5.13,15.14,0.66,9.35,10.95,0.35,8.0,0.55,112.31,0.99,0.228,12,8,0.516,0.805,0.786,0.0,0.549,31.0,0.304
2.2,2.19,10.68,0.46,1.22,2.72,1.0,2.0,0.95,58.78,0.6,0.073,3,12,0.646,0.308,0.609,0.0,0.515,59.3,0.425
5.03,0.3,1.03,0.04,4.05,12.9,0.58,6.0,0.88,41.65,0.93,0.543,2,8,0.952,0.774,0.897,0.0,0.652,58.5,0.449
5.09,3.63,6.72,0.36,3.88,7.17,0.82,4.0,1.0,142.05,0.87,0.393,8,3,0.544,0.145,0.541,0.0,0.603,54.3,0.453
2.97,2.63,17.26,0.69,1.59,2.86,0.58,6.0,0.88,172.01,0.63,0.918,3,3,0.594,0.208,0.72,0.0,0.803,55.5,0.475
4.06,4.66,2.59,0.11,3.29,8.83,0.58,6.0,0.88,6.12,0.87,0.73,10,9,0.604,0.697,0.446,1.0,0.647,50.8,0.501
3.56,0.31,13.46,0.73,2.14,3.3,1.0,2.0,0.95,149.09,0.77,0.061,7,2,0.682,0.289,0.901,1.0,0.853,59.3,0.536
5.29,1.67,15.63,0.7,3.98,5.04,1.0,2.0,0.95,122.21,0.95,0.856,3,6,0.929,0.142,0.697,1.0,0.932,63.3,0.582
1.42,0.6,7.35,0.27,0.47,2.29,0.58,6.0,0.88,17.73,0.84,0.076,12,5,0.937,0.631,0.529,0.0,0.473,61.0,0.396
3.37,4.0,6.49,0.27,2.7,5.44,0.58,6.0,0.88,138.94,0.99,0.763,11,7,0.458,0.636,0.811,1.0,0.885,58.4,0.511
6.41,2.52,14.56,0.6,5.21,6.75,0.82,4.0,1.0,144.81,0.75,0.899,3,1,0.656,0.807,0.943,0.0,0.793,53.9,0.346
1.51,4.36,2.87,0.13,0.87,3.15,0.82,4.0,1.0,37.39,0.77,0.917,11,4,0.884,0.702,0.594,0.0,0.848,77.6,0.551
4.75,0.22,7.12,0.26,4.1,7.79,1.0,2.0,0.95,57.94,0.96,0.924,6,4,0.933,0.636,0.483,1.0,0.487,59.9,0.553
3.43,1.32,12.56,0.48,2.2,4.13,1.0,2.0,0.95,105.33,0.59,0.382,4,6,0.784,0.741,0.44,0.0,0.94,57.5,0.389
2.18,5.68,10.35,0.42,1.2,2.83,0.58,6.0,0.88,119.58,0.9,0.661,7,11,0.902,0.062,0.758,0.0,0.762,66.0,0.49
6.2,2.22,12.68,0.6,4.53,6.53,0.58,6.0,0.88,129.55,0.86,0.963,2,12,0.881,0.263,0.706,1.0,0.427,54.1,0.525
9.2,5.14,16.29,0.66,8.06,9.11,0.35,8.0,0.55,128.16,0.84,0.704,6,9,0.937,0.433,0.845,1.0,0.671,41.0,0.5
6.71,5.41,14.97,0.82,5.38,5.74,0.35,8.0,0.55,73.7,0.99,0.801,10,10,0.594,0.142,0.726,0.0,0.915,50.0,0.423
1.1,1.09,7.12,0.26,-0.23,1.8,0.58,6.0,0.88,13.68,0.84,0.223,15,3,0.771,0.863,0.465,1.0,0.738,35.9,0.365
1.22,0.33,7.24,0.39,0.28,1.65,1.0,2.0,0.95,10.54,0.87,0.311,2,5,0.969,0.01,0.793,1.0,0.968,61.1,0.629
3.77,1.38,2.05,0.08,3.03,8.77,1.0,2.0,0.95,152.02,0.65,0.41,1,5,0.697,0.031,0.878,0.0,0.377,63.2,0.533
8.39,4.37,9.56,0.48,7.07,10.11,0.35,8.0,0.55,124.13,0.66,0.717,3,3,0.519,0.604,0.468,0.0,0.765,38.9,0.32
9.39,0.16,17.23,0.8,8.31,8.17,0.35,8.0,0.55,99.83,0.62,0.189,14,3,0.833,0.909,0.902,0.0,0.893,31.0,0.325
6.16,5.88,8.96,0.38,5.08,8.44,0.58,6.0,0.88,49.17,0.59,0.183,8,3,0.62,0.754,0.696,1.0,0.544,49.8,0.429
5.23,0.5,2.73,0.12,4.84,11.13,1.0,2.0,0.95,38.85,0.98,0.806,4,7,0.874,0.501,0.422,1.0,0.942,66.5,0.606
7.12,0.96,10.47,0.47,5.8,8.68,0.58,6.0,0.88,154.15,0.78,0.079,17,4,0.875,0.008,0.662,0.0,0.845,48.9,0.452
0.56,3.15,17.25,0.9,-1.29,0.45,0.58,6.0,0.88,62.14,0.83,0.867,15,6,0.577,0.351,0.788,1.0,0.751,55.4,0.401
9.46,4.34,11.77,0.42,8.09,12.29,0.58,6.0,0.88,163.99,0.84,0.695,8,4,0.901,0.327,0.411,1.0,0.894,50.3,0.573
1.18,1.99,8.98,0.48,-0.33,1.42,1.0,2.0,0.95,86.25,0.79,0.836,13,7,0.583,0.309,0.612,1.0,0.861,62.5,0.569
6.09,1.54,13.48,0.59,4.64,6.48,0.35,8.0,0.55,21.61,0.77,0.887,4,2,0.73,0.204,0.432,0.0,0.853,48.4,0.473
4.4,1.46,13.08,0.61,3.24,4.58,1.0,2.0,0.95,128.51,0.6,0.309,3,5,0.543,0.221,0.96,1.0,0.398,53.3,0.472
1.49,4.23,9.99,0.51,0.43,1.73,0.58,6.0,0.88,93.62,0.67,0.082,1,2,0.806,0.577,0.6,1.0,0.808,63.0,0.591
2.51,2.1,9.07,0.36,1.87,3.54,1.0,2.0,0.95,135.08,0.6,0.651,13,12,0.57,0.332,0.459,1.0,0.843,65.4,0.584
3.62,2.78,15.11,0.77,2.18,3.23,0.58,6.0,0.88,101.18,0.86,0.851,18,5,0.639,0.499,0.486,1.0,0.377,57.4,0.505
5.49,0.97,5.43,0.23,4.61,9.47,1.0,2.0,0.95,158.27,0.74,0.165,6,1,0.52,0.817,0.633,1.0,0.631,50.7,0.46
7.29,2.65,4.18,0.17,6.36,14.02,0.35,8.0,0.55,153.57,0.99,0.472,3,2,0.662,0.809,0.518,0.0,0.435,38.0,0.272
2.21,7.79,11.71,0.5,0.92,2.6,0.35,8.0,0.55,37.77,0.85,0.659,15,6,0.771,0.25,0.763,0.0,0.651,63.2,0.457
5.11,2.53,15.53,0.68,3.35,4.96,0.58,6.0,0.88,153.99,0.81,0.289,15,11,0.744,0.299,0.768,1.0,0.719,57.0,0.534
2.31,0.5,17.1,0.64,1.17,2.33,0.82,4.0,1.0,74.36,0.63,0.827,11,1,0.649,0.399,0.8,0.0,0.6,73.4,0.49
0.4,2.28,12.75,0.63,-0.75,0.41,0.58,6.0,0.88,24.08,0.96,0.439,11,6,0.709,0.043,0.894,1.0,0.771,58.5,0.437
8.49,1.59,8.44,0.41,7.41,11.17,0.35,8.0,0.55,150.19,0.78,0.462,5,10,0.669,0.212,0.856,0.0,0.741,41.4,0.354
9.29,7.74,1.73,0.07,8.56,22.12,0.35,8.0,0.55,124.61,0.79,0.639,4,12,0.943,0.336,0.46,1.0,0.359,48.0,0.462
2.95,2.38,15.54,0.62,1.43,3.04,0.82,4.0,1.0,2.34,0.74,0.848,2,12,0.687,0.432,0.543,1.0,0.828,49.0,0.466
7.45,2.51,6.47,0.28,6.28,11.83,0.35,8.0,0.55,29.38,0.59,0.184,4,4,0.556,0.059,0.957,0.0,0.848,42.1,0.386
3.13,1.11,12.72,0.49,2.0,3.73,1.0,2.0,0.95,54.92,0.95,0.215,14,1,0.463,0.161,0.935,1.0,0.518,63.5,0.593
4.59,1.28,11.88,0.58,3.12,4.94,1.0,2.0,0.95,70.18,0.94,0.33,18,8,0.716,0.887,0.938,0.0,0.823,46.1,0.422
4.23,2.83,2.79,0.13,3.16,8.81,0.35,8.0,0.55,53.1,0.79,0.272,6,6,0.504,0.466,0.467,0.0,0.729,50.4,0.408
1.71,0.12,11.82,0.57,0.63,1.86,0.82,4.0,1.0,99.27,0.86,0.472,3,4,0.717,0.2,0.779,1.0,0.392,65.6,0.57
4.81,4.74,9.66,0.38,3.71,6.59,0.35,8.0,0.55,139.07,0.95,0.782,15,7,0.544,0.426,0.729,0.0,0.795,54.3,0.479
10.77,1.9,0.31,0.01,10.42,29.92,0.35,8.0,0.55,108.23,0.73,0.165,9,4,0.523,0.421,0.818,0.0,0.653,48.3,0.37
1.45,2.34,14.57,0.63,0.55,1.48,0.58,6.0,0.88,98.58,0.81,0.592,1,10,0.499,0.931,0.433,1.0,0.505,54.6,0.495
3.79,1.9,10.83,0.59,2.34,4.03,1.0,2.0,0.95,103.0,0.67,0.769,8,5,0.45,0.212,0.421,0.0,0.635,57.8,0.514
5.01,2.06,8.31,0.32,3.93,7.48,1.0,2.0,0.95,10.49,0.67,0.102,12,9,0.951,0.765,0.692,0.0,0.769,44.2,0.334
7.82,5.21,11.3,0.43,6.62,10.03,0.35,8.0,0.55,137.27,0.89,0.326,5,6,0.71,0.594,0.822,0.0,0.356,42.4,0.296
3.29,3.38,16.71,0.84,2.06,2.76,0.58,6.0,0.88,40.47,0.95,0.115,7,9,0.861,0.892,0.769,0.0,0.436,41.3,0.272
4.19,0.47,15.72,0.79,3.07,3.68,0.58,6.0,0.88,89.34,0.7,0.181,15,9,0.738,0.247,0.597,0.0,0.956,56.0,0.536
3.03,2.07,14.22,0.59,1.94,3.22,0.58,6.0,0.88,95.54,0.7,0.239,10,8,0.502,0.925,0.721,0.0,0.417,46.4,0.325
5.3,1.63,17.82,0.81,4.02,4.57,1.0,2.0,0.95,72.42,0.97,0.099,7,6,0.663,0.303,0.448,0.0,0.647,46.8,0.382
0.93,4.36,5.72,0.28,-0.23,1.48,0.82,4.0,1.0,147.16,0.64,0.145,8,12,0.588,0.912,0.743,1.0,0.791,52.2,0.485
0.65,1.96,15.72,0.7,-0.76,0.62,1.0,2.0,0.95,68.13,0.85,0.951,11,10,0.875,0.628,0.45,0.0,0.674,60.9,0.281
5.18,7.36,10.58,0.47,4.41,6.32,0.35,8.0,0.55,179.46,0.99,0.876,9,8,0.962,0.525,0.486,1.0,0.616,48.3,0.482
6.31,0.39,9.58,0.53,5.52,7.17,0.58,6.0,0.88,60.21,0.57,0.827,1,11,0.714,0.775,0.44,0.0,0.79,50.3,0.335
5.15,0.23,5.42,0.22,4.66,9.04,0.35,8.0,0.55,92.06,0.73,0.232,10,11,0.667,0.283,0.488,1.0,0.377,46.1,0.484
1.02,2.43,10.33,0.51,-0.37,1.19,0.82,4.0,1.0,133.91,0.88,0.353,8,1,0.49,0.507,0.548,1.0,0.389,54.0,0.455
4.77,0.83,8.24,0.4,3.39,6.36,0.58,6.0,0.88,6.46,0.64,0.219,15,6,0.899,0.405,0.517,0.0,0.81,48.8,0.379
4.65,8.13,3.28,0.14,3.68,9.49,0.35,8.0,0.55,179.44,0.58,0.313,17,11,0.644,0.602,0.448,0.0,0.722,47.3,0.398
0.65,0.46,11.51,0.57,-0.66,0.71,1.0,2.0,0.95,21.7,0.76,0.735,5,2,0.68,0.973,0.691,0.0,0.577,46.4,0.229
5.18,0.88,12.14,0.49,4.0,6.17,1.0,2.0,0.95,108.56,0.66,0.855,15,10,0.527,0.541,0.626,0.0,0.739,56.0,0.442
5.13,3.27,13.59,0.51,4.21,5.97,0.58,6.0,0.88,89.71,0.65,0.138,11,12,0.723,0.169,0.429,1.0,0.853,48.5,0.512
5.36,0.25,9.83,0.35,4.6,7.66,1.0,2.0,0.95,95.46,0.9,0.608,9,6,0.615,0.828,0.425,1.0,0.93,49.1,0.462
1.02,1.44,12.64,0.52,-0.5,1.17,0.82,4.0,1.0,36.23,0.96,0.312,7,12,0.773,0.174,0.974,0.0,0.865,53.3,0.439
7.04,0.39,9.73,0.38,6.07,9.64,0.58,6.0,0.88,179.91,0.62,0.936,7,7,0.76,0.372,0.828,0.0,0.642,53.2,0.381
2.41,0.97,7.64,0.28,1.38,3.83,0.82,4.0,1.0,14.71,0.68,0.688,10,7,0.501,0.277,0.585,0.0,0.85,62.6,0.447
11.17,6.34,1.61,0.06,10.85,27.24,0.35,8.0,0.55,72.49,0.68,0.612,4,3,0.916,0.926,0.95,0.0,0.587,35.9,0.345
5.81,1.73,9.78,0.51,4.68,6.76,0.82,4.0,1.0,85.08,0.73,0.323,5,4,0.698,0.715,0.583,1.0,0.926,57.5,0.558
4.57,2.33,3.55,0.14,3.52,9.33,0.58,6.0,0.88,150.69,0.86,0.347,1,2,0.544,0.167,0.403,0.0,0.846,58.4,0.518
5.97,1.88,11.34,0.53,4.76,6.78,0.58,6.0,0.88,164.35,0.62,0.13,6,2,0.849,0.371,0.46,0.0,0.791,50.0,0.412
2.35,1.77,10.82,0.43,1.48,3.01,1.0,2.0,0.95,72.44,0.59,0.307,2,1,0.741,0.098,0.792,0.0,0.911,72.8,0.608
0.48,4.74,2.81,0.15,-0.55,0.96,0.35,8.0,0.55,48.65,0.88,0.93,9,10,0.804,0.332,0.481,1.0,0.766,58.2,0.492
10.28,5.03,6.81,0.37,9.32,14.28,0.35,8.0,0.55,53.44,0.86,0.36,18,8,0.464,0.892,0.602,1.0,0.383,33.4,0.341
3.07,4.21,17.89,0.68,1.31,2.98,0.58,6.0,0.88,80.95,0.99,0.366,1,5,0.611,0.388,0.851,1.0,0.756,54.9,0.599
3.21,1.4,7.27,0.28,2.14,5.1,1.0,2.0,0.95,136.77,0.64,0.239,1,9,0.943,0.98,0.452,0.0,0.43,48.8,0.385
2.32,0.95,14.08,0.6,1.32,2.44,1.0,2.0,0.95,167.85,0.7,0.683,1,6,0.818,0.564,0.824,0.0,0.442,71.0,0.426
8.91,3.56,17.59,0.88,7.24,7.24,0.35,8.0,0.55,28.34,0.73,0.094,17,8,0.788,0.092,0.805,1.0,0.967,40.0,0.533
3.97,4.4,15.7,0.82,2.79,3.39,0.82,4.0,1.0,9.02,0.77,0.346,6,9,0.762,0.232,0.643,0.0,0.377,46.9,0.458
0.81,0.14,5.69,0.24,-0.41,1.37,0.82,4.0,1.0,30.33,0.79,0.872,6,1,0.722,0.641,0.606,0.0,0.636,59.2,0.37
0.89,3.14,7.32,0.36,-0.42,1.25,0.35,8.0,0.55,171.45,0.59,0.706,13,10,0.478,0.608,0.486,1.0,0.503,48.7,0.396
8.77,5.21,8.56,0.36,7.94,12.35,0.35,8.0,0.55,154.42,0.79,0.207,6,9,0.671,0.97,0.706,1.0,0.443,34.7,0.414
4.13,3.84,2.87,0.11,3.0,8.98,0.35,8.0,0.55,138.32,0.76,0.547,10,2,0.883,0.949,0.805,1.0,0.666,53.7,0.481
1.71,1.18,8.82,0.36,0.96,2.41,1.0,2.0,0.95,145.15,0.79,0.894,5,12,0.607,0.902,0.607,0.0,0.744,64.8,0.438
3.24,1.7,15.09,0.58,1.57,3.48,0.82,4.0,1.0,26.39,0.77,0.802,12,6,0.903,0.906,0.553,1.0,0.732,50.0,0.421
7.42,2.64,10.7,0.5,6.54,8.73,0.82,4.0,1.0,98.4,0.94,0.275,12,11,0.582,0.327,0.697,1.0,0.833,54.2,0.563
5.13,2.49,7.65,0.4,4.39,6.84,0.82,4.0,1.0,52.67,0.71,0.128,14,10,0.697,0.328,0.639,1.0,0.414,57.3,0.532
8.28,0.87,15.4,0.62,6.89,8.54,0.58,6.0,0.88,126.51,0.78,0.153,8,11,0.978,0.882,0.727,1.0,0.934,39.1,0.462
7.85,0.33,0.87,0.04,7.51,20.13,0.58,6.0,0.88,152.45,0.83,0.059,14,1,0.553,0.965,0.947,1.0,0.5,48.2,0.481
1.27,6.35,5.76,0.25,0.37,2.12,0.35,8.0,0.55,177.62,0.64,0.831,9,9,0.659,0.925,0.544,1.0,0.395,58.0,0.477
6.17,0.3,15.56,0.78,5.1,5.46,0.35,8.0,0.55,147.31,0.68,0.157,5,7,0.785,0.431,0.425,1.0,0.682,45.7,0.524
7.25,7.91,4.92,0.18,6.48,13.68,0.35,8.0,0.55,5.6,0.98,0.884,10,3,0.45,0.033,0.436,0.0,0.906,49.4,0.419
3.34,0.07,7.19,0.39,2.6,4.51,0.82,4.0,1.0,111.47,0.55,0.414,18,9,0.704,0.005,0.824,0.0,0.717,66.1,0.494
7.15,3.25,15.22,0.75,5.91,6.5,0.82,4.0,1.0,73.36,0.7,0.653,9,1,0.823,0.592,0.57,0.0,0.756,59.7,0.407
1.21,2.11,11.25,0.43,-0.14,1.55,1.0,2.0,0.95,6.62,0.92,0.906,8,6,0.751,0.152,0.644,0.0,0.932,50.2,0.486
5.27,2.09,2.24,0.1,4.2,11.71,0.82,4.0,1.0,87.51,0.69,0.657,14,3,0.512,0.7,0.821,1.0,0.778,64.4,0.586
4.74,0.57,11.53,0.47,3.43,5.78,0.58,6.0,0.88,76.99,0.88,0.519,11,7,0.743,0.171,0.889,1.0,0.687,58.0,0.624
6.47,6.21,5.91,0.32,5.83,9.66,0.58,6.0,0.88,54.58,0.94,0.063,10,11,0.459,0.094,0.968,0.0,0.638,49.0,0.393
4.12,1.88,1.4,0.07,3.06,9.81,0.82,4.0,1.0,93.82,0.82,0.363,2,2,0.673,0.097,0.45,1.0,0.868,64.5,0.59
2.67,0.65,6.5,0.29,1.61,4.17,0.82,4.0,1.0,29.65,0.92,0.419,11,11,0.8,0.96,0.402,0.0,0.811,51.3,0.387
5.03,2.31,14.72,0.6,3.5,5.29,0.82,4.0,1.0,154.62,0.81,0.987,14,4,0.975,0.505,0.753,1.0,0.979,63.0,0.63
5.5,2.01,4.12,0.17,4.54,10.58,1.0,2.0,0.95,61.72,0.69,0.607,3,1,0.545,0.389,0.746,1.0,0.531,58.0,0.52
0.49,3.02,5.74,0.27,-0.48,0.79,0.35,8.0,0.55,155.45,0.62,0.665,9,1,0.75,0.446,0.849,1.0,0.919,59.2,0.541
7.41,0.68,8.95,0.46,6.56,9.15,0.82,4.0,1.0,64.79,1.0,0.933,13,9,0.916,0.466,0.722,0.0,0.379,55.3,0.436
1.93,1.3,2.84,0.11,1.38,4.2,1.0,2.0,0.95,176.03,0.78,0.756,7,5,0.64,0.485,0.53,0.0,0.762,73.6,0.503
8.53,5.27,9.81,0.51,7.23,9.92,0.58,6.0,0.88,152.1,0.77,0.552,15,4,0.925,0.884,0.945,0.0,0.581,45.0,0.317
0.98,0.43,8.33,0.44,-0.16,1.24,1.0,2.0,0.95,80.24,0.59,0.927,2,1,0.852,0.001,0.43,1.0,0.766,67.5,0.616
2.74,0.42,7.07,0.37,1.59,3.81,1.0,2.0,0.95,144.01,0.8,0.884,17,4,0.675,0.758,0.422,0.0,0.915,68.2,0.461
6.26,4.85,3.31,0.14,5.62,12.78,0.58,6.0,0.88,73.87,0.6,0.88,6,8,0.466,0.556,0.468,1.0,0.842,51.1,0.52
5.25,1.12,0.04,0.0,4.64,15.0,0.82,4.0,1.0,97.92,0.78,0.778,9,9,0.711,0.288,0.541,1.0,0.472,70.5,0.562
9.83,2.49,12.73,0.7,8.05,9.36,0.35,8.0,0.55,157.88,0.68,0.369,17,11,0.643,0.571,0.897,0.0,0.667,40.0,0.406
9.09,1.66,17.6,0.84,7.26,7.64,0.58,6.0,0.88,11.29,0.92,0.066,10,1,0.882,0.831,0.605,0.0,0.798,38.7,0.309
1.36,1.84,14.59,0.67,-0.08,1.33,1.0,2.0,0.95,159.35,0.84,0.915,6,6,0.82,0.687,0.894,0.0,0.618,57.2,0.355
1.14,6.12,11.72,0.44,0.3,1.44,0.58,6.0,0.88,124.33,0.75,0.102,3,4,0.678,0.651,0.525,0.0,0.481,61.7,0.441
9.62,2.5,17.46,0.71,8.38,9.08,0.35,8.0,0.55,167.51,0.98,0.189,14,11,0.814,0.003,0.899,1.0,0.862,43.5,0.485
10.71,3.58,5.2,0.21,9.6,19.13,0.35,8.0,0.55,164.52,0.57,0.515,8,11,0.646,0.573,0.49,0.0,0.922,39.3,0.379
1.42,3.38,7.74,0.31,0.12,2.15,0.58,6.0,0.88,63.8,0.61,0.997,4,11,0.537,0.913,0.605,1.0,0.52,54.6,0.488
3.97,4.67,5.5,0.22,3.21,6.96,0.58,6.0,0.88,66.58,0.69,0.11,9,4,0.585,0.336,0.691,1.0,0.769,59.3,0.559
0.76,0.71,10.28,0.5,-0.58,0.89,1.0,2.0,0.95,150.85,0.94,0.902,10,7,0.936,0.856,0.525,0.0,0.565,56.1,0.357
3.72,1.57,7.58,0.38,2.68,5.1,1.0,2.0,0.95,133.8,0.89,0.908,18,1,0.882,0.456,0.646,1.0,0.772,68.2,0.568
1.84,0.7,9.91,0.44,0.42,2.33,0.58,6.0,0.88,17.15,0.86,0.619,14,4,0.976,0.164,0.701,1.0,0.618,65.9,0.649
2.58,6.55,11.86,0.63,0.99,2.63,0.58,6.0,0.88,105.06,0.8,0.828,15,10,0.925,0.658,0.492,1.0,0.678,62.4,0.509
4.33,3.49,6.21,0.25,3.74,7.22,0.82,4.0,1.0,140.3,0.94,0.283,9,7,0.674,0.236,0.694,0.0,0.514,61.4,0.477
5.58,3.41,2.31,0.1,4.99,12.4,0.82,4.0,1.0,4.51,0.59,0.166,12,7,0.939,0.842,0.537,0.0,0.964,44.9,0.318
5.33,2.28,12.64,0.52,4.4,6.13,0.58,6.0,0.88,109.29,0.9,0.882,17,2,0.917,0.25,0.46,1.0,0.659,56.8,0.621
5.37,2.87,14.91,0.62,4.48,5.54,0.58,6.0,0.88,55.33,0.63,0.595,15,11,0.873,0.456,0.518,0.0,0.522,50.0,0.353
1.33,1.89,15.8,0.87,-0.27,1.09,1.0,2.0,0.95,14.95,0.55,0.44,4,8,0.57,0.702,0.785,1.0,0.427,41.6,0.381
2.56,2.15,1.06,0.04,1.58,6.56,1.0,2.0,0.95,175.01,0.69,0.375,9,6,0.593,0.612,0.674,0.0,0.666,69.7,0.538
2.08,5.09,17.64,0.79,0.71,1.82,0.35,8.0,0.55,97.23,0.97,0.584,16,11,0.617,0.106,0.721,0.0,0.825,51.5,0.526
0.66,6.02,7.15,0.34,-0.27,0.96,0.35,8.0,0.55,177.8,0.76,0.114,2,6,0.968,0.814,0.5,1.0,0.864,39.7,0.367
3.15,3.21,17.21,0.93,1.7,2.46,0.58,6.0,0.88,78.73,0.85,0.516,18,7,0.75,0.621,0.595,0.0,0.709,56.7,0.46
7.03,8.71,12.81,0.58,5.86,7.56,0.35,8.0,0.55,59.46,0.84,0.319,9,6,0.459,0.787,0.504,0.0,0.428,34.3,0.291
4.28,1.82,8.79,0.46,2.99,5.28,1.0,2.0,0.95,91.96,0.6,0.796,13,6,0.609,0.891,0.714,1.0,0.945,54.3,0.473
1.4,3.37,10.56,0.44,0.48,1.77,0.58,6.0,0.88,49.37,0.79,0.354,1,5,0.728,0.866,0.407,0.0,0.599,44.4,0.344
11.36,8.62,4.82,0.21,10.79,20.29,0.35,8.0,0.55,40.27,0.92,0.651,2,1,0.807,0.183,0.527,1.0,0.447,48.7,0.557
4.87,5.46,12.84,0.58,3.62,5.24,0.58,6.0,0.88,13.91,0.63,0.515,3,6,0.69,0.232,0.471,1.0,0.557,48.2,0.485
6.36,3.4,10.7,0.53,5.48,7.23,0.35,8.0,0.55,154.38,0.94,0.278,14,9,0.538,0.804,0.699,0.0,0.96,36.2,0.288
4.39,3.17,17.07,0.85,3.25,3.66,0.58,6.0,0.88,36.56,0.83,0.41,9,2,0.62,0.594,0.718,1.0,0.883,52.6,0.547
3.89,5.68,13.26,0.49,2.57,4.63,0.35,8.0,0.55,179.43,0.59,0.569,8,11,0.778,0.746,0.475,0.0,0.556,47.5,0.401
7.07,0.08,17.19,0.69,5.35,6.8,0.82,4.0,1.0,154.09,0.72,0.226,17,8,0.762,0.472,0.967,0.0,0.891,55.8,0.494
4.83,1.17,2.01,0.11,4.31,10.5,1.0,2.0,0.95,78.37,0.63,0.572,12,8,0.867,0.062,0.616,1.0,0.648,65.7,0.603
7.63,7.51,0.17,0.01,7.02,21.19,0.35,8.0,0.55,179.54,0.83,0.094,7,3,0.791,0.443,0.879,0.0,0.705,52.8,0.438
5.19,1.61,0.37,0.02,4.53,14.03,0.35,8.0,0.55,52.16,0.93,0.568,7,12,0.761,0.683,0.781,1.0,0.771,54.5,0.484
0.77,3.54,2.35,0.09,-0.29,1.75,0.58,6.0,0.88,50.83,0.85,0.703,8,1,0.5,0.131,0.734,0.0,0.884,59.9,0.462
2.34,3.83,17.62,0.72,1.19,2.19,0.82,4.0,1.0,76.62,0.62,0.5,3,11,0.762,0.109,0.811,0.0,0.812,68.5,0.499
7.03,0.8,9.29,0.36,5.96,9.9,0.82,4.0,1.0,3.83,0.56,0.15,3,8,0.896,0.662,0.956,1.0,0.433,36.4,0.401
5.71,3.64,4.94,0.2,4.75,10.38,0.35,8.0,0.55,13.36,0.72,0.286,17,3,0.971,0.97,0.436,0.0,0.973,39.5,0.284
8.33,3.55,15.97,0.74,6.95,7.64,0.35,8.0,0.55,89.58,0.99,0.768,6,4,0.806,0.209,0.797,1.0,0.744,44.1,0.532
6.14,6.0,14.38,0.8,4.89,5.34,0.58,6.0,0.88,5.4,0.72,0.789,2,12,0.978,0.102,0.801,1.0,0.851,46.6,0.492
0.72,0.37,14.86,0.69,-0.81,0.69,0.35,8.0,0.55,63.06,0.82,0.793,7,12,0.78,0.414,0.535,0.0,0.865,43.8,0.29
3.48,2.17,11.42,0.46,2.0,4.3,1.0,2.0,0.95,43.95,0.99,0.258,8,10,0.758,0.498,0.501,1.0,0.489,51.7,0.456
7.03,1.99,15.2,0.6,5.63,7.4,0.82,4.0,1.0,12.98,0.6,0.53,16,9,0.836,0.937,0.772,1.0,0.856,36.2,0.463
2.26,0.43,5.94,0.22,1.47,3.96,0.82,4.0,1.0,138.09,0.62,0.172,15,5,0.52,0.936,0.777,1.0,0.462,60.8,0.528
1.34,1.86,15.85,0.72,0.11,1.25,1.0,2.0,0.95,175.08,0.92,0.759,4,5,0.889,0.413,0.941,0.0,0.882,68.2,0.511
4.9,1.15,17.53,0.7,3.13,4.67,1.0,2.0,0.95,12.6,0.62,0.152,17,9,0.942,0.558,0.902,1.0,0.379,48.5,0.522
2.22,0.35,15.65,0.61,0.54,2.31,0.82,4.0,1.0,32.57,0.57,0.263,5,2,0.668,0.632,0.733,0.0,0.444,55.9,0.458
3.63,3.28,10.75,0.44,2.53,4.59,0.82,4.0,1.0,32.99,0.74,0.279,7,4,0.802,0.052,0.888,0.0,0.86,55.7,0.518
1.21,1.21,0.73,0.03,0.82,3.18,0.82,4.0,1.0,18.7,0.98,0.755,13,1,0.461,0.269,0.896,0.0,0.508,79.8,0.566
4.58,3.81,3.15,0.14,3.59,9.35,0.82,4.0,1.0,105.49,0.92,0.83,11,1,0.806,0.558,0.41,0.0,0.837,71.2,0.538
3.62,0.77,12.25,0.53,2.1,4.11,0.82,4.0,1.0,161.5,0.65,0.55,16,5,0.618,0.444,0.43,0.0,0.592,57.1,0.453
4.16,1.35,11.67,0.53,2.58,4.73,0.58,6.0,0.88,172.26,0.98,0.265,5,5,0.725,0.761,0.708,0.0,0.962,55.2,0.416
9.24,5.56,5.48,0.24,8.53,15.66,0.58,6.0,0.88,101.42,0.7,0.162,5,4,0.681,0.937,0.442,0.0,0.877,35.3,0.259
3.43,1.04,12.33,0.62,1.96,3.54,1.0,2.0,0.95,48.61,0.68,0.188,1,5,0.638,0.148,0.484,0.0,0.573,51.4,0.441
3.67,1.7,13.03,0.64,2.24,3.71,1.0,2.0,0.95,99.59,0.76,0.415,11,5,0.83,0.024,0.971,0.0,0.865,58.0,0.467
8.94,4.94,10.03,0.45,7.93,11.17,0.35,8.0,0.55,29.97,0.88,0.877,11,8,0.465,0.16,0.511,0.0,0.836,46.5,0.442
7.38,0.31,0.15,0.01,6.62,20.5,0.82,4.0,1.0,151.78,0.6,0.581,2,10,0.954,0.819,0.914,0.0,0.837,60.3,0.4
6.06,2.97,16.03,0.84,4.54,5.09,0.35,8.0,0.55,151.99,0.74,0.321,2,2,0.913,0.905,0.502,1.0,0.895,38.8,0.486
3.72,1.5,8.68,0.37,2.29,5.17,0.58,6.0,0.88,17.89,0.85,0.201,6,12,0.845,0.051,0.718,0.0,0.946,54.2,0.462
3.94,2.06,16.47,0.77,2.7,3.52,1.0,2.0,0.95,110.59,0.65,0.302,5,5,0.939,0.392,0.434,1.0,0.464,53.7,0.492
6.76,3.69,0.41,0.02,6.24,18.27,0.82,4.0,1.0,141.21,0.59,0.088,3,7,0.79,0.604,0.822,1.0,0.639,56.2,0.55
1.18,0.28,17.26,0.63,0.12,1.2,1.0,2.0,0.95,64.01,0.78,0.822,12,5,0.896,0.205,0.849,1.0,0.529,70.1,0.672
4.21,2.07,4.51,0.23,3.27,7.26,1.0,2.0,0.95,93.51,0.71,0.675,15,12,0.912,0.567,0.909,0.0,0.555,62.9,0.5
4.05,1.47,6.03,0.26,3.07,6.64,1.0,2.0,0.95,87.97,0.8,0.666,4,9,0.851,0.424,0.82,0.0,0.594,63.6,0.435
1.94,2.1,5.26,0.27,1.35,3.13,0.35,8.0,0.55,179.91,0.85,0.239,11,10,0.571,0.593,0.909,1.0,0.807,66.6,0.565
2.8,4.19,4.25,0.22,1.86,4.91,0.58,6.0,0.88,80.96,0.55,0.775,13,12,0.912,0.139,0.721,1.0,0.41,60.2,0.621
3.07,3.14,17.38,0.71,1.29,2.9,0.58,6.0,0.88,109.02,0.93,0.972,13,11,0.908,0.521,0.689,1.0,0.487,57.9,0.553
7.85,5.12,5.77,0.22,6.94,13.77,0.58,6.0,0.88,56.62,0.85,0.707,12,3,0.638,0.724,0.911,0.0,0.9,54.3,0.458
4.67,1.51,3.88,0.14,4.11,9.53,0.82,4.0,1.0,39.75,0.93,0.113,17,6,0.801,0.977,0.444,1.0,0.498,51.7,0.402
7.0,2.79,2.32,0.09,5.86,15.91,0.82,4.0,1.0,139.76,0.95,0.149,12,8,0.546,0.65,0.575,1.0,0.93,61.8,0.596
4.57,1.28,16.61,0.61,3.49,4.76,1.0,2.0,0.95,73.39,0.86,0.165,1,9,0.511,0.018,0.573,1.0,0.921,52.4,0.604
1.66,8.52,13.68,0.5,0.09,1.95,0.35,8.0,0.55,9.39,0.79,0.36,3,1,0.906,0.751,0.712,0.0,0.893,50.6,0.392
2.14,1.08,1.09,0.05,1.38,5.35,1.0,2.0,0.95,173.39,0.58,0.645,4,4,0.849,0.088,0.842,1.0,0.753,84.3,0.764
1.21,0.58,7.54,0.35,0.24,1.73,0.35,8.0,0.55,170.74,0.75,0.194,16,10,0.728,0.065,0.604,1.0,0.799,62.7,0.611
2.38,1.42,6.11,0.29,1.0,3.72,1.0,2.0,0.95,107.36,0.92,0.364,9,3,0.701,0.314,0.434,0.0,0.414,70.1,0.45
6.72,3.01,16.28,0.79,5.02,5.89,0.82,4.0,1.0,137.95,0.72,0.26,1,4,0.453,0.308,0.604,0.0,0.896,46.5,0.461
2.58,3.81,11.14,0.48,1.04,3.11,0.82,4.0,1.0,93.18,0.96,0.744,8,2,0.496,0.592,0.515,1.0,0.662,65.6,0.618
2.86,4.36,16.68,0.87,1.23,2.34,0.58,6.0,0.88,13.89,0.89,0.413,5,11,0.509,0.543,0.739,0.0,0.92,49.0,0.36
0.45,3.33,16.05,0.65,-0.47,0.45,0.82,4.0,1.0,113.06,0.6,0.344,12,10,0.615,0.152,0.544,0.0,0.419,53.2,0.343
10.09,7.93,1.54,0.06,9.21,24.61,0.35,8.0,0.55,161.3,0.87,0.238,1,12,0.525,0.415,0.536,0.0,0.789,43.8,0.393
2.13,0.86,15.83,0.66,0.61,2.11,0.82,4.0,1.0,59.54,0.7,0.341,7,5,0.572,0.377,0.696,1.0,0.711,59.4,0.513
2.37,0.93,15.47,0.7,0.93,2.26,1.0,2.0,0.95,5.52,0.56,0.652,2,4,0.719,0.481,0.772,1.0,0.857,62.1,0.566
1.56,0.44,2.35,0.12,0.96,3.32,1.0,2.0,0.95,173.2,0.66,0.07,9,8,0.498,0.172,0.477,0.0,0.568,75.0,0.509
2.96,0.69,10.25,0.54,1.81,3.33,0.58,6.0,0.88,22.89,0.88,0.125,17,5,0.528,0.92,0.864,0.0,0.957,44.2,0.324
5.83,2.81,13.4,0.6,4.67,6.14,0.82,4.0,1.0,151.34,0.76,0.186,13,11,0.769,0.355,0.607,0.0,0.898,53.8,0.461
0.43,1.89,5.58,0.23,-0.23,0.74,1.0,2.0,0.95,164.88,0.68,0.615,17,11,0.815,0.047,0.892,1.0,0.838,72.9,0.634
3.7,2.23,12.79,0.49,2.96,4.4,0.82,4.0,1.0,135.59,0.84,0.19,12,2,0.951,0.608,0.89,1.0,0.457,64.6,0.523
2.26,1.98,14.75,0.8,0.58,1.97,1.0,2.0,0.95,158.83,0.95,0.147,5,9,0.714,0.719,0.527,1.0,0.669,62.0,0.573
0.73,2.18,14.4,0.55,-0.33,0.81,1.0,2.0,0.95,102.27,0.77,0.73,5,2,0.597,0.336,0.829,0.0,0.636,60.3,0.426
1.87,1.04,7.09,0.36,0.78,2.63,1.0,2.0,0.95,29.83,0.94,0.715,10,8,0.946,0.979,0.679,0.0,0.423,57.3,0.411
6.06,2.35,0.82,0.04,5.58,15.54,0.58,6.0,0.88,151.07,0.84,0.63,10,1,0.658,0.94,0.861,1.0,0.741,52.9,0.543
3.57,2.05,1.11,0.04,3.08,9.15,1.0,2.0,0.95,170.73,0.65,0.998,1,10,0.454,0.842,0.516,0.0,0.973,60.2,0.468
5.12,2.33,5.81,0.31,4.34,7.76,0.82,4.0,1.0,70.28,0.66,0.423,13,4,0.759,0.678,0.733,0.0,0.717,58.0,0.371
2.96,1.45,1.7,0.07,1.98,7.05,0.35,8.0,0.55,65.22,0.67,0.917,16,12,0.559,0.899,0.705,0.0,0.635,54.6,0.381
3.84,3.25,14.12,0.62,2.35,3.96,0.35,8.0,0.55,66.65,0.87,0.528,14,9,0.464,0.778,0.688,0.0,0.842,43.4,0.402
4.35,3.07,6.53,0.29,3.35,6.8,0.82,4.0,1.0,167.93,0.81,0.863,3,4,0.78,0.064,0.964,0.0,0.817,67.0,0.516
6.93,0.98,14.63,0.53,5.75,7.88,0.35,8.0,0.55,148.3,0.85,0.239,17,10,0.523,0.596,0.704,0.0,0.77,43.1,0.43
7.1,5.42,11.37,0.47,6.36,8.66,0.58,6.0,0.88,134.82,0.7,0.076,5,2,0.601,0.919,0.54,0.0,0.784,37.0,0.306
3.23,1.33,10.55,0.39,2.06,4.36,1.0,2.0,0.95,6.35,0.73,0.89,9,1,0.524,0.541,0.452,1.0,0.923,60.0,0.586
1.68,0.74,0.33,0.02,0.68,4.54,0.82,4.0,1.0,61.97,0.83,0.502,4,6,0.647,0.321,0.5,0.0,0.607,67.8,0.551
3.11,1.7,8.32,0.33,2.52,4.57,1.0,2.0,0.95,169.64,0.74,0.169,5,1,0.614,0.076,0.629,0.0,0.883,66.1,0.488
2.07,5.99,10.71,0.44,0.9,2.62,0.35,8.0,0.55,103.74,0.83,0.866,2,2,0.828,0.618,0.702,0.0,0.593,58.0,0.476
5.75,3.12,11.63,0.52,4.93,6.61,0.82,4.0,1.0,118.52,0.72,0.994,2,1,0.871,0.868,0.504,1.0,0.826,58.9,0.523
2.48,3.94,3.45,0.14,1.91,5.06,0.82,4.0,1.0,22.92,0.72,0.506,17,8,0.658,0.595,0.541,1.0,0.808,68.8,0.55
2.06,3.89,9.53,0.44,0.59,2.61,0.58,6.0,0.88,168.69,0.77,0.494,4,6,0.902,0.755,0.649,0.0,0.744,58.1,0.447
3.5,0.24,9.96,0.36,2.4,4.93,1.0,2.0,0.95,56.05,0.92,0.296,5,1,0.925,0.259,0.433,1.0,0.577,61.2,0.522
3.86,1.55,15.86,0.66,2.31,3.82,0.35,8.0,0.55,114.1,0.56,0.403,2,11,0.478,0.99,0.665,0.0,0.913,40.7,0.34
2.56,1.77,16.71,0.65,1.49,2.56,1.0,2.0,0.95,24.9,0.78,0.533,3,11,0.963,0.442,0.514,1.0,0.961,58.0,0.578
8.52,0.68,7.79,0.3,7.83,13.11,0.58,6.0,0.88,90.79,0.99,0.074,6,4,0.898,0.578,0.673,1.0,0.876,47.3,0.453
3.6,5.12,6.68,0.3,2.6,5.54,0.58,6.0,0.88,172.17,0.78,0.28,17,10,0.967,0.442,0.856,0.0,0.376,57.3,0.396
0.95,1.68,0.25,0.01,0.34,2.64,1.0,2.0,0.95,147.69,0.94,0.738,18,10,0.742,0.876,0.959,0.0,0.801,72.8,0.437
1.45,2.13,12.19,0.44,0.67,1.84,0.35,8.0,0.55,176.58,0.7,0.65,1,11,0.935,0.768,0.517,1.0,0.736,57.8,0.532
4.88,1.04,5.91,0.29,3.81,7.63,1.0,2.0,0.95,157.86,0.88,0.474,3,9,0.672,0.517,0.711,0.0,0.387,56.3,0.403
0.94,5.94,13.2,0.68,-0.6,0.91,0.35,8.0,0.55,87.41,0.69,0.284,12,11,0.663,0.827,0.719,1.0,0.859,39.2,0.371
4.36,3.41,5.52,0.25,3.33,7.27,0.82,4.0,1.0,100.95,0.85,0.917,2,4,0.569,0.051,0.955,1.0,0.592,60.6,0.557
3.35,1.42,15.71,0.76,1.97,3.02,0.58,6.0,0.88,145.85,0.55,0.449,16,4,0.862,0.941,0.544,1.0,0.875,53.5,0.455
0.65,1.5,12.82,0.53,-0.92,0.74,1.0,2.0,0.95,150.69,0.81,0.387,4,4,0.466,0.166,0.889,0.0,0.364,56.0,0.282
4.93,0.59,13.73,0.75,3.27,4.48,0.58,6.0,0.88,138.18,0.98,0.812,11,11,0.682,0.882,0.959,0.0,0.623,50.6,0.348
7.48,5.97,2.02,0.1,6.71,16.62,0.58,6.0,0.88,162.64,0.8,0.809,5,5,0.553,0.525,0.489,0.0,0.89,55.8,0.444
5.08,0.97,3.08,0.13,4.35,10.58,0.82,4.0,1.0,20.77,0.66,0.756,1,3,0.615,0.862,0.822,1.0,0.944,52.7,0.54
2.76,1.75,17.02,0.62,1.21,2.85,0.82,4.0,1.0,11.18,0.79,0.422,7,6,0.902,0.946,0.855,0.0,0.377,41.4,0.253
10.74,6.49,3.1,0.13,9.84,22.38,0.35,8.0,0.55,33.48,0.59,0.931,8,2,0.783,0.621,0.937,0.0,0.388,45.1,0.324
4.5,0.97,15.71,0.65,2.87,4.5,1.0,2.0,0.95,134.45,0.58,0.188,4,3,0.638,0.983,0.854,1.0,0.833,45.9,0.45
5.06,5.87,9.11,0.34,3.72,7.33,0.58,6.0,0.88,137.61,0.73,0.925,1,12,0.518,0.336,0.427,0.0,0.487,52.0,0.447
1.46,1.55,3.27,0.12,0.83,3.11,1.0,2.0,0.95,15.98,0.89,0.072,12,3,0.907,0.061,0.554,0.0,0.566,68.1,0.534
1.68,0.26,5.37,0.26,0.39,2.75,0.35,8.0,0.55,134.43,0.74,0.716,4,12,0.881,0.572,0.554,1.0,0.358,54.7,0.465
10.74,0.93,10.86,0.41,9.43,14.13,0.35,8.0,0.55,119.73,0.75,0.349,9,12,0.819,0.168,0.583,1.0,0.429,43.2,0.476
7.85,6.52,5.05,0.27,6.89,12.66,0.58,6.0,0.88,116.39,0.59,0.34,6,3,0.777,0.685,0.513,1.0,0.601,50.6,0.446
5.42,2.36,14.3,0.57,4.1,5.89,0.58,6.0,0.88,82.87,0.74,0.336,12,6,0.8,0.048,0.545,0.0,0.734,51.5,0.519
7.98,6.83,15.78,0.67,6.74,7.82,0.35,8.0,0.55,103.95,0.61,0.536,1,5,0.472,0.128,0.73,1.0,0.978,39.8,0.498
5.06,1.83,12.93,0.5,4.3,5.95,1.0,2.0,0.95,141.43,0.64,0.755,3,4,0.524,0.947,0.543,1.0,0.674,49.4,0.453
5.73,8.51,4.96,0.21,4.53,10.23,0.35,8.0,0.55,123.88,0.96,0.996,3,3,0.539,0.92,0.748,1.0,0.471,46.6,0.454
0.71,2.82,10.28,0.5,-0.24,0.84,0.35,8.0,0.55,142.45,0.87,0.714,9,5,0.834,0.892,0.87,1.0,0.541,45.4,0.426
2.46,0.08,10.99,0.6,1.3,2.59,1.0,2.0,0.95,114.72,0.57,0.213,3,6,0.5,0.957,0.667,0.0,0.512,54.2,0.346
3.27,6.69,16.22,0.74,1.83,3.0,0.35,8.0,0.55,101.57,0.62,0.541,2,2,0.954,0.728,0.828,1.0,0.71,54.5,0.559
6.15,6.31,3.95,0.17,5.45,11.83,0.58,6.0,0.88,173.98,0.67,0.46,4,9,0.769,0.16,0.887,1.0,0.374,50.2,0.539
1.08,0.87,11.78,0.47,0.35,1.32,0.82,4.0,1.0,60.0,0.56,0.446,16,12,0.825,0.285,0.692,0.0,0.838,72.3,0.558
1.39,1.41,16.78,0.63,-0.24,1.42,1.0,2.0,0.95,43.83,0.71,0.659,17,2,0.861,0.703,0.8,0.0,0.407,47.5,0.328
2.94,2.17,8.33,0.36,2.15,4.14,0.58,6.0,0.88,22.3,0.63,0.616,14,2,0.926,0.567,0.881,1.0,0.484,63.5,0.495
0.67,8.62,15.69,0.72,-1.13,0.63,0.35,8.0,0.55,34.95,0.87,0.641,5,8,0.877,0.47,0.541,0.0,0.601,44.3,0.225
6.31,7.64,1.09,0.05,5.9,15.78,0.35,8.0,0.55,107.61,0.58,0.824,18,7,0.873,0.074,0.69,1.0,0.584,57.8,0.569
8.2,4.77,10.99,0.4,7.28,10.93,0.35,8.0,0.55,133.89,0.97,0.167,3,7,0.803,0.997,0.746,0.0,0.404,28.6,0.216
1.67,2.04,7.64,0.29,0.62,2.61,0.58,6.0,0.88,112.74,0.85,0.607,14,10,0.951,0.446,0.699,0.0,0.382,63.7,0.414
2.41,2.14,4.71,0.18,1.56,4.55,1.0,2.0,0.95,156.05,0.84,0.307,2,5,0.934,0.964,0.876,0.0,0.483,59.3,0.34
0.85,0.49,6.65,0.29,-0.23,1.33,0.82,4.0,1.0,87.64,0.58,0.261,16,9,0.612,0.918,0.692,1.0,0.975,51.2,0.482
8.77,6.08,0.44,0.02,7.67,23.7,0.58,6.0,0.88,28.89,0.92,0.993,7,10,0.857,0.25,0.602,0.0,0.505,54.2,0.407
5.82,1.18,16.33,0.71,4.33,5.49,0.82,4.0,1.0,100.27,0.61,0.156,13,11,0.827,0.313,0.771,1.0,0.496,52.5,0.475
9.33,2.54,12.1,0.54,8.16,10.48,0.58,6.0,0.88,178.46,0.73,0.511,5,5,0.561,0.731,0.635,0.0,0.515,42.6,0.351
1.33,2.2,8.81,0.38,0.66,1.82,0.58,6.0,0.88,57.84,0.78,0.191,16,11,0.576,0.053,0.954,0.0,0.961,67.7,0.505
6.21,0.44,0.74,0.03,5.78,16.34,0.82,4.0,1.0,100.6,0.66,0.731,8,3,0.733,0.624,0.806,0.0,0.913,63.9,0.427
3.94,2.16,6.91,0.37,2.76,5.47,1.0,2.0,0.95,40.58,0.62,0.777,6,7,0.531,0.771,0.62,1.0,0.672,55.5,0.479
9.78,2.95,17.69,0.7,8.57,9.31,0.35,8.0,0.55,99.0,0.95,0.188,15,11,0.769,0.737,0.865,1.0,0.407,38.2,0.42
3.51,1.84,15.63,0.69,2.5,3.37,1.0,2.0,0.95,96.52,0.61,0.63,15,9,0.453,0.767,0.916,1.0,0.412,56.4,0.473
5.42,2.09,7.69,0.28,4.52,8.6,1.0,2.0,0.95,6.85,0.59,0.254,11,2,0.528,0.008,0.644,1.0,0.631,49.2,0.52
6.26,1.24,12.32,0.58,4.96,6.73,0.58,6.0,0.88,65.39,0.79,0.218,4,12,0.541,0.512,0.954,1.0,0.481,43.8,0.435
1.69,0.13,11.49,0.44,0.79,2.14,1.0,2.0,0.95,72.47,0.94,0.918,13,4,0.925,0.326,0.867,0.0,0.573,67.1,0.548
6.27,0.2,0.51,0.02,5.92,16.95,0.58,6.0,0.88,139.44,0.63,0.629,10,8,0.647,0.7,0.679,0.0,0.643,61.4,0.419
0.97,6.32,17.46,0.63,-0.61,0.99,0.58,6.0,0.88,125.62,0.76,0.533,16,2,0.526,0.112,0.955,0.0,0.658,54.9,0.321
6.35,1.81,4.31,0.21,5.53,11.34,0.35,8.0,0.55,63.5,0.85,0.926,15,7,0.487,0.356,0.476,0.0,0.353,50.1,0.447
7.27,0.92,8.82,0.32,6.68,10.85,0.35,8.0,0.55,17.55,0.63,0.094,12,12,0.885,0.342,0.439,0.0,0.76,37.2,0.38
1.93,3.08,1.65,0.07,1.24,4.6,0.82,4.0,1.0,45.77,0.69,0.4,11,11,0.66,0.254,0.83,1.0,0.365,72.6,0.587
6.87,3.87,0.19,0.01,6.09,19.08,0.82,4.0,1.0,170.65,0.91,0.116,16,11,0.545,0.934,0.402,1.0,0.793,57.9,0.5
4.66,3.97,15.58,0.79,3.61,4.09,0.82,4.0,1.0,45.49,0.73,0.87,3,3,0.554,0.559,0.701,1.0,0.447,50.9,0.461
3.05,6.46,12.81,0.65,1.49,3.05,0.58,6.0,0.88,49.66,0.92,0.342,16,11,0.914,0.468,0.66,0.0,0.853,59.7,0.512
6.26,0.43,11.57,0.63,4.53,6.39,0.82,4.0,1.0,139.77,0.9,0.662,6,11,0.763,0.862,0.715,1.0,0.523,49.8,0.441
9.65,5.37,4.19,0.22,9.11,16.93,0.35,8.0,0.55,78.51,0.94,0.166,11,6,0.676,0.852,0.664,0.0,0.626,30.0,0.274
6.01,2.09,13.15,0.49,4.67,7.15,0.82,4.0,1.0,131.62,0.83,0.964,16,4,0.53,0.42,0.613,1.0,0.823,63.0,0.569
5.3,0.46,2.46,0.14,4.25,10.82,0.82,4.0,1.0,92.97,0.94,0.977,7,7,0.828,0.865,0.591,0.0,0.639,52.5,0.339
6.35,6.39,11.68,0.45,5.33,7.94,0.58,6.0,0.88,82.82,0.67,0.589,8,5,0.976,0.19,0.839,0.0,0.697,51.5,0.409
5.14,0.07,12.11,0.6,4.18,5.41,1.0,2.0,0.95,7.43,0.69,0.324,1,1,0.595,0.217,0.568,1.0,0.862,45.5,0.492
3.93,2.2,8.71,0.42,3.05,5.1,0.82,4.0,1.0,48.7,0.75,0.699,9,9,0.87,0.263,0.539,1.0,0.977,67.1,0.591
2.76,1.65,10.87,0.42,1.84,3.58,0.82,4.0,1.0,30.97,0.91,0.521,13,6,0.645,0.551,0.652,1.0,0.951,67.1,0.655
2.96,1.69,14.3,0.64,2.02,2.99,1.0,2.0,0.95,28.13,0.7,0.628,4,7,0.749,0.765,0.693,1.0,0.819,58.1,0.504
7.86,5.13,15.19,0.69,6.32,7.56,0.35,8.0,0.55,121.53,0.98,0.432,14,1,0.548,0.028,0.647,0.0,0.526,46.4,0.378
5.57,2.58,2.01,0.08,4.85,12.95,0.82,4.0,1.0,42.18,0.87,0.844,16,10,0.857,0.309,0.762,0.0,0.834,62.4,0.472
3.92,2.48,11.47,0.57,2.31,4.26,0.35,8.0,0.55,67.53,0.94,0.384,10,2,0.625,0.462,0.557,0.0,0.565,43.6,0.332
0.97,3.62,6.71,0.24,-0.03,1.64,0.58,6.0,0.88,168.93,0.78,0.121,11,6,0.453,0.899,0.703,0.0,0.545,38.8,0.306
7.1,1.08,6.68,0.32,5.89,10.6,0.35,8.0,0.55,7.32,0.69,0.529,14,10,0.473,0.664,0.902,0.0,0.587,39.8,0.341
2.17,0.12,14.32,0.56,1.16,2.38,0.82,4.0,1.0,25.38,0.93,0.306,15,9,0.607,0.321,0.495,0.0,0.583,55.1,0.431
5.97,1.58,8.81,0.37,5.08,8.29,0.58,6.0,0.88,163.99,0.97,0.705,5,1,0.594,0.034,0.635,1.0,0.438,56.0,0.531
4.48,5.3,13.77,0.6,3.0,4.72,0.35,8.0,0.55,175.47,0.97,0.341,17,6,0.72,0.947,0.665,0.0,0.584,40.4,0.356
4.65,3.95,16.19,0.71,3.09,4.39,0.58,6.0,0.88,132.92,0.99,0.826,3,9,0.73,0.625,0.778,0.0,0.742,49.5,0.373
4.13,2.39,3.11,0.11,3.17,8.98,0.58,6.0,0.88,97.1,1.0,0.393,2,6,0.739,0.197,0.657,0.0,0.777,53.3,0.44
3.2,0.67,5.01,0.26,2.59,5.25,0.82,4.0,1.0,88.09,0.65,0.888,10,10,0.654,0.733,0.552,1.0,0.703,69.4,0.552
0.66,0.19,4.31,0.17,0.12,1.27,0.58,6.0,0.88,33.08,0.7,0.351,1,5,0.612,0.696,0.415,1.0,0.805,61.0,0.496
1.79,4.51,11.6,0.59,0.85,1.9,0.35,8.0,0.55,20.28,0.57,0.134,12,9,0.95,0.506,0.638,0.0,0.534,56.6,0.367
2.59,2.75,17.1,0.93,1.32,2.02,0.82,4.0,1.0,98.46,0.7,0.205,3,8,0.524,0.777,0.479,0.0,0.431,52.7,0.328
5.51,5.08,10.45,0.39,4.08,7.45,0.58,6.0,0.88,46.73,0.63,0.154,7,1,0.87,0.011,0.699,1.0,0.967,57.8,0.574
0.71,0.11,13.26,0.61,-0.91,0.74,0.58,6.0,0.88,171.91,0.6,0.681,18,9,0.791,0.879,0.523,1.0,0.66,50.7,0.302
4.4,4.38,16.53,0.68,3.14,4.27,0.58,6.0,0.88,135.78,0.88,0.651,3,7,0.796,0.691,0.446,1.0,0.595,51.6,0.506
3.46,1.02,12.72,0.68,2.07,3.36,0.82,4.0,1.0,108.19,0.75,0.83,15,7,0.738,0.826,0.57,1.0,0.669,54.2,0.482
7.05,1.9,6.18,0.24,6.31,11.95,0.82,4.0,1.0,92.8,0.68,0.214,1,6,0.973,0.785,0.64,0.0,0.837,50.0,0.365
3.8,1.7,8.41,0.34,2.53,5.51,1.0,2.0,0.95,7.75,0.64,0.478,11,6,0.608,0.009,0.681,1.0,0.923,50.1,0.63
2.14,0.73,0.11,0.0,1.61,6.11,0.82,4.0,1.0,107.48,0.62,0.733,16,10,0.895,0.645,0.776,1.0,0.938,86.3,0.671
3.06,2.08,17.93,0.85,1.2,2.55,0.82,4.0,1.0,66.45,0.95,0.359,5,10,0.974,0.868,0.404,0.0,0.936,46.8,0.346
5.66,3.25,7.16,0.33,4.42,8.32,0.82,4.0,1.0,146.53,0.69,0.199,3,8,0.939,0.874,0.72,0.0,0.357,46.0,0.372
9.26,6.36,3.82,0.21,8.59,16.54,0.58,6.0,0.88,69.24,0.91,0.167,16,11,0.877,0.165,0.448,0.0,0.857,51.1,0.476
6.07,1.7,0.02,0.0,5.43,17.34,0.35,8.0,0.55,25.69,0.85,0.174,2,10,0.74,0.339,0.526,1.0,0.783,52.4,0.517
6.28,0.44,6.73,0.34,5.19,9.1,0.82,4.0,1.0,148.99,0.99,0.136,4,9,0.894,0.767,0.483,1.0,0.46,58.9,0.468
2.75,0.98,1.26,0.06,2.27,6.71,1.0,2.0,0.95,22.58,0.71,0.92,12,11,0.641,0.304,0.745,0.0,0.813,65.2,0.455
8.69,3.28,4.25,0.22,7.62,15.25,0.58,6.0,0.88,34.74,0.65,0.906,9,1,0.793,0.698,0.661,0.0,0.955,51.1,0.389
11.14,2.49,12.11,0.5,9.71,13.11,0.35,8.0,0.55,78.28,0.88,0.72,16,8,0.919,0.756,0.896,1.0,0.448,45.1,0.496
7.44,8.39,8.88,0.33,6.02,10.94,0.35,8.0,0.55,19.49,0.92,0.862,15,11,0.723,0.655,0.876,0.0,0.69,43.7,0.421
4.14,0.47,11.27,0.6,3.14,4.36,0.35,8.0,0.55,39.18,0.94,0.537,8,7,0.673,0.318,0.758,1.0,0.421,52.3,0.573
4.56,0.91,2.66,0.12,3.71,9.7,0.82,4.0,1.0,35.12,0.65,0.978,8,2,0.629,0.707,0.784,0.0,0.956,63.3,0.422
0.73,3.22,14.09,0.62,-0.25,0.75,0.58,6.0,0.88,92.44,0.6,0.746,4,9,0.818,0.444,0.915,1.0,0.381,57.0,0.449
0.87,2.18,2.31,0.13,0.15,1.81,1.0,2.0,0.95,102.16,0.56,0.265,9,10,0.957,0.861,0.974,1.0,0.717,65.9,0.504
5.12,1.35,12.5,0.47,3.73,6.24,1.0,2.0,0.95,78.48,0.72,0.052,4,1,0.533,0.079,0.843,1.0,0.716,59.5,0.627
1.74,1.89,0.04,0.0,1.0,4.97,1.0,2.0,0.95,16.43,0.82,0.29,6,4,0.625,0.692,0.783,0.0,0.462,70.4,0.518
4.42,1.88,10.4,0.44,3.28,5.59,1.0,2.0,0.95,8.06,0.7,0.094,10,5,0.566,0.098,0.921,1.0,0.657,50.9,0.598
5.25,0.3,5.64,0.21,4.62,9.38,0.82,4.0,1.0,137.37,0.98,0.698,6,12,0.58,0.37,0.522,1.0,0.569,61.1,0.576
4.89,0.83,14.27,0.68,3.7,4.75,0.82,4.0,1.0,16.53,0.9,0.367,13,2,0.719,0.294,0.635,1.0,0.51,49.6,0.481
4.99,0.41,7.67,0.28,3.65,7.92,0.82,4.0,1.0,168.05,0.61,0.222,5,9,0.901,0.066,0.586,0.0,0.633,56.8,0.488
7.21,0.68,13.69,0.51,6.35,8.38,0.82,4.0,1.0,51.67,0.97,0.979,7,1,0.498,0.315,0.682,1.0,0.574,60.2,0.606
2.59,4.37,0.4,0.02,1.61,7.0,0.58,6.0,0.88,71.65,0.84,0.675,4,11,0.721,0.274,0.938,0.0,0.527,69.7,0.535
1.27,0.79,0.47,0.02,0.77,3.43,0.82,4.0,1.0,8.92,0.78,0.912,5,10,0.698,0.691,0.675,1.0,0.438,66.3,0.512
7.29,0.93,6.42,0.24,6.73,12.36,0.82,4.0,1.0,32.84,0.76,0.129,10,1,0.826,0.369,0.652,0.0,0.82,55.3,0.507
4.73,1.81,12.11,0.44,3.68,5.99,0.82,4.0,1.0,41.22,0.94,0.597,14,2,0.694,0.309,0.546,1.0,0.744,62.1,0.55
9.76,5.18,5.96,0.24,9.14,16.54,0.35,8.0,0.55,12.6,0.7,0.068,13,5,0.732,0.202,0.913,1.0,0.401,37.4,0.491
3.83,0.88,2.02,0.07,3.27,9.12,0.82,4.0,1.0,91.99,0.99,0.964,15,5,0.57,0.793,0.978,0.0,0.814,66.6,0.424
5.42,8.56,11.97,0.57,4.44,5.89,0.35,8.0,0.55,20.62,0.91,0.329,3,7,0.796,0.25,0.916,1.0,0.815,40.8,0.559
2.05,1.62,6.62,0.24,1.24,3.47,1.0,2.0,0.95,111.4,0.6,0.298,5,9,0.946,0.231,0.48,0.0,0.388,66.8,0.489
7.46,1.13,5.86,0.29,6.68,11.66,0.82,4.0,1.0,33.97,0.6,0.906,5,12,0.745,0.923,0.686,1.0,0.488,45.2,0.481
0.93,5.1,12.74,0.62,-0.6,0.96,0.35,8.0,0.55,52.11,0.71,0.405,17,10,0.58,0.26,0.488,0.0,0.835,46.1,0.344
3.53,0.84,7.91,0.33,2.36,5.19,1.0,2.0,0.95,89.1,0.71,0.319,17,10,0.589,0.854,0.585,1.0,0.507,54.6,0.467
3.43,0.11,14.69,0.62,1.82,3.54,0.82,4.0,1.0,42.57,0.68,0.717,13,9,0.896,0.858,0.731,1.0,0.611,55.6,0.531
2.04,1.09,2.64,0.11,1.4,4.43,1.0,2.0,0.95,129.71,0.7,0.317,10,4,0.767,0.51,0.975,1.0,0.782,75.1,0.658
4.84,0.65,7.37,0.4,3.46,6.45,1.0,2.0,0.95,163.65,0.92,0.394,6,3,0.821,0.411,0.459,0.0,0.86,60.2,0.442
2.05,0.06,4.82,0.26,0.93,3.36,1.0,2.0,0.95,102.29,0.58,0.664,15,12,0.975,0.014,0.651,0.0,0.55,78.4,0.588
4.81,1.74,1.57,0.08,3.86,11.19,1.0,2.0,0.95,158.42,0.59,0.347,18,2,0.663,0.902,0.703,0.0,0.729,57.0,0.399
5.96,3.44,5.75,0.22,5.29,10.46,0.58,6.0,0.88,86.6,0.57,0.435,8,3,0.717,0.807,0.773,1.0,0.565,41.8,0.429
4.23,5.82,7.3,0.36,2.83,5.96,0.35,8.0,0.55,122.98,0.96,0.794,16,12,0.629,0.336,0.476,1.0,0.407,54.8,0.566
2.49,0.62,10.9,0.44,1.32,3.15,1.0,2.0,0.95,166.17,0.93,0.409,10,12,0.76,0.653,0.582,0.0,0.555,64.4,0.445
5.5,0.41,10.89,0.51,4.64,6.4,0.58,6.0,0.88,13.76,0.66,0.9,3,1,0.743,0.734,0.937,0.0,0.587,51.7,0.368
4.46,1.36,3.46,0.18,3.71,8.42,0.58,6.0,0.88,125.17,0.74,0.609,17,2,0.794,0.2,0.674,0.0,0.47,57.7,0.486
4.34,0.45,14.21,0.67,3.18,4.25,1.0,2.0,0.95,177.44,0.57,0.383,10,10,0.783,0.494,0.687,0.0,0.386,52.5,0.386
7.04,2.77,0.54,0.02,6.12,19.03,0.58,6.0,0.88,105.93,0.94,0.392,9,8,0.732,0.141,0.596,1.0,0.783,55.4,0.623
5.77,1.34,15.12,0.78,4.06,5.11,0.82,4.0,1.0,82.45,0.98,0.176,10,1,0.65,0.499,0.873,1.0,0.371,60.7,0.542
7.76,4.27,3.44,0.19,7.19,14.37,0.35,8.0,0.55,125.94,0.71,0.556,9,4,0.916,0.143,0.406,0.0,0.369,42.6,0.419
6.48,2.6,10.76,0.42,5.12,8.42,0.58,6.0,0.88,89.04,0.68,0.829,12,5,0.829,0.187,0.523,1.0,0.355,56.3,0.567
2.11,2.0,2.41,0.1,1.27,4.69,0.58,6.0,0.88,119.85,0.62,0.149,11,3,0.754,0.579,0.733,1.0,0.4,71.1,0.589
7.8,3.61,12.8,0.54,6.89,8.76,0.58,6.0,0.88,49.47,0.91,0.746,1,11,0.763,0.084,0.506,1.0,0.655,45.6,0.494
4.26,0.7,9.69,0.38,2.92,5.84,1.0,2.0,0.95,106.48,0.88,0.311,2,9,0.752,0.297,0.771,1.0,0.894,58.9,0.562
2.06,1.52,1.75,0.06,1.26,5.02,1.0,2.0,0.95,22.97,0.89,0.88,2,7,0.766,0.481,0.43,0.0,0.49,69.1,0.426
5.06,2.26,9.56,0.49,3.73,6.02,0.82,4.0,1.0,130.87,0.69,0.08,14,10,0.629,0.875,0.924,0.0,0.664,47.1,0.402
1.37,4.12,17.36,0.9,0.1,1.1,0.82,4.0,1.0,68.83,0.58,0.169,18,1,0.461,0.764,0.748,1.0,0.933,67.1,0.603
3.17,3.15,3.92,0.19,2.35,5.87,0.35,8.0,0.55,67.46,0.95,0.241,9,2,0.962,0.06,0.502,1.0,0.731,57.9,0.647
3.57,2.2,15.05,0.6,2.39,3.76,1.0,2.0,0.95,138.84,0.8,0.191,17,3,0.874,0.563,0.713,1.0,0.472,59.4,0.484
0.73,0.49,16.57,0.89,-1.24,0.59,1.0,2.0,0.95,63.1,0.59,0.507,8,1,0.964,0.621,0.678,0.0,0.513,59.1,0.215
3.17,0.16,5.06,0.27,1.83,5.11,1.0,2.0,0.95,108.09,0.92,0.364,14,10,0.745,0.85,0.503,1.0,0.792,59.0,0.508
9.86,8.48,10.05,0.39,8.47,13.32,0.35,8.0,0.55,16.68,0.73,0.577,16,1,0.596,0.872,0.445,0.0,0.579,31.2,0.27
3.22,4.04,13.84,0.59,1.66,3.43,0.58,6.0,0.88,21.22,0.61,0.323,13,5,0.798,0.952,0.722,1.0,0.978,49.8,0.499
2.92,1.76,8.87,0.49,1.7,3.48,1.0,2.0,0.95,44.3,0.62,0.998,6,9,0.527,0.635,0.961,0.0,0.424,64.2,0.491
2.27,3.64,5.48,0.29,1.13,3.55,0.82,4.0,1.0,174.99,0.8,0.169,6,6,0.687,0.091,0.663,0.0,0.674,66.4,0.5
8.11,2.02,0.43,0.02,7.09,21.92,0.35,8.0,0.55,162.54,0.6,0.326,17,8,0.47,0.203,0.975,1.0,0.84,51.1,0.573
7.76,8.43,7.81,0.39,6.48,10.49,0.35,8.0,0.55,23.42,0.64,0.145,6,10,0.771,0.21,0.503,0.0,0.719,40.8,0.434
4.59,0.14,6.34,0.23,3.75,7.91,1.0,2.0,0.95,22.48,0.92,0.675,7,7,0.732,0.326,0.7,0.0,0.85,50.5,0.458
9.0,2.35,12.15,0.5,7.42,10.59,0.35,8.0,0.55,66.14,0.95,0.518,5,12,0.667,0.396,0.434,1.0,0.446,37.5,0.456
1.28,4.11,8.59,0.36,0.59,1.8,0.82,4.0,1.0,49.96,0.62,0.668,17,5,0.966,0.825,0.919,0.0,0.952,67.6,0.419
8.83,5.83,13.58,0.56,7.86,9.7,0.35,8.0,0.55,3.49,0.95,0.489,13,12,0.523,0.147,0.665,0.0,0.934,35.8,0.437
6.76,3.07,2.53,0.1,5.64,15.02,0.82,4.0,1.0,68.03,0.85,0.536,2,3,0.83,0.459,0.762,1.0,0.673,57.8,0.604
2.83,3.35,9.65,0.43,1.9,3.63,0.82,4.0,1.0,84.64,0.8,0.97,11,11,0.646,0.092,0.71,1.0,0.762,66.2,0.668
3.52,1.86,3.03,0.12,2.7,7.49,0.58,6.0,0.88,67.08,0.6,0.44,4,2,0.936,0.08,0.964,1.0,0.569,64.7,0.637
2.04,6.04,13.5,0.52,1.18,2.34,0.58,6.0,0.88,27.99,0.62,0.707,6,9,0.776,0.538,0.831,1.0,0.55,63.6,0.546
3.62,5.0,17.44,0.86,2.17,2.99,0.58,6.0,0.88,23.8,0.77,0.597,13,5,0.484,0.937,0.836,1.0,0.644,39.4,0.409
5.67,1.18,0.9,0.05,4.61,14.18,0.58,6.0,0.88,118.3,0.72,0.51,6,2,0.668,0.565,0.701,0.0,0.705,62.6,0.42
5.01,4.1,16.67,0.73,3.56,4.64,0.35,8.0,0.55,40.26,0.76,0.516,7,1,0.865,0.797,0.767,1.0,0.395,46.0,0.405
1.39,2.6,1.67,0.07,0.54,3.31,0.82,4.0,1.0,141.23,0.66,0.406,6,8,0.857,0.161,0.713,1.0,0.38,72.1,0.634
5.23,3.64,1.39,0.06,4.08,12.76,0.82,4.0,1.0,176.19,0.76,0.943,17,9,0.533,0.545,0.54,0.0,0.749,65.6,0.496
6.6,3.13,4.74,0.22,5.44,11.58,0.58,6.0,0.88,140.63,0.59,0.334,12,5,0.809,0.972,0.703,1.0,0.404,48.6,0.43
3.09,2.14,7.11,0.32,2.28,4.61,0.35,8.0,0.55,22.07,0.91,0.911,9,10,0.774,0.353,0.909,1.0,0.447,54.5,0.585
3.87,6.34,15.44,0.71,2.58,3.65,0.35,8.0,0.55,153.15,0.99,0.766,7,4,0.724,0.58,0.48,0.0,0.614,52.1,0.36
5.38,3.59,0.45,0.02,4.3,14.54,0.82,4.0,1.0,20.3,0.92,0.223,5,9,0.632,0.239,0.873,0.0,0.914,57.1,0.486
4.78,1.05,6.42,0.3,3.5,7.35,1.0,2.0,0.95,143.23,0.87,0.778,13,3,0.51,0.489,0.893,0.0,0.359,60.3,0.464
1.35,0.43,10.54,0.56,-0.18,1.48,1.0,2.0,0.95,150.16,0.9,0.888,6,11,0.869,0.606,0.816,0.0,0.581,62.1,0.373
2.35,1.65,10.98,0.41,1.36,3.09,0.82,4.0,1.0,128.19,0.8,0.978,6,11,0.481,0.356,0.86,1.0,0.829,71.8,0.614
5.06,1.4,7.77,0.38,4.39,6.93,1.0,2.0,0.95,170.63,0.92,0.247,18,6,0.691,0.626,0.601,0.0,0.898,60.8,0.424
7.89,3.29,11.56,0.43,6.95,10.12,0.58,6.0,0.88,27.44,0.87,0.188,9,2,0.895,0.696,0.898,0.0,0.765,42.1,0.379
5.39,1.4,7.54,0.37,4.69,7.49,1.0,2.0,0.95,133.82,0.83,0.499,16,7,0.791,0.288,0.518,0.0,0.442,58.0,0.411
3.78,1.12,5.57,0.21,3.19,6.75,1.0,2.0,0.95,109.63,0.59,0.713,10,10,0.855,0.561,0.431,1.0,0.52,62.1,0.509
1.89,7.95,3.8,0.17,0.86,3.63,0.35,8.0,0.55,130.23,0.6,0.403,6,12,0.748,0.181,0.742,0.0,0.679,62.0,0.481
1.41,5.31,1.42,0.05,0.8,3.52,0.35,8.0,0.55,53.89,0.59,0.256,17,2,0.646,0.067,0.776,0.0,0.374,58.0,0.493
0.9,1.77,14.49,0.56,-0.16,0.99,1.0,2.0,0.95,143.13,0.87,0.18,9,2,0.948,0.737,0.472,1.0,0.893,63.2,0.522
2.62,1.8,8.28,0.37,1.43,3.64,1.0,2.0,0.95,23.54,0.92,0.586,3,3,0.974,0.295,0.766,0.0,0.537,53.8,0.393
7.21,1.38,2.02,0.07,6.15,17.17,0.82,4.0,1.0,151.69,0.71,0.194,18,11,0.692,0.244,0.438,1.0,0.57,60.4,0.632
4.13,6.3,6.42,0.28,3.22,6.56,0.58,6.0,0.88,84.58,0.89,0.237,3,11,0.84,0.527,0.624,0.0,0.479,51.0,0.381
7.97,1.8,3.06,0.17,7.3,15.33,0.35,8.0,0.55,13.57,0.73,0.401,3,6,0.487,0.947,0.714,0.0,0.627,29.3,0.303
0.84,0.79,2.95,0.13,0.39,1.75,0.58,6.0,0.88,107.8,0.96,0.865,5,4,0.819,0.443,0.488,0.0,0.672,70.4,0.481
4.8,0.3,7.9,0.4,4.03,6.4,0.82,4.0,1.0,131.99,0.56,0.791,7,11,0.456,0.004,0.972,0.0,0.492,56.2,0.514
2.81,1.74,1.08,0.05,2.34,7.03,0.58,6.0,0.88,149.96,0.94,0.651,18,8,0.48,0.338,0.862,0.0,0.379,65.0,0.431
7.35,5.4,11.68,0.57,6.01,7.99,0.58,6.0,0.88,11.37,0.81,0.591,6,4,0.554,0.972,0.824,0.0,0.57,37.4,0.257
5.89,0.99,2.74,0.15,5.06,11.78,0.82,4.0,1.0,128.8,0.99,0.766,13,3,0.66,0.287,0.977,0.0,0.719,62.0,0.49
5.01,4.17,4.02,0.16,4.13,9.82,0.82,4.0,1.0,55.87,0.84,0.108,2,3,0.885,0.168,0.552,0.0,0.356,57.9,0.399
4.02,0.76,15.45,0.56,2.37,4.42,0.82,4.0,1.0,158.6,0.95,0.265,8,2,0.634,0.724,0.855,0.0,0.637,54.6,0.371
4.48,0.89,17.51,0.97,3.09,3.39,0.58,6.0,0.88,35.58,0.72,0.791,14,4,0.633,0.564,0.744,0.0,0.844,51.4,0.466
1.93,0.49,8.23,0.39,0.54,2.61,0.82,4.0,1.0,19.62,0.69,0.364,4,7,0.976,0.952,0.474,1.0,0.575,54.1,0.427
5.26,1.18,7.52,0.3,4.31,8.09,1.0,2.0,0.95,36.42,0.65,0.131,4,3,0.768,0.7,0.809,1.0,0.913,59.2,0.511
7.46,3.52,1.29,0.06,6.71,18.2,0.82,4.0,1.0,168.53,0.78,0.538,17,7,0.715,0.47,0.443,0.0,0.899,66.0,0.524
7.15,2.89,13.61,0.75,5.36,6.5,0.82,4.0,1.0,113.65,1.0,0.396,16,4,0.496,0.604,0.649,0.0,0.699,53.5,0.44
11.44,0.66,9.79,0.5,10.67,13.46,0.35,8.0,0.55,18.34,0.96,0.274,14,7,0.698,0.327,0.711,0.0,0.938,36.0,0.383
9.03,8.23,16.18,0.63,7.98,9.21,0.35,8.0,0.55,127.23,0.95,0.878,7,7,0.622,0.285,0.7,1.0,0.678,44.7,0.503
5.03,1.64,5.31,0.25,4.34,8.38,0.82,4.0,1.0,144.49,0.86,0.197,7,5,0.85,0.758,0.485,0.0,0.968,60.3,0.473
0.76,1.59,13.14,0.49,-0.81,0.9,1.0,2.0,0.95,174.25,0.74,0.884,4,4,0.709,0.604,0.564,1.0,0.822,57.3,0.413
7.71,1.8,5.07,0.22,7.17,13.53,0.35,8.0,0.55,32.83,0.98,0.61,12,11,0.603,0.951,0.435,0.0,0.916,34.0,0.314
0.87,0.25,14.37,0.74,-0.34,0.8,1.0,2.0,0.95,167.63,0.73,0.248,2,3,0.753,0.228,0.732,1.0,0.719,59.2,0.485
8.7,0.46,3.62,0.14,8.17,17.76,0.35,8.0,0.55,14.86,0.62,0.248,2,7,0.82,0.795,0.708,0.0,0.966,42.9,0.322
2.63,1.97,2.24,0.11,2.27,5.72,0.35,8.0,0.55,110.29,0.69,0.591,2,12,0.971,0.189,0.846,0.0,0.479,63.3,0.442
6.77,0.67,11.91,0.61,5.66,7.05,0.58,6.0,0.88,24.41,0.97,0.966,11,1,0.826,0.285,0.719,1.0,0.791,53.9,0.603
3.65,3.94,12.85,0.64,2.59,3.69,0.58,6.0,0.88,153.53,0.68,0.283,11,8,0.613,0.301,0.743,1.0,0.614,56.6,0.512
1.76,3.59,11.11,0.4,1.06,2.35,0.82,4.0,1.0,154.75,0.63,0.665,4,2,0.531,0.962,0.664,0.0,0.521,59.8,0.403
0.59,6.19,5.08,0.26,-0.31,0.97,0.58,6.0,0.88,25.42,1.0,0.667,15,5,0.762,0.613,0.944,0.0,0.655,57.2,0.331
8.01,1.03,7.53,0.39,6.81,10.82,0.35,8.0,0.55,134.29,0.77,0.995,15,6,0.811,0.671,0.868,1.0,0.659,54.2,0.563
2.96,0.24,10.06,0.45,1.71,3.7,0.82,4.0,1.0,99.29,0.8,0.123,13,8,0.588,0.492,0.968,1.0,0.877,66.7,0.587
7.19,0.42,13.4,0.5,5.92,8.46,0.35,8.0,0.55,130.88,0.71,0.37,10,1,0.581,0.926,0.72,0.0,0.906,34.9,0.311
6.02,4.15,14.43,0.61,4.35,6.27,0.82,4.0,1.0,30.97,0.97,0.341,4,12,0.603,0.366,0.558,0.0,0.893,52.4,0.449
3.26,3.86,9.28,0.33,2.11,4.79,0.58,6.0,0.88,95.91,0.59,0.381,1,10,0.93,0.639,0.578,0.0,0.794,53.0,0.406
1.88,0.06,5.9,0.28,0.53,2.98,0.82,4.0,1.0,41.21,0.74,0.768,9,10,0.57,0.306,0.842,1.0,0.714,70.5,0.624
8.64,8.2,17.7,0.79,7.13,7.58,0.35,8.0,0.55,38.16,0.89,0.688,9,10,0.502,0.581,0.47,1.0,0.626,42.1,0.491
6.73,4.38,5.44,0.3,5.54,10.35,0.82,4.0,1.0,129.65,0.7,0.989,3,9,0.673,0.714,0.855,1.0,0.857,64.5,0.62
3.31,0.49,14.97,0.67,2.0,3.25,1.0,2.0,0.95,76.39,0.76,0.215,1,3,0.57,0.856,0.465,0.0,0.731,42.7,0.288
4.45,1.91,5.69,0.3,3.25,6.85,1.0,2.0,0.95,26.11,0.96,0.855,10,1,0.973,0.027,0.418,1.0,0.431,58.1,0.568
1.73,2.04,0.96,0.04,0.94,4.44,0.58,6.0,0.88,170.14,0.85,0.069,18,1,0.748,0.81,0.939,0.0,0.601,68.7,0.417
3.94,3.84,5.95,0.28,3.08,6.25,0.58,6.0,0.88,148.96,0.62,0.051,18,2,0.944,0.447,0.615,1.0,0.793,63.5,0.623
5.24,0.06,0.76,0.03,4.72,13.79,1.0,2.0,0.95,83.39,0.88,0.334,2,6,0.496,0.373,0.564,0.0,0.912,60.3,0.532
4.93,1.7,1.03,0.04,4.08,12.64,1.0,2.0,0.95,171.47,0.62,0.816,17,2,0.791,0.276,0.649,1.0,0.373,73.2,0.594
11.34,7.67,4.13,0.18,10.83,21.4,0.35,8.0,0.55,68.71,0.8,0.302,5,9,0.657,0.475,0.468,0.0,0.459,42.2,0.401
6.6,4.88,12.59,0.54,5.15,7.42,0.35,8.0,0.55,99.4,0.98,0.836,15,1,0.714,0.583,0.685,0.0,0.566,52.5,0.414
5.52,5.66,9.71,0.48,4.26,6.65,0.35,8.0,0.55,90.54,0.87,0.611,18,5,0.872,0.188,0.463,1.0,0.748,51.2,0.578
9.38,5.92,11.74,0.57,8.21,10.2,0.35,8.0,0.55,108.22,0.7,0.068,4,2,0.724,0.227,0.646,0.0,0.494,41.8,0.372
1.97,5.1,11.09,0.5,0.57,2.32,0.58,6.0,0.88,72.85,0.89,0.769,18,8,0.619,0.566,0.629,1.0,0.688,65.9,0.627
1.21,0.13,8.64,0.34,0.05,1.75,1.0,2.0,0.95,106.22,0.62,0.416,5,12,0.934,0.669,0.813,0.0,0.648,66.2,0.451
8.23,7.62,11.26,0.61,6.54,8.57,0.35,8.0,0.55,39.78,0.97,0.128,12,8,0.568,0.001,0.675,1.0,0.848,40.2,0.502
2.49,0.89,11.82,0.63,1.35,2.54,0.82,4.0,1.0,4.96,0.73,0.349,7,5,0.823,0.862,0.745,1.0,0.607,53.4,0.536
0.88,1.16,17.42,0.7,-0.58,0.84,1.0,2.0,0.95,167.93,0.98,0.914,9,7,0.73,0.894,0.702,0.0,0.792,55.2,0.293
7.01,0.72,16.6,0.79,5.56,6.15,0.82,4.0,1.0,115.21,0.95,0.185,14,3,0.949,0.624,0.773,1.0,0.726,54.7,0.501
5.26,0.64,16.08,0.88,3.69,4.28,1.0,2.0,0.95,169.93,0.94,0.765,2,1,0.853,0.005,0.675,1.0,0.644,67.5,0.586
5.26,0.37,14.88,0.53,4.42,5.98,1.0,2.0,0.95,21.2,0.75,0.912,5,9,0.549,0.691,0.827,1.0,0.816,49.1,0.542
3.71,1.63,10.48,0.43,2.22,4.76,1.0,2.0,0.95,122.51,0.55,0.758,16,12,0.899,0.766,0.955,0.0,0.459,56.5,0.439
4.13,4.35,1.81,0.07,3.33,9.83,0.58,6.0,0.88,87.54,0.71,0.208,9,8,0.806,0.441,0.714,1.0,0.742,63.8,0.618
2.84,0.89,6.71,0.25,1.75,4.73,0.58,6.0,0.88,23.54,0.61,0.573,14,11,0.867,0.7,0.586,0.0,0.652,52.4,0.374
2.24,2.08,5.46,0.29,1.52,3.5,1.0,2.0,0.95,51.39,0.6,0.152,8,7,0.874,0.81,0.49,1.0,0.867,58.3,0.582
0.99,0.45,11.67,0.5,-0.15,1.16,1.0,2.0,0.95,108.45,0.6,0.455,6,11,0.889,0.009,0.799,0.0,0.958,61.3,0.54
6.94,6.96,6.14,0.26,6.35,11.38,0.35,8.0,0.55,12.12,0.73,0.804,3,7,0.768,0.43,0.92,0.0,0.439,40.2,0.348
6.37,0.08,3.48,0.17,5.29,12.25,0.82,4.0,1.0,10.41,0.93,0.094,15,7,0.602,0.012,0.899,0.0,0.587,47.3,0.402
1.37,1.69,4.69,0.23,0.51,2.36,0.35,8.0,0.55,56.87,0.81,0.941,14,9,0.723,0.57,0.942,0.0,0.653,61.1,0.506
0.83,1.27,17.67,0.79,-1.04,0.73,0.35,8.0,0.55,112.72,0.81,0.605,14,9,0.867,0.131,0.434,1.0,0.37,45.1,0.334
3.13,2.32,17.94,0.65,2.07,3.13,0.82,4.0,1.0,39.56,0.59,0.994,17,7,0.523,0.969,0.796,1.0,0.796,56.4,0.549
4.33,1.16,16.45,0.7,2.64,4.12,0.82,4.0,1.0,106.19,0.86,0.562,6,4,0.858,0.789,0.446,1.0,0.902,60.6,0.581
2.07,1.94,6.3,0.29,1.37,3.23,0.82,4.0,1.0,64.82,0.75,0.871,13,12,0.606,0.39,0.579,1.0,0.659,75.8,0.609
1.91,2.2,11.86,0.43,0.71,2.45,1.0,2.0,0.95,18.19,0.93,0.446,16,3,0.591,0.004,0.542,1.0,0.638,56.1,0.546
1.52,2.09,13.91,0.64,0.39,1.54,1.0,2.0,0.95,40.47,0.84,0.458,10,9,0.841,0.383,0.444,0.0,0.564,63.5,0.499
5.36,4.25,3.76,0.14,4.92,10.94,0.82,4.0,1.0,4.03,0.94,0.417,2,11,0.705,0.604,0.893,0.0,0.831,44.4,0.364
3.24,1.64,0.97,0.04,2.53,8.31,0.82,4.0,1.0,7.15,0.88,0.865,8,7,0.582,0.992,0.748,1.0,0.792,57.1,0.497
5.68,5.01,12.41,0.52,4.21,6.53,0.58,6.0,0.88,106.45,0.61,0.105,14,2,0.977,0.106,0.445,0.0,0.66,46.7,0.406
1.55,4.81,7.01,0.25,1.04,2.58,0.35,8.0,0.55,102.14,0.57,0.691,14,11,0.495,0.096,0.466,0.0,0.895,64.8,0.536
4.17,2.53,9.33,0.44,2.85,5.28,0.58,6.0,0.88,16.16,0.88,0.856,10,7,0.828,0.078,0.479,0.0,0.48,54.5,0.4
5.4,1.99,6.25,0.27,4.76,8.71,1.0,2.0,0.95,101.93,0.94,0.054,9,7,0.568,0.912,0.447,1.0,0.945,47.8,0.489
10.73,0.81,7.86,0.3,9.71,16.51,0.35,8.0,0.55,107.12,0.59,0.742,2,12,0.741,0.598,0.957,0.0,0.39,43.0,0.309
3.21,0.43,8.27,0.33,2.26,4.72,1.0,2.0,0.95,174.11,0.85,0.413,14,8,0.787,0.403,0.622,1.0,0.463,64.5,0.618
1.51,2.89,5.72,0.21,0.79,2.7,0.82,4.0,1.0,77.05,0.69,0.758,13,8,0.468,0.698,0.849,1.0,0.91,71.2,0.658
2.44,1.76,9.42,0.34,1.6,3.54,1.0,2.0,0.95,13.21,0.68,0.158,17,7,0.46,0.181,0.889,0.0,0.755,55.7,0.481
0.46,0.32,3.73,0.15,-0.16,0.92,0.58,6.0,0.88,147.14,0.81,0.987,2,1,0.767,0.065,0.584,1.0,0.448,62.4,0.572
2.16,6.51,16.64,0.83,0.28,1.83,0.58,6.0,0.88,2.76,0.67,0.974,15,5,0.9,0.794,0.509,0.0,0.428,53.2,0.429
5.56,5.52,2.65,0.11,4.43,12.09,0.58,6.0,0.88,35.85,0.85,0.602,6,9,0.879,0.302,0.629,1.0,0.536,58.0,0.566
1.31,0.52,5.6,0.23,-0.01,2.26,0.82,4.0,1.0,88.02,0.63,0.666,1,2,0.821,0.616,0.829,0.0,0.898,62.4,0.469
5.08,3.74,9.28,0.33,4.13,7.47,0.58,6.0,0.88,65.58,0.62,0.54,12,4,0.467,0.283,0.72,1.0,0.865,53.1,0.503
5.08,0.07,11.23,0.56,3.97,5.58,1.0,2.0,0.95,117.03,0.76,0.524,6,7,0.717,0.849,0.623,0.0,0.834,53.0,0.405
1.35,0.88,4.15,0.2,0.88,2.45,0.58,6.0,0.88,32.19,0.8,0.461,1,12,0.745,0.498,0.583,1.0,0.685,67.6,0.642
7.53,1.96,14.63,0.53,6.6,8.56,0.58,6.0,0.88,120.96,0.97,0.383,10,7,0.533,0.048,0.647,1.0,0.565,48.5,0.518
3.96,1.4,10.17,0.55,3.12,4.4,0.35,8.0,0.55,16.21,0.77,0.431,13,7,0.906,0.629,0.811,0.0,0.552,48.5,0.343
3.61,0.99,13.29,0.56,2.51,3.97,1.0,2.0,0.95,82.08,0.83,0.495,13,7,0.898,0.049,0.42,0.0,0.457,55.7,0.492
1.58,0.35,7.55,0.35,0.92,2.26,1.0,2.0,0.95,25.97,0.7,0.583,16,10,0.757,0.878,0.931,0.0,0.516,59.8,0.364
0.97,1.37,17.68,0.8,-0.26,0.84,1.0,2.0,0.95,147.36,0.83,0.881,15,12,0.756,0.257,0.664,1.0,0.531,61.7,0.553
4.84,0.13,1.85,0.07,4.11,11.52,1.0,2.0,0.95,44.01,0.81,0.678,6,2,0.772,0.101,0.649,1.0,0.799,70.1,0.599
3.05,0.9,10.37,0.39,2.03,4.12,1.0,2.0,0.95,46.05,0.8,0.753,5,9,0.554,0.14,0.669,0.0,0.799,60.4,0.538
3.72,2.29,16.18,0.68,2.25,3.61,0.82,4.0,1.0,7.43,0.56,0.378,6,10,0.9,0.442,0.757,0.0,0.931,51.4,0.47
1.39,0.71,8.66,0.31,0.74,2.11,0.35,8.0,0.55,122.78,0.94,0.166,1,12,0.685,0.847,0.602,0.0,0.881,47.9,0.365
1.09,1.62,1.14,0.05,0.23,2.73,1.0,2.0,0.95,40.93,0.78,0.559,10,10,0.809,0.446,0.79,1.0,0.419,79.7,0.614
7.95,6.04,0.39,0.02,7.43,21.49,0.35,8.0,0.55,74.49,0.7,0.744,13,8,0.538,0.777,0.514,1.0,0.892,47.8,0.485
4.86,1.07,1.0,0.04,4.44,12.46,1.0,2.0,0.95,38.69,0.79,0.295,4,9,0.776,0.295,0.557,0.0,0.638,59.1,0.471
6.1,4.73,17.35,0.78,4.86,5.4,0.35,8.0,0.55,30.69,0.73,0.569,3,11,0.668,0.351,0.603,0.0,0.404,38.2,0.371
0.92,3.68,2.3,0.09,0.12,2.09,0.82,4.0,1.0,65.75,0.97,0.315,7,7,0.789,0.74,0.481,0.0,0.798,75.0,0.529
4.67,3.96,5.16,0.27,4.01,7.53,0.82,4.0,1.0,99.16,0.86,0.586,3,4,0.853,0.502,0.919,0.0,0.821,63.6,0.521
4.39,1.88,12.64,0.53,3.18,4.99,1.0,2.0,0.95,27.52,0.67,0.551,7,5,0.574,0.948,0.89,1.0,0.646,41.8,0.412
1.64,2.11,9.44,0.39,0.19,2.22,0.35,8.0,0.55,127.89,0.82,0.966,16,10,0.657,0.532,0.697,1.0,0.843,64.3,0.547
1.74,6.12,17.31,0.67,0.45,1.71,0.35,8.0,0.55,85.08,0.7,0.243,12,7,0.578,0.467,0.409,1.0,0.47,53.8,0.542
4.38,1.42,11.97,0.51,3.5,5.09,1.0,2.0,0.95,90.56,0.81,0.851,12,4,0.474,0.745,0.913,1.0,0.633,56.9,0.555
1.53,5.85,5.26,0.2,0.37,2.78,0.35,8.0,0.55,141.69,0.92,0.835,9,9,0.572,0.567,0.808,1.0,0.533,59.7,0.503
1.7,4.01,7.33,0.31,0.36,2.58,0.82,4.0,1.0,130.1,0.77,0.536,8,8,0.863,0.898,0.476,1.0,0.979,67.3,0.612
0.6,0.53,4.35,0.17,-0.01,1.15,1.0,2.0,0.95,16.4,0.82,0.477,15,11,0.584,0.255,0.5,1.0,0.77,57.1,0.557
5.03,1.37,9.15,0.46,3.95,6.21,0.82,4.0,1.0,40.98,0.78,0.751,3,4,0.47,0.989,0.644,0.0,0.439,41.4,0.301
6.53,2.24,17.47,0.86,4.94,5.4,0.35,8.0,0.55,137.49,0.74,0.722,9,11,0.639,0.311,0.886,0.0,0.63,46.1,0.39
2.49,0.25,10.14,0.38,1.15,3.41,1.0,2.0,0.95,19.22,0.78,0.771,6,12,0.778,0.505,0.771,0.0,0.546,64.2,0.474
4.65,0.76,6.17,0.23,3.88,8.02,0.58,6.0,0.88,44.19,0.93,0.931,11,3,0.648,0.51,0.797,1.0,0.758,59.0,0.602
5.05,0.31,15.02,0.65,3.94,5.05,0.82,4.0,1.0,141.8,0.91,0.908,2,10,0.734,0.235,0.532,0.0,0.768,55.6,0.527
9.01,6.2,0.07,0.0,8.2,25.74,0.35,8.0,0.55,47.24,0.82,0.445,11,10,0.929,0.373,0.807,1.0,0.912,48.8,0.589
2.2,4.51,6.36,0.23,1.23,3.79,0.35,8.0,0.55,160.19,0.79,0.741,9,12,0.866,0.694,0.689,1.0,0.518,61.9,0.487
3.49,0.09,10.06,0.39,2.84,4.72,0.35,8.0,0.55,119.07,0.81,0.886,6,12,0.808,0.966,0.416,1.0,0.761,44.1,0.428
5.42,0.06,1.71,0.06,4.6,13.22,1.0,2.0,0.95,114.36,0.63,0.552,6,2,0.544,0.355,0.725,1.0,0.464,66.0,0.629
5.94,4.14,1.33,0.07,4.79,14.14,0.82,4.0,1.0,100.4,0.66,0.543,5,9,0.839,0.319,0.808,1.0,0.704,63.4,0.604
5.57,0.74,4.15,0.16,4.67,10.92,0.82,4.0,1.0,165.15,0.86,0.427,2,1,0.453,0.28,0.628,0.0,0.576,57.2,0.432
3.67,0.17,7.54,0.38,2.25,5.03,1.0,2.0,0.95,144.54,0.94,0.754,11,8,0.475,0.112,0.459,1.0,0.38,59.1,0.568
2.43,1.55,16.81,0.89,1.18,1.96,1.0,2.0,0.95,179.25,0.56,0.673,16,5,0.451,0.114,0.942,1.0,0.753,70.2,0.697
1.58,3.97,13.29,0.63,0.28,1.61,0.58,6.0,0.88,89.75,0.81,0.82,5,5,0.691,0.769,0.488,0.0,0.811,58.4,0.388
4.72,0.92,12.25,0.51,3.85,5.49,1.0,2.0,0.95,87.06,0.74,0.406,8,11,0.654,0.396,0.485,0.0,0.423,49.4,0.437
3.94,3.7,4.78,0.18,3.47,7.43,0.82,4.0,1.0,31.23,0.98,0.537,11,12,0.722,0.264,0.572,1.0,0.427,56.9,0.519
2.6,1.75,12.84,0.55,1.17,2.89,0.58,6.0,0.88,148.63,0.66,0.838,3,2,0.637,0.655,0.499,0.0,0.449,58.3,0.437
1.86,2.47,14.87,0.74,0.63,1.71,0.58,6.0,0.88,144.72,0.87,0.253,3,2,0.49,0.761,0.679,0.0,0.899,54.5,0.465
6.76,1.71,14.64,0.52,5.38,7.77,0.82,4.0,1.0,107.18,0.56,0.697,4,12,0.902,0.638,0.666,1.0,0.446,53.7,0.494
4.25,0.77,3.91,0.15,3.81,8.5,0.58,6.0,0.88,79.54,0.99,0.938,8,1,0.531,0.104,0.474,0.0,0.874,62.6,0.482
5.39,2.09,6.7,0.24,4.46,9.14,0.35,8.0,0.55,53.2,0.66,0.196,13,5,0.816,0.412,0.472,1.0,0.616,42.1,0.488
5.9,3.87,9.44,0.46,5.14,7.28,0.82,4.0,1.0,86.06,0.94,0.46,10,10,0.79,0.866,0.538,1.0,0.793,48.1,0.479
7.52,3.05,11.78,0.55,5.93,8.36,0.35,8.0,0.55,58.88,0.77,0.57,13,7,0.718,0.378,0.839,1.0,0.76,45.8,0.492
2.84,0.89,15.9,0.79,1.47,2.49,1.0,2.0,0.95,33.05,0.64,0.575,3,1,0.801,0.072,0.671,1.0,0.688,58.0,0.612
4.15,2.79,3.92,0.18,3.57,7.83,0.58,6.0,0.88,36.3,0.8,0.196,11,6,0.705,0.552,0.68,1.0,0.912,53.5,0.558
1.42,1.88,7.38,0.35,0.04,2.03,0.58,6.0,0.88,118.08,0.99,0.493,13,11,0.939,0.62,0.424,1.0,0.466,62.3,0.553
1.76,8.67,5.47,0.21,0.94,3.14,0.35,8.0,0.55,129.03,0.77,0.598,9,9,0.872,0.62,0.853,0.0,0.706,61.2,0.422
6.09,3.27,2.02,0.1,5.09,13.53,0.82,4.0,1.0,13.78,0.6,0.837,10,9,0.928,0.032,0.646,1.0,0.715,57.8,0.565
0.56,4.67,13.23,0.5,-0.64,0.66,0.58,6.0,0.88,33.71,0.76,0.611,5,11,0.525,0.613,0.688,0.0,0.837,50.2,0.359
2.65,1.28,12.24,0.49,1.22,3.15,1.0,2.0,0.95,148.73,0.88,0.765,18,10,0.909,0.789,0.969,1.0,0.847,67.7,0.54
5.89,4.13,0.59,0.03,4.92,15.5,0.35,8.0,0.55,164.89,0.97,0.923,3,9,0.49,0.676,0.974,1.0,0.44,57.9,0.505
7.95,6.24,0.14,0.01,6.97,22.08,0.35,8.0,0.55,49.62,0.82,0.507,15,5,0.604,0.077,0.462,1.0,0.709,48.9,0.532
3.41,5.57,2.45,0.12,2.98,7.26,0.58,6.0,0.88,103.49,0.67,0.975,1,2,0.889,0.647,0.549,1.0,0.804,61.9,0.507
5.18,1.34,8.49,0.43,3.71,6.64,1.0,2.0,0.95,11.82,1.0,0.177,9,6,0.923,0.682,0.652,1.0,0.458,44.1,0.404
5.11,6.13,4.6,0.18,4.37,9.64,0.58,6.0,0.88,90.07,0.65,0.578,13,2,0.812,0.991,0.639,1.0,0.523,48.1,0.49
1.2,4.93,8.5,0.41,0.43,1.58,0.58,6.0,0.88,43.42,0.78,0.242,5,6,0.667,0.553,0.65,0.0,0.654,58.4,0.44
4.12,1.24,17.21,0.7,2.63,3.92,0.82,4.0,1.0,58.03,0.83,0.239,8,12,0.646,0.637,0.953,0.0,0.57,57.8,0.482
5.74,4.48,11.4,0.43,4.64,7.36,0.58,6.0,0.88,113.91,0.83,0.509,18,8,0.519,0.551,0.636,1.0,0.77,52.5,0.485
9.93,5.1,16.71,0.83,8.54,8.42,0.35,8.0,0.55,172.81,0.91,0.229,3,5,0.558,0.823,0.956,1.0,0.487,33.4,0.388
2.43,2.71,12.31,0.51,0.85,2.83,0.82,4.0,1.0,113.62,0.6,0.211,6,10,0.621,0.287,0.663,0.0,0.512,63.1,0.515
7.5,3.81,10.57,0.53,6.13,8.52,0.82,4.0,1.0,111.76,0.82,0.732,18,10,0.886,0.989,0.493,0.0,0.636,50.3,0.373
5.94,3.38,14.7,0.64,4.33,6.0,0.58,6.0,0.88,24.26,0.59,0.183,13,2,0.726,0.187,0.908,0.0,0.388,40.4,0.386
1.57,1.25,17.31,0.72,0.59,1.47,0.35,8.0,0.55,141.38,0.67,0.761,12,1,0.96,0.366,0.977,1.0,0.604,61.1,0.523
2.15,0.52,1.46,0.07,1.66,5.12,0.82,4.0,1.0,160.02,0.83,0.705,10,6,0.473,0.499,0.651,1.0,0.978,83.2,0.636
2.69,1.04,16.54,0.7,1.24,2.56,1.0,2.0,0.95,112.87,0.6,0.63,18,4,0.816,0.609,0.663,0.0,0.707,59.1,0.408
5.71,0.89,0.82,0.04,5.12,14.64,0.35,8.0,0.55,177.12,0.75,0.754,5,5,0.551,0.228,0.656,0.0,0.718,56.7,0.496
1.72,5.82,7.52,0.36,0.43,2.42,0.35,8.0,0.55,105.29,0.83,0.962,2,7,0.506,0.204,0.854,1.0,0.731,59.8,0.597
2.91,6.17,0.05,0.0,2.15,8.31,0.58,6.0,0.88,119.32,0.62,0.28,12,10,0.628,0.119,0.663,1.0,0.798,68.5,0.625
1.21,1.51,10.85,0.44,0.02,1.53,1.0,2.0,0.95,173.16,0.69,0.411,6,9,0.779,0.521,0.968,0.0,0.783,66.5,0.432
3.68,0.14,15.68,0.61,2.38,3.83,1.0,2.0,0.95,143.33,0.98,0.471,6,7,0.963,0.314,0.741,1.0,0.753,63.1,0.629
5.48,5.86,12.5,0.65,4.48,5.48,0.58,6.0,0.88,101.05,0.73,0.481,5,8,0.509,0.941,0.589,0.0,0.769,43.5,0.368
4.23,6.09,13.57,0.58,2.93,4.55,0.58,6.0,0.88,4.64,0.84,0.612,14,4,0.576,0.591,0.504,0.0,0.736,41.8,0.371
2.26,0.96,0.39,0.01,1.92,6.28,0.82,4.0,1.0,129.12,0.57,0.701,7,12,0.73,0.393,0.426,0.0,0.594,78.6,0.527
6.33,5.29,6.11,0.26,5.6,10.38,0.58,6.0,0.88,145.99,0.64,0.778,3,5,0.777,0.014,0.635,1.0,0.502,56.9,0.531
5.32,5.71,0.09,0.0,4.27,15.2,0.58,6.0,0.88,38.88,0.76,0.518,9,6,0.963,0.945,0.868,1.0,0.455,48.3,0.41
11.11,8.1,11.7,0.6,10.25,11.69,0.35,8.0,0.55,123.95,0.71,0.586,6,8,0.699,0.799,0.913,0.0,0.496,39.8,0.339
11.02,1.38,14.73,0.65,9.32,11.02,0.35,8.0,0.55,102.7,0.59,0.913,2,3,0.804,0.437,0.694,0.0,0.532,39.2,0.382
7.19,1.45,13.94,0.52,5.87,8.26,0.82,4.0,1.0,78.38,0.99,0.981,11,5,0.475,0.805,0.741,0.0,0.835,51.8,0.453
2.07,1.4,2.17,0.08,1.54,4.81,1.0,2.0,0.95,31.53,0.75,0.992,6,4,0.619,0.424,0.639,1.0,0.64,72.4,0.643
6.24,2.52,14.42,0.66,5.05,6.18,0.35,8.0,0.55,11.3,0.59,0.239,1,6,0.709,0.803,0.518,1.0,0.417,29.7,0.376
0.72,4.95,15.75,0.82,-0.76,0.62,0.58,6.0,0.88,156.15,0.77,0.159,3,1,0.502,0.253,0.626,0.0,0.871,53.9,0.35
3.83,1.37,8.01,0.3,2.98,5.89,1.0,2.0,0.95,148.08,0.7,0.767,12,3,0.773,0.64,0.88,1.0,0.622,63.1,0.61
1.19,0.43,3.42,0.19,0.5,2.2,1.0,2.0,0.95,98.26,0.7,0.136,3,2,0.663,0.969,0.829,1.0,0.757,61.3,0.563
3.59,2.47,3.17,0.11,3.11,7.8,0.35,8.0,0.55,151.66,0.58,0.705,6,6,0.543,0.304,0.915,1.0,0.975,63.7,0.614
3.4,0.62,15.78,0.84,1.76,2.86,0.82,4.0,1.0,161.56,0.86,0.439,3,10,0.958,0.929,0.444,1.0,0.665,51.2,0.447
1.06,5.75,5.16,0.19,-0.02,1.96,0.35,8.0,0.55,35.54,0.81,0.113,1,8,0.822,0.19,0.582,0.0,0.51,43.2,0.448
5.25,2.88,15.57,0.62,4.03,5.41,0.82,4.0,1.0,108.89,0.59,0.853,4,4,0.549,0.938,0.593,1.0,0.485,50.5,0.424
5.06,1.77,3.22,0.13,4.34,10.54,0.58,6.0,0.88,53.04,0.97,0.674,14,10,0.559,0.004,0.749,1.0,0.806,56.4,0.539
3.54,0.34,8.2,0.36,2.48,4.99,1.0,2.0,0.95,23.21,0.7,0.486,8,4,0.953,0.993,0.419,1.0,0.559,45.3,0.458
2.12,1.84,17.13,0.82,0.78,1.81,1.0,2.0,0.95,66.53,0.7,0.182,14,8,0.493,0.242,0.56,1.0,0.561,61.6,0.63
0.41,5.94,10.4,0.53,-0.44,0.47,0.58,6.0,0.88,9.96,0.78,0.236,2,9,0.69,0.575,0.923,0.0,0.516,41.5,0.311
4.41,4.06,9.86,0.46,3.33,5.44,0.35,8.0,0.55,134.22,0.99,0.964,18,1,0.836,0.991,0.787,1.0,0.809,52.3,0.535
8.38,1.48,15.87,0.58,6.8,9.01,0.58,6.0,0.88,128.82,0.82,0.414,14,1,0.871,0.0,0.814,1.0,0.95,57.8,0.566
10.41,5.23,5.35,0.26,9.21,17.07,0.35,8.0,0.55,25.38,0.95,0.761,3,6,0.571,0.24,0.745,0.0,0.416,41.2,0.36
1.69,2.94,3.61,0.14,0.71,3.45,0.82,4.0,1.0,59.86,0.78,0.509,14,8,0.91,0.715,0.897,1.0,0.752,72.2,0.559
6.11,3.12,4.04,0.16,5.45,11.98,0.82,4.0,1.0,72.58,0.76,0.912,4,8,0.783,0.739,0.53,0.0,0.429,55.9,0.389
1.87,1.16,3.75,0.18,0.72,3.53,1.0,2.0,0.95,90.06,0.75,0.54,5,7,0.617,0.462,0.701,1.0,0.493,70.4,0.534
10.31,0.91,16.28,0.87,8.97,8.45,0.35,8.0,0.55,45.98,0.88,0.581,18,4,0.833,0.776,0.661,1.0,0.388,40.5,0.384
4.01,1.34,14.06,0.53,3.12,4.56,0.58,6.0,0.88,93.66,0.55,0.285,16,4,0.785,0.829,0.646,0.0,0.624,44.5,0.36
6.5,6.54,0.31,0.01,5.62,18.06,0.35,8.0,0.55,61.25,0.79,0.554,5,3,0.936,0.621,0.898,0.0,0.447,56.0,0.375
10.85,2.22,3.97,0.14,9.97,22.14,0.35,8.0,0.55,15.88,0.58,0.12,1,3,0.951,0.63,0.603,0.0,0.552,34.6,0.265
4.7,0.66,11.26,0.5,3.15,5.53,1.0,2.0,0.95,65.1,0.92,0.362,8,12,0.661,0.659,0.595,1.0,0.553,57.2,0.549
3.17,1.95,15.99,0.75,1.47,2.88,1.0,2.0,0.95,94.9,0.66,0.565,3,9,0.568,0.593,0.98,0.0,0.598,52.6,0.409
4.9,2.15,17.54,0.74,3.65,4.5,1.0,2.0,0.95,164.91,0.7,0.899,16,7,0.496,0.741,0.918,0.0,0.459,60.1,0.372
3.32,2.45,13.34,0.5,2.46,3.91,0.35,8.0,0.55,49.66,0.97,0.735,9,9,0.509,0.84,0.963,1.0,0.693,42.5,0.465
0.94,1.64,3.05,0.15,-0.0,1.88,0.82,4.0,1.0,51.69,0.65,0.911,5,6,0.863,0.449,0.514,1.0,0.497,73.8,0.623
1.11,5.19,0.73,0.04,0.62,2.85,0.35,8.0,0.55,56.57,0.87,0.571,16,8,0.536,0.18,0.773,1.0,0.612,64.3,0.65
5.94,8.23,9.23,0.35,4.87,8.49,0.35,8.0,0.55,161.25,0.7,0.953,12,4,0.829,0.862,0.657,1.0,0.837,40.8,0.391
7.2,3.15,10.78,0.49,5.91,8.57,0.82,4.0,1.0,110.06,0.62,0.056,2,8,0.835,0.842,0.44,0.0,0.565,38.5,0.339
1.41,2.05,12.58,0.58,0.46,1.52,0.82,4.0,1.0,61.63,0.82,0.45,10,4,0.589,0.731,0.636,0.0,0.736,66.8,0.434
4.87,0.46,1.65,0.06,3.83,11.88,0.82,4.0,1.0,145.36,0.59,0.068,18,1,0.88,0.234,0.937,0.0,0.578,63.1,0.477
4.88,4.37,4.9,0.23,4.37,8.41,0.58,6.0,0.88,154.31,0.99,0.584,6,2,0.689,0.782,0.502,1.0,0.528,55.3,0.449
3.74,2.9,4.46,0.24,2.85,6.34,0.82,4.0,1.0,31.6,0.65,0.762,15,6,0.513,0.948,0.805,0.0,0.871,56.4,0.457
0.44,7.83,9.52,0.4,-0.73,0.59,0.35,8.0,0.55,95.79,0.77,0.998,5,7,0.506,0.85,0.651,1.0,0.817,39.8,0.311
8.19,7.72,4.77,0.18,6.98,15.45,0.35,8.0,0.55,23.08,0.78,0.76,16,7,0.539,0.443,0.55,1.0,0.744,47.6,0.461
2.84,0.22,14.41,0.73,1.07,2.63,1.0,2.0,0.95,78.5,0.91,0.664,1,10,0.878,0.111,0.852,1.0,0.657,65.0,0.589
1.69,0.41,1.8,0.09,1.17,3.84,0.82,4.0,1.0,88.68,0.92,0.865,10,7,0.899,0.83,0.62,1.0,0.442,76.8,0.582
4.72,2.54,17.26,0.93,3.51,3.69,0.35,8.0,0.55,36.98,0.99,0.983,10,5,0.832,0.163,0.415,0.0,0.721,44.9,0.481
2.39,0.67,15.48,0.77,0.78,2.13,1.0,2.0,0.95,112.06,0.7,0.546,17,3,0.607,0.431,0.598,0.0,0.786,66.7,0.528
2.74,3.42,14.57,0.71,1.62,2.58,0.82,4.0,1.0,50.48,1.0,0.089,3,11,0.705,0.786,0.434,1.0,0.911,54.8,0.581
5.21,3.62,13.03,0.47,4.07,6.35,0.82,4.0,1.0,82.32,0.59,0.972,6,11,0.962,0.943,0.894,0.0,0.704,50.2,0.352
6.55,1.63,8.49,0.41,5.8,8.62,0.82,4.0,1.0,67.81,0.99,0.799,6,6,0.551,0.298,0.405,0.0,0.41,54.0,0.383
1.56,4.35,7.9,0.39,0.76,2.11,0.35,8.0,0.55,64.61,0.83,0.129,12,4,0.828,0.534,0.717,1.0,0.782,61.6,0.53
0.96,1.8,14.25,0.59,-0.07,1.02,1.0,2.0,0.95,125.51,0.87,0.105,16,8,0.483,0.797,0.748,1.0,0.354,50.7,0.397
3.56,2.02,13.45,0.55,2.55,3.96,1.0,2.0,0.95,67.01,0.66,0.58,2,12,0.555,0.436,0.826,1.0,0.792,54.3,0.548
0.84,4.35,4.89,0.21,0.04,1.5,0.82,4.0,1.0,46.44,0.96,0.08,1,8,0.74,0.923,0.577,0.0,0.603,61.4,0.462
4.14,1.88,16.53,0.89,2.19,3.34,1.0,2.0,0.95,66.32,0.92,0.92,13,9,0.944,0.149,0.565,1.0,0.944,67.3,0.672
6.27,3.21,17.36,0.93,4.67,4.9,0.82,4.0,1.0,166.34,0.93,0.266,15,7,0.694,0.523,0.964,1.0,0.747,55.6,0.503
3.97,0.72,8.8,0.4,3.3,5.29,1.0,2.0,0.95,6.13,0.75,0.263,16,7,0.54,0.284,0.578,0.0,0.739,49.0,0.459
2.6,2.2,9.64,0.45,1.53,3.25,0.82,4.0,1.0,128.89,0.9,0.276,1,3,0.857,0.432,0.819,0.0,0.875,66.3,0.539
6.25,2.28,10.75,0.42,5.26,8.12,0.35,8.0,0.55,16.23,0.81,0.283,13,5,0.968,0.546,0.861,1.0,0.795,47.6,0.467
4.7,1.27,6.76,0.24,3.79,7.97,1.0,2.0,0.95,76.18,0.85,0.663,5,5,0.763,0.957,0.919,1.0,0.707,49.0,0.445
8.9,0.82,7.66,0.28,8.3,14.13,0.35,8.0,0.55,49.54,0.81,0.923,2,2,0.827,0.024,0.507,1.0,0.785,47.4,0.521
1.5,0.32,7.67,0.29,0.14,2.34,0.82,4.0,1.0,80.12,0.96,0.342,16,11,0.899,0.961,0.843,0.0,0.672,62.8,0.457
5.69,0.58,16.71,0.66,4.06,5.63,0.82,4.0,1.0,179.41,0.63,0.537,8,12,0.735,0.195,0.886,0.0,0.922,62.7,0.572
3.8,2.11,0.87,0.03,3.13,10.0,1.0,2.0,0.95,100.39,0.67,0.832,9,2,0.534,0.377,0.474,1.0,0.707,65.3,0.621
1.38,3.42,13.88,0.64,0.1,1.39,0.82,4.0,1.0,12.8,0.74,0.931,13,12,0.506,0.1,0.555,1.0,0.881,59.4,0.558
7.86,0.95,16.1,0.75,6.51,7.15,0.35,8.0,0.55,72.64,0.63,0.075,15,8,0.859,0.619,0.824,1.0,0.512,41.7,0.429
6.11,1.25,5.9,0.22,5.51,10.72,0.35,8.0,0.55,121.39,0.77,0.924,18,6,0.795,0.078,0.709,1.0,0.98,51.3,0.529
5.34,2.39,5.28,0.22,4.43,9.37,0.58,6.0,0.88,8.42,0.72,0.466,14,2,0.489,0.417,0.91,1.0,0.689,48.0,0.471
2.92,0.87,9.63,0.35,2.22,4.17,0.82,4.0,1.0,121.24,0.61,0.473,8,2,0.583,0.227,0.76,0.0,0.809,60.5,0.482
3.2,0.97,2.15,0.1,2.32,7.11,1.0,2.0,0.95,83.94,0.59,0.283,16,4,0.748,0.745,0.801,1.0,0.745,68.6,0.608
2.48,1.1,4.63,0.17,2.03,4.77,0.82,4.0,1.0,140.86,0.81,0.144,18,1,0.847,0.542,0.442,0.0,0.496,72.0,0.498
7.95,5.67,2.69,0.13,6.88,16.56,0.35,8.0,0.55,143.68,0.58,0.476,6,3,0.802,0.414,0.912,1.0,0.509,49.7,0.457
0.9,1.95,1.14,0.05,0.5,2.25,1.0,2.0,0.95,41.25,0.64,0.958,15,9,0.483,0.942,0.649,1.0,0.506,73.3,0.534
6.72,1.2,8.53,0.39,5.88,9.08,0.82,4.0,1.0,59.98,0.7,0.637,16,9,0.86,0.632,0.823,1.0,0.503,59.9,0.529
5.11,2.68,10.28,0.46,3.65,6.31,0.35,8.0,0.55,114.14,0.98,0.317,3,12,0.685,0.35,0.932,1.0,0.888,48.2,0.499
6.48,3.32,2.55,0.09,5.95,14.73,0.82,4.0,1.0,61.7,0.88,0.107,2,3,0.605,0.861,0.637,0.0,0.929,47.6,0.402
1.3,0.2,8.67,0.33,0.08,1.91,1.0,2.0,0.95,153.35,0.93,0.91,9,12,0.743,0.781,0.519,1.0,0.764,75.6,0.611
3.1,2.14,11.99,0.54,2.07,3.48,1.0,2.0,0.95,17.51,0.58,0.458,18,4,0.975,0.485,0.94,0.0,0.779,56.6,0.451
6.76,6.35,14.3,0.55,5.64,7.51,0.35,8.0,0.55,128.88,0.79,0.356,8,11,0.779,0.843,0.411,1.0,0.489,32.8,0.421
8.06,0.11,0.9,0.03,7.66,21.21,0.35,8.0,0.55,156.38,0.66,0.867,14,7,0.828,0.02,0.908,1.0,0.509,59.7,0.559
3.68,2.46,13.57,0.61,2.65,3.83,0.82,4.0,1.0,3.95,0.64,0.149,16,6,0.732,0.457,0.428,1.0,0.594,45.1,0.467
7.33,0.94,12.29,0.65,5.93,7.33,0.82,4.0,1.0,92.85,0.98,0.195,14,5,0.728,0.616,0.526,1.0,0.973,58.4,0.513
4.56,1.45,4.14,0.22,3.86,8.0,0.82,4.0,1.0,119.16,0.59,0.835,6,6,0.951,0.997,0.812,0.0,0.846,57.3,0.457
9.76,4.47,10.75,0.47,8.47,11.9,0.35,8.0,0.55,136.46,0.79,0.949,8,7,0.465,0.105,0.445,0.0,0.573,39.2,0.399
7.11,2.72,11.07,0.57,5.86,7.73,0.82,4.0,1.0,11.32,0.96,0.87,14,4,0.495,0.041,0.835,1.0,0.503,51.5,0.599
9.24,3.08,4.05,0.18,8.13,17.43,0.35,8.0,0.55,58.5,0.59,0.904,17,1,0.456,0.095,0.746,1.0,0.476,46.6,0.48
6.38,5.76,17.35,0.74,5.26,5.85,0.58,6.0,0.88,51.7,0.63,0.214,10,8,0.494,0.654,0.589,0.0,0.551,40.0,0.355
2.95,5.04,17.66,0.73,1.6,2.73,0.58,6.0,0.88,18.63,0.83,0.951,14,11,0.952,0.809,0.418,0.0,0.968,49.2,0.403
3.62,1.44,17.45,0.69,2.09,3.48,1.0,2.0,0.95,43.7,0.69,0.643,11,3,0.842,0.962,0.458,0.0,0.527,46.1,0.336
3.91,1.71,11.0,0.57,2.39,4.25,0.82,4.0,1.0,54.94,0.64,0.5,1,10,0.477,0.591,0.632,0.0,0.893,51.8,0.371
0.42,1.97,16.26,0.6,-0.76,0.44,1.0,2.0,0.95,40.6,0.68,0.822,16,4,0.46,0.721,0.46,1.0,0.94,56.2,0.428
1.96,1.54,3.81,0.21,0.97,3.5,1.0,2.0,0.95,157.31,0.92,0.288,8,2,0.876,0.737,0.569,0.0,0.865,77.0,0.549
7.41,2.69,3.43,0.16,6.39,14.53,0.82,4.0,1.0,168.23,0.67,0.533,9,2,0.958,0.129,0.531,1.0,0.465,62.7,0.643
11.37,2.41,17.5,0.8,10.18,9.89,0.35,8.0,0.55,167.65,0.64,0.402,7,6,0.871,0.703,0.785,0.0,0.638,38.0,0.376
2.85,0.9,16.32,0.63,1.93,2.91,1.0,2.0,0.95,159.55,0.95,0.765,11,5,0.638,0.732,0.933,0.0,0.751,66.0,0.436
7.1,0.5,17.99,0.86,5.19,5.87,0.58,6.0,0.88,135.76,0.66,0.506,18,5,0.732,0.934,0.867,1.0,0.397,43.9,0.435
6.05,5.53,15.0,0.55,4.46,6.72,0.58,6.0,0.88,167.63,0.89,0.617,2,9,0.693,0.112,0.523,1.0,0.448,54.1,0.53
1.13,1.77,9.35,0.51,-0.29,1.31,1.0,2.0,0.95,119.38,0.73,0.418,1,3,0.729,0.519,0.765,1.0,0.676,56.3,0.478
2.13,1.67,0.14,0.01,1.69,5.92,1.0,2.0,0.95,110.59,0.96,0.923,3,11,0.968,0.43,0.735,1.0,0.56,77.2,0.605
6.14,1.42,0.92,0.04,5.05,15.74,0.58,6.0,0.88,170.08,0.85,0.095,6,9,0.954,0.696,0.828,0.0,0.714,57.5,0.458
2.41,3.05,8.04,0.3,1.33,3.71,0.58,6.0,0.88,6.54,0.95,0.792,11,2,0.47,0.362,0.912,0.0,0.657,64.2,0.497
0.8,8.34,15.74,0.75,-0.51,0.73,0.35,8.0,0.55,96.43,0.75,0.543,2,11,0.636,0.018,0.673,1.0,0.493,45.1,0.478
5.42,1.67,10.91,0.4,4.68,7.23,1.0,2.0,0.95,16.19,0.83,0.728,17,11,0.563,0.97,0.887,0.0,0.617,39.8,0.357
6.73,8.68,15.78,0.57,5.53,7.32,0.35,8.0,0.55,2.85,0.85,0.712,15,8,0.961,0.11,0.709,0.0,0.504,39.3,0.367
1.27,0.11,1.76,0.06,0.45,3.1,0.58,6.0,0.88,71.4,0.62,0.928,7,10,0.543,0.531,0.47,1.0,0.403,72.6,0.602
1.4,1.25,16.58,0.85,-0.23,1.17,0.82,4.0,1.0,95.16,0.9,0.975,14,5,0.625,0.234,0.577,1.0,0.452,54.9,0.53
1.33,3.09,6.0,0.27,0.35,2.15,0.58,6.0,0.88,152.45,0.96,0.914,12,4,0.574,0.139,0.844,0.0,0.95,71.0,0.521
2.82,5.33,17.19,0.74,1.46,2.59,0.58,6.0,0.88,118.91,0.77,0.548,10,7,0.709,0.263,0.89,0.0,0.777,55.5,0.438
8.06,2.54,11.37,0.43,6.54,10.33,0.58,6.0,0.88,6.45,0.62,0.223,3,2,0.515,0.334,0.701,0.0,0.835,42.3,0.379
7.55,5.61,5.35,0.24,6.75,12.8,0.35,8.0,0.55,144.49,0.99,0.802,12,8,0.717,0.272,0.45,1.0,0.863,53.3,0.589
3.54,2.17,6.2,0.23,2.61,6.1,0.35,8.0,0.55,116.21,0.77,0.505,3,7,0.88,0.808,0.531,1.0,0.665,46.0,0.453
0.94,3.34,10.33,0.39,-0.52,1.27,0.82,4.0,1.0,158.34,0.72,0.109,10,6,0.556,0.831,0.885,1.0,0.921,55.0,0.481
10.09,1.91,4.56,0.17,9.49,19.4,0.35,8.0,0.55,105.0,0.81,0.851,3,10,0.8,0.526,0.847,1.0,0.749,51.1,0.576
2.63,0.85,4.7,0.22,1.54,4.61,1.0,2.0,0.95,140.97,0.84,0.34,4,5,0.902,0.495,0.918,0.0,0.411,67.8,0.488
3.89,0.77,6.42,0.27,3.16,6.27,1.0,2.0,0.95,155.32,0.72,0.908,3,10,0.834,0.32,0.45,1.0,0.509,66.7,0.593
7.01,6.16,11.02,0.43,6.01,8.99,0.58,6.0,0.88,155.41,0.88,0.731,1,9,0.75,0.697,0.973,1.0,0.912,53.7,0.557
8.41,1.15,9.0,0.32,7.59,12.55,0.58,6.0,0.88,132.28,0.88,0.583,4,4,0.944,0.572,0.936,1.0,0.418,51.9,0.464
1.72,3.84,8.55,0.47,0.7,2.1,0.35,8.0,0.55,176.84,0.72,0.41,8,10,0.789,0.267,0.947,0.0,0.502,55.8,0.39
3.41,5.88,8.32,0.42,2.14,4.43,0.35,8.0,0.55,48.14,0.61,0.982,9,2,0.725,0.937,0.41,0.0,0.778,45.4,0.359
2.6,5.27,11.47,0.44,1.64,3.29,0.35,8.0,0.55,82.19,0.64,0.582,12,12,0.979,0.363,0.795,1.0,0.782,53.6,0.601
4.02,0.84,8.23,0.31,2.73,6.09,0.35,8.0,0.55,80.52,0.76,0.921,3,6,0.875,0.761,0.773,0.0,0.709,49.4,0.37
3.51,0.09,15.78,0.68,2.09,3.41,1.0,2.0,0.95,39.01,0.72,0.769,8,3,0.865,0.846,0.692,1.0,0.359,52.9,0.418
6.71,4.15,14.36,0.55,5.19,7.46,0.82,4.0,1.0,140.03,0.96,0.148,14,2,0.799,0.382,0.78,1.0,0.563,55.0,0.499
2.8,0.24,10.51,0.4,1.56,3.73,1.0,2.0,0.95,124.31,0.67,0.773,5,9,0.759,0.265,0.829,1.0,0.602,62.1,0.572
4.99,1.68,7.92,0.3,4.24,7.68,1.0,2.0,0.95,71.55,0.96,0.234,17,10,0.517,0.435,0.823,0.0,0.801,58.3,0.505
1.01,6.05,6.68,0.25,0.34,1.68,0.58,6.0,0.88,92.4,0.85,0.458,1,6,0.681,0.008,0.621,0.0,0.64,68.5,0.529
7.04,1.34,4.02,0.17,6.0,13.54,0.35,8.0,0.55,45.86,0.62,0.862,16,7,0.894,0.948,0.824,0.0,0.863,43.3,0.354
4.41,1.48,9.06,0.36,3.62,6.21,1.0,2.0,0.95,163.95,0.8,0.162,13,10,0.884,0.551,0.46,0.0,0.455,52.2,0.37
2.86,6.13,2.98,0.13,2.32,5.96,0.58,6.0,0.88,61.45,0.74,0.346,8,9,0.805,0.344,0.925,1.0,0.835,66.3,0.605
5.79,0.32,5.18,0.21,4.53,10.34,0.82,4.0,1.0,64.6,0.68,0.463,8,9,0.542,0.53,0.533,1.0,0.612,51.6,0.494
5.3,1.6,11.53,0.61,4.06,5.52,0.82,4.0,1.0,75.41,0.68,0.97,6,12,0.85,0.038,0.511,1.0,0.785,56.8,0.566
7.18,4.81,6.66,0.31,6.58,10.88,0.35,8.0,0.55,168.71,0.99,0.641,5,7,0.521,0.449,0.95,1.0,0.606,48.6,0.52
4.42,2.49,15.59,0.63,3.07,4.51,0.82,4.0,1.0,15.66,0.8,0.945,18,2,0.452,0.45,0.462,1.0,0.765,50.0,0.475
3.97,5.57,9.21,0.42,3.28,5.16,0.58,6.0,0.88,32.52,0.74,0.315,4,5,0.799,0.722,0.782,1.0,0.503,52.1,0.476
6.84,1.74,1.73,0.07,6.21,16.29,0.82,4.0,1.0,86.71,0.91,0.312,4,8,0.459,0.873,0.679,0.0,0.514,42.9,0.316
5.46,0.08,7.11,0.3,4.2,8.4,0.58,6.0,0.88,86.23,0.7,0.399,6,7,0.819,0.436,0.548,0.0,0.557,53.8,0.406
4.4,1.33,1.25,0.07,3.25,10.48,1.0,2.0,0.95,148.87,0.8,0.315,3,8,0.591,0.669,0.521,0.0,0.827,63.2,0.434
4.4,1.32,7.19,0.36,3.11,6.2,1.0,2.0,0.95,113.6,0.68,0.299,11,4,0.53,0.157,0.45,1.0,0.877,60.3,0.648
1.14,6.21,7.41,0.28,-0.03,1.81,0.58,6.0,0.88,88.92,0.99,0.591,7,2,0.8,0.409,0.559,1.0,0.804,61.0,0.59
4.58,0.51,10.89,0.4,3.25,6.11,0.35,8.0,0.55,43.03,0.76,0.169,12,2,0.6,0.721,0.455,1.0,0.557,44.1,0.399
7.95,3.11,0.71,0.03,7.64,20.92,0.35,8.0,0.55,69.69,0.81,0.306,3,8,0.466,0.671,0.454,1.0,0.641,47.1,0.458
2.16,4.48,15.12,0.83,0.99,1.83,0.35,8.0,0.55,115.99,0.66,0.423,6,1,0.754,0.409,0.921,1.0,0.699,64.6,0.532
7.89,0.07,13.97,0.53,6.54,8.97,0.58,6.0,0.88,169.74,0.98,0.851,12,8,0.916,0.062,0.468,1.0,0.411,53.0,0.56
2.31,2.74,17.75,0.79,0.83,2.03,0.35,8.0,0.55,18.04,0.85,0.351,4,5,0.484,0.019,0.803,0.0,0.949,55.9,0.463
4.43,4.36,12.97,0.54,3.26,4.98,0.58,6.0,0.88,121.82,0.64,0.76,10,12,0.9,0.53,0.428,1.0,0.684,53.4,0.463
11.26,4.12,12.76,0.49,10.13,13.4,0.35,8.0,0.55,132.32,0.93,0.882,13,4,0.602,0.064,0.504,0.0,0.579,45.7,0.372
7.3,2.62,2.53,0.13,6.56,15.21,0.82,4.0,1.0,134.88,0.98,0.558,13,8,0.838,0.839,0.83,1.0,0.74,55.6,0.493
0.99,0.09,15.59,0.83,-0.52,0.84,0.58,6.0,0.88,128.01,0.67,0.637,6,1,0.8,0.629,0.894,0.0,0.671,55.9,0.382
2.09,0.5,8.88,0.32,0.92,3.12,1.0,2.0,0.95,58.94,0.58,0.876,12,3,0.736,0.31,0.567,0.0,0.591,71.7,0.561
10.14,3.86,10.96,0.39,8.77,13.7,0.35,8.0,0.55,103.54,0.58,0.19,8,12,0.729,0.559,0.735,0.0,0.362,32.3,0.282
7.0,1.86,6.36,0.34,5.98,10.14,0.35,8.0,0.55,39.37,0.96,0.893,18,10,0.765,0.426,0.588,1.0,0.549,45.5,0.477
8.3,8.34,8.07,0.32,7.01,12.39,0.35,8.0,0.55,15.13,0.69,0.971,18,10,0.752,0.497,0.427,1.0,0.438,41.6,0.482
5.97,8.19,10.89,0.54,4.37,6.71,0.35,8.0,0.55,15.31,0.97,0.343,15,12,0.818,0.743,0.751,1.0,0.957,45.8,0.539
2.71,2.09,6.81,0.33,1.89,3.99,0.82,4.0,1.0,110.61,0.56,0.179,5,11,0.517,0.041,0.74,0.0,0.708,61.9,0.57
2.8,1.07,6.61,0.32,1.97,4.18,0.82,4.0,1.0,100.42,0.68,0.935,4,3,0.588,0.581,0.68,1.0,0.746,71.3,0.594
4.11,6.39,6.57,0.26,3.59,6.74,0.58,6.0,0.88,65.9,0.61,0.316,1,5,0.924,0.244,0.876,0.0,0.523,50.7,0.409
0.63,2.71,10.09,0.37,-0.76,0.88,0.82,4.0,1.0,46.3,0.88,0.147,18,6,0.606,0.243,0.685,0.0,0.876,55.5,0.314
7.53,3.54,14.8,0.74,5.88,6.91,0.58,6.0,0.88,113.52,0.97,0.875,3,5,0.77,0.457,0.79,1.0,0.65,50.5,0.501
5.85,3.42,5.07,0.19,5.35,10.83,0.82,4.0,1.0,162.79,0.68,0.22,2,6,0.839,0.271,0.698,0.0,0.913,55.5,0.53
9.27,4.61,7.89,0.37,8.58,12.88,0.35,8.0,0.55,64.47,0.87,0.398,18,12,0.852,0.557,0.933,0.0,0.975,44.4,0.406
4.4,1.68,13.84,0.65,3.38,4.4,0.82,4.0,1.0,124.78,0.66,0.588,10,8,0.847,0.942,0.77,0.0,0.784,48.1,0.324
6.46,5.05,6.75,0.29,5.42,10.09,0.58,6.0,0.88,57.26,0.7,0.417,8,8,0.605,0.899,0.449,0.0,0.874,37.3,0.281
8.17,0.82,7.21,0.36,7.34,11.51,0.58,6.0,0.88,120.6,0.82,0.459,6,11,0.794,0.045,0.455,1.0,0.84,50.1,0.537
7.47,1.21,12.29,0.58,6.41,8.03,0.82,4.0,1.0,38.67,0.68,0.169,16,11,0.863,0.99,0.41,0.0,0.818,36.5,0.346
3.5,0.49,10.02,0.47,1.98,4.27,0.82,4.0,1.0,159.24,0.62,0.865,2,5,0.637,0.655,0.856,1.0,0.452,61.3,0.519
1.42,5.12,10.53,0.44,0.5,1.8,0.35,8.0,0.55,18.0,0.67,0.945,13,9,0.734,0.805,0.746,0.0,0.427,51.1,0.373
9.53,2.38,2.61,0.11,9.07,20.72,0.35,8.0,0.55,14.6,0.99,0.479,5,4,0.88,0.655,0.627,0.0,0.678,43.3,0.318
2.9,1.17,8.61,0.37,2.08,4.03,1.0,2.0,0.95,146.04,0.91,0.263,9,8,0.772,0.106,0.894,0.0,0.489,60.0,0.481
9.04,1.04,15.28,0.81,7.71,7.79,0.35,8.0,0.55,7.92,0.97,0.498,9,9,0.913,0.863,0.762,0.0,0.58,33.3,0.258
3.96,0.11,8.44,0.42,2.59,5.14,1.0,2.0,0.95,66.55,0.71,0.236,3,1,0.681,0.883,0.493,0.0,0.61,49.5,0.308
3.03,3.67,14.27,0.78,1.4,2.68,0.35,8.0,0.55,171.47,0.92,0.64,7,2,0.967,0.551,0.405,0.0,0.716,50.7,0.397
5.18,7.87,11.54,0.44,4.18,6.56,0.35,8.0,0.55,158.7,0.66,0.959,11,4,0.724,0.804,0.451,0.0,0.738,39.9,0.346
3.98,3.65,1.7,0.08,3.25,9.26,0.58,6.0,0.88,172.35,0.83,0.819,16,6,0.894,0.803,0.704,0.0,0.528,52.2,0.435
5.83,4.15,15.61,0.73,4.14,5.4,0.82,4.0,1.0,103.24,0.94,0.511,13,11,0.902,0.423,0.787,1.0,0.853,59.5,0.552
3.37,2.97,7.52,0.35,2.37,4.81,0.58,6.0,0.88,161.63,0.6,0.419,1,3,0.77,0.275,0.933,0.0,0.41,54.2,0.438
2.43,1.86,17.1,0.62,1.28,2.51,1.0,2.0,0.95,148.57,0.92,0.606,8,2,0.955,0.973,0.684,0.0,0.744,66.3,0.452
1.71,1.56,10.59,0.38,1.06,2.34,0.82,4.0,1.0,103.33,0.78,0.911,11,11,0.459,0.983,0.693,1.0,0.767,67.4,0.568
1.66,0.55,8.59,0.43,0.94,2.13,0.82,4.0,1.0,106.11,1.0,0.392,17,5,0.751,0.773,0.706,0.0,0.821,71.2,0.516
5.32,1.88,10.78,0.45,3.95,6.65,1.0,2.0,0.95,177.64,0.81,0.695,6,6,0.747,0.895,0.959,1.0,0.361,53.7,0.425
6.45,0.94,15.34,0.78,5.39,5.71,0.82,4.0,1.0,148.24,0.55,0.218,15,3,0.858,0.536,0.614,1.0,0.604,53.6,0.537
8.71,0.57,12.48,0.51,7.77,10.13,0.35,8.0,0.55,140.45,0.72,0.626,17,1,0.456,0.642,0.547,0.0,0.606,46.1,0.378
0.92,2.77,17.56,0.72,-0.15,0.86,0.58,6.0,0.88,79.16,0.94,0.959,7,10,0.847,0.202,0.727,0.0,0.938,53.7,0.497
6.03,2.16,8.69,0.39,5.35,8.15,0.35,8.0,0.55,147.82,0.71,0.888,4,10,0.762,0.174,0.431,0.0,0.613,47.8,0.411
6.73,3.98,5.49,0.22,6.16,11.81,0.58,6.0,0.88,59.61,0.6,0.517,13,6,0.507,0.373,0.964,1.0,0.854,56.8,0.542
0.45,3.97,15.6,0.76,-1.31,0.41,0.82,4.0,1.0,29.07,0.63,0.45,7,9,0.919,0.181,0.434,1.0,0.78,52.2,0.368
1.48,2.95,13.72,0.52,0.32,1.7,0.58,6.0,0.88,56.33,0.78,0.863,18,7,0.794,0.848,0.723,1.0,0.959,55.6,0.474
2.49,1.01,10.67,0.39,1.8,3.36,1.0,2.0,0.95,35.43,0.74,0.07,16,5,0.825,0.91,0.735,0.0,0.739,54.8,0.341
5.55,0.47,13.38,0.49,4.32,6.61,0.82,4.0,1.0,100.03,0.94,0.525,16,1,0.591,0.128,0.71,1.0,0.73,66.0,0.655
5.98,6.58,12.57,0.68,4.48,5.81,0.35,8.0,0.55,21.28,0.88,0.948,1,7,0.598,0.384,0.624,0.0,0.768,40.5,0.412
7.87,8.23,14.5,0.53,6.61,8.94,0.35,8.0,0.55,80.38,0.82,0.733,4,9,0.581,0.837,0.804,0.0,0.67,32.7,0.28
2.82,2.32,13.08,0.56,1.65,3.1,0.82,4.0,1.0,94.4,0.97,0.322,15,8,0.826,0.765,0.794,1.0,0.716,66.8,0.527
8.79,3.72,17.37,0.71,7.64,8.29,0.58,6.0,0.88,30.92,0.7,0.38,16,11,0.615,0.546,0.787,1.0,0.864,45.3,0.545
2.03,5.33,2.89,0.14,1.36,4.14,0.58,6.0,0.88,95.0,0.57,0.73,16,1,0.825,0.13,0.928,0.0,0.441,72.8,0.548
4.77,1.09,9.69,0.42,3.6,6.19,1.0,2.0,0.95,150.81,0.96,0.548,13,9,0.921,0.493,0.797,1.0,0.937,60.6,0.57
6.56,6.16,0.28,0.01,5.75,18.22,0.35,8.0,0.55,101.06,0.7,0.053,3,11,0.504,0.993,0.557,0.0,0.577,33.7,0.252
8.07,3.23,5.99,0.25,7.51,13.45,0.58,6.0,0.88,20.01,0.76,0.6,5,2,0.599,0.392,0.873,1.0,0.877,54.2,0.586
4.97,2.09,15.07,0.68,3.29,4.83,1.0,2.0,0.95,57.34,0.86,0.099,5,1,0.561,0.167,0.84,1.0,0.844,60.0,0.643
7.69,2.97,17.44,0.69,6.62,7.39,0.58,6.0,0.88,58.96,0.83,0.148,4,6,0.699,0.353,0.429,1.0,0.682,43.3,0.469
9.46,6.21,0.43,0.02,9.08,25.57,0.35,8.0,0.55,21.27,0.86,0.911,3,8,0.7,0.386,0.876,1.0,0.659,53.6,0.515
0.58,2.99,6.88,0.28,-0.37,0.92,0.82,4.0,1.0,117.01,0.93,0.34,12,2,0.801,0.833,0.679,0.0,0.488,52.0,0.338
2.84,7.17,14.65,0.78,1.53,2.51,0.35,8.0,0.55,140.92,0.64,0.724,4,4,0.931,0.244,0.972,1.0,0.904,55.5,0.533
3.39,5.16,10.95,0.54,2.48,3.81,0.35,8.0,0.55,127.2,0.68,0.61,9,1,0.512,0.305,0.792,0.0,0.635,52.5,0.437
3.5,2.01,7.61,0.34,2.31,5.07,1.0,2.0,0.95,91.5,0.63,0.575,6,6,0.465,0.611,0.756,1.0,0.436,60.7,0.584
3.6,6.35,16.92,0.63,1.99,3.67,0.58,6.0,0.88,103.44,0.86,0.646,3,5,0.55,0.989,0.852,1.0,0.762,46.5,0.494
10.57,5.77,12.38,0.44,9.45,13.38,0.35,8.0,0.55,56.87,0.69,0.375,17,7,0.63,0.937,0.464,0.0,0.875,27.0,0.257
0.58,5.39,7.28,0.4,-0.36,0.77,0.58,6.0,0.88,39.83,0.71,0.775,16,5,0.97,0.796,0.965,1.0,0.393,53.0,0.403
2.99,2.02,10.58,0.47,1.8,3.65,0.82,4.0,1.0,174.99,0.83,0.131,15,1,0.726,0.243,0.605,0.0,0.355,59.8,0.4
2.69,3.09,2.61,0.11,2.04,5.85,0.82,4.0,1.0,121.39,0.8,0.272,7,5,0.488,0.449,0.848,0.0,0.818,69.2,0.494
6.96,5.96,6.56,0.28,6.1,11.05,0.58,6.0,0.88,147.84,0.97,0.187,15,2,0.558,0.136,0.563,0.0,0.494,52.3,0.429
3.54,4.36,4.07,0.17,2.74,6.81,0.82,4.0,1.0,67.38,0.66,0.467,12,3,0.578,0.35,0.866,1.0,0.744,67.0,0.551
5.52,2.92,2.11,0.1,4.63,12.27,0.35,8.0,0.55,160.22,0.69,0.689,12,12,0.748,0.111,0.589,0.0,0.663,57.5,0.516
4.35,3.43,16.56,0.8,3.19,3.78,0.58,6.0,0.88,40.05,0.9,0.312,17,6,0.646,0.19,0.882,0.0,0.904,55.7,0.54
4.59,7.61,1.36,0.06,3.85,11.2,0.35,8.0,0.55,128.81,0.95,0.567,9,6,0.711,0.466,0.79,0.0,0.95,58.6,0.468
6.47,5.33,11.22,0.44,5.27,8.19,0.58,6.0,0.88,140.53,0.58,0.158,18,2,0.753,0.845,0.61,1.0,0.935,47.9,0.453
3.1,0.27,7.88,0.42,2.4,4.03,1.0,2.0,0.95,166.83,0.99,0.519,18,1,0.747,0.5,0.595,0.0,0.523,68.0,0.519
2.22,8.48,4.31,0.23,1.56,3.83,0.35,8.0,0.55,8.7,0.65,0.58,4,7,0.477,0.154,0.661,1.0,0.77,61.1,0.552
5.33,1.97,1.31,0.07,4.71,12.69,0.82,4.0,1.0,6.64,0.85,0.719,18,4,0.54,0.707,0.453,0.0,0.479,52.5,0.35
2.96,0.53,16.0,0.79,1.68,2.6,1.0,2.0,0.95,27.65,0.73,0.289,9,1,0.881,0.757,0.461,1.0,0.526,52.6,0.497
6.67,6.42,4.3,0.21,6.02,11.91,0.58,6.0,0.88,155.68,0.73,0.897,15,7,0.536,0.969,0.7,1.0,0.851,45.5,0.412
9.18,2.1,10.11,0.48,7.75,11.06,0.58,6.0,0.88,80.91,0.9,0.153,2,3,0.686,0.737,0.724,1.0,0.931,45.9,0.487
5.47,0.31,5.06,0.27,4.14,8.82,1.0,2.0,0.95,56.34,0.93,0.233,17,10,0.681,0.379,0.512,1.0,0.918,58.3,0.635
2.75,3.96,12.85,0.57,1.53,2.99,0.35,8.0,0.55,140.87,0.93,0.653,4,9,0.909,0.675,0.759,0.0,0.397,49.5,0.374
2.66,0.39,15.94,0.77,1.3,2.38,1.0,2.0,0.95,132.94,0.99,0.181,6,3,0.623,0.301,0.923,0.0,0.74,64.8,0.464
3.06,2.51,10.82,0.49,1.84,3.64,0.82,4.0,1.0,37.07,0.64,0.223,10,2,0.616,0.697,0.725,1.0,0.721,58.9,0.544
4.49,5.89,15.27,0.66,2.94,4.45,0.58,6.0,0.88,103.87,0.68,0.535,14,5,0.794,0.561,0.859,0.0,0.724,53.6,0.435
3.18,0.75,0.94,0.04,2.64,8.15,1.0,2.0,0.95,147.17,0.65,0.735,12,11,0.653,0.164,0.955,1.0,0.778,69.6,0.621
9.07,2.14,5.38,0.21,8.3,16.2,0.58,6.0,0.88,26.6,0.84,0.201,4,7,0.972,0.736,0.588,1.0,0.379,40.2,0.411
6.94,4.06,13.22,0.48,5.7,8.36,0.35,8.0,0.55,71.43,0.88,0.697,8,2,0.611,0.093,0.554,1.0,0.935,50.9,0.559
0.8,5.92,0.32,0.02,0.49,2.16,0.35,8.0,0.55,166.99,0.58,0.48,5,1,0.545,0.647,0.466,0.0,0.571,67.0,0.454
3.12,2.9,7.74,0.42,1.9,4.05,0.35,8.0,0.55,69.22,0.71,0.698,12,5,0.727,0.105,0.886,0.0,0.419,55.5,0.45
6.28,1.15,1.89,0.1,5.52,13.96,0.35,8.0,0.55,50.66,0.85,0.837,14,1,0.66,0.357,0.553,1.0,0.363,56.9,0.478
7.68,1.51,9.79,0.42,6.92,9.97,0.35,8.0,0.55,26.3,0.91,0.981,17,8,0.637,0.993,0.778,0.0,0.364,33.1,0.235
4.98,1.35,3.72,0.17,4.32,9.58,0.82,4.0,1.0,98.13,0.8,0.498,7,12,0.871,0.022,0.628,1.0,0.777,64.2,0.625
9.09,2.49,13.65,0.6,7.44,9.57,0.35,8.0,0.55,113.05,0.67,0.245,3,6,0.966,0.834,0.644,0.0,0.707,33.1,0.268
3.13,7.41,14.97,0.56,1.52,3.44,0.35,8.0,0.55,177.55,0.64,0.582,14,8,0.626,0.307,0.942,0.0,0.752,55.0,0.468
5.76,1.49,6.22,0.24,5.14,9.76,0.58,6.0,0.88,159.15,0.87,0.405,7,12,0.49,0.394,0.892,0.0,0.533,49.1,0.38
5.29,2.67,13.08,0.49,4.46,6.3,0.58,6.0,0.88,21.12,0.75,0.488,14,3,0.575,0.183,0.563,0.0,0.92,49.2,0.457
1.44,1.92,0.8,0.03,1.04,3.79,1.0,2.0,0.95,131.2,0.87,0.506,6,3,0.666,0.177,0.584,0.0,0.425,82.5,0.624
4.42,0.21,17.6,0.93,2.73,3.45,0.82,4.0,1.0,97.36,0.71,0.862,12,1,0.84,0.547,0.553,0.0,0.438,63.7,0.476
5.18,7.88,12.38,0.65,3.51,5.18,0.35,8.0,0.55,44.1,0.67,0.489,1,11,0.504,0.216,0.972,0.0,0.806,45.5,0.465
2.61,4.74,2.3,0.09,2.19,5.93,0.35,8.0,0.55,11.29,0.77,0.892,6,1,0.693,0.039,0.889,1.0,0.919,69.8,0.723
4.52,1.97,14.41,0.68,3.28,4.39,0.35,8.0,0.55,36.74,0.62,0.34,1,2,0.972,0.732,0.697,1.0,0.565,49.4,0.485
1.97,2.72,8.98,0.45,0.91,2.46,0.82,4.0,1.0,153.16,0.77,0.5,6,8,0.78,0.546,0.54,0.0,0.687,66.5,0.465
7.91,0.57,10.1,0.41,6.8,10.41,0.35,8.0,0.55,154.15,0.71,0.38,4,11,0.559,0.328,0.631,1.0,0.756,46.0,0.471
10.78,7.99,12.93,0.54,9.43,12.11,0.35,8.0,0.55,73.95,0.8,0.109,2,3,0.926,0.339,0.791,0.0,0.741,40.0,0.408
8.99,2.53,9.3,0.39,7.83,12.15,0.35,8.0,0.55,154.77,0.99,0.237,5,8,0.695,0.963,0.944,1.0,0.582,37.4,0.458
5.74,4.08,4.96,0.25,4.56,9.57,0.82,4.0,1.0,100.56,0.83,0.357,10,5,0.706,0.831,0.708,1.0,0.354,47.3,0.494
6.17,8.17,16.98,0.87,4.97,5.06,0.35,8.0,0.55,129.05,0.69,0.872,11,4,0.883,0.602,0.934,0.0,0.881,48.3,0.43
9.64,3.08,0.32,0.01,9.09,26.78,0.35,8.0,0.55,117.01,0.69,0.424,7,1,0.902,0.005,0.927,0.0,0.5,53.6,0.414
3.39,1.01,7.8,0.31,2.82,5.14,0.35,8.0,0.55,112.09,0.57,0.12,17,1,0.686,0.627,0.745,1.0,0.859,57.6,0.576
3.85,5.15,17.63,0.8,2.13,3.35,0.58,6.0,0.88,70.84,0.57,0.416,18,7,0.568,0.088,0.632,0.0,0.511,52.1,0.424
7.5,0.13,16.16,0.66,6.16,7.43,0.58,6.0,0.88,67.17,0.55,0.157,6,10,0.939,0.619,0.845,1.0,0.707,42.1,0.463
1.95,7.93,17.22,0.74,0.76,1.79,0.35,8.0,0.55,51.14,0.85,0.677,8,12,0.582,0.37,0.522,1.0,0.457,54.8,0.49
1.41,2.46,12.13,0.61,0.13,1.47,0.82,4.0,1.0,148.65,0.88,0.626,8,10,0.492,0.601,0.95,0.0,0.945,66.4,0.467
4.36,1.8,8.92,0.34,3.55,6.32,1.0,2.0,0.95,127.22,0.73,0.524,12,3,0.855,0.55,0.839,0.0,0.685,64.3,0.528
9.58,4.53,14.57,0.69,8.51,9.21,0.35,8.0,0.55,98.6,0.81,0.612,17,9,0.472,0.28,0.904,0.0,0.725,42.4,0.349
3.7,0.3,16.74,0.7,1.96,3.52,1.0,2.0,0.95,130.52,0.75,0.791,10,12,0.594,0.951,0.787,1.0,0.967,56.4,0.517
0.97,3.97,8.4,0.33,-0.08,1.43,0.82,4.0,1.0,102.73,0.68,0.398,12,7,0.79,0.31,0.94,0.0,0.36,55.8,0.407
4.09,3.98,10.45,0.48,2.76,4.93,0.82,4.0,1.0,31.44,0.97,0.598,10,3,0.818,0.785,0.935,0.0,0.532,59.2,0.392
2.48,4.22,10.27,0.52,0.94,2.85,0.58,6.0,0.88,87.16,0.8,0.506,5,3,0.596,0.109,0.966,1.0,0.913,63.5,0.687
3.29,4.14,0.45,0.02,2.5,8.89,0.58,6.0,0.88,106.71,0.77,0.553,11,3,0.952,0.488,0.497,0.0,0.837,67.5,0.502
3.3,0.22,15.04,0.59,2.12,3.51,0.35,8.0,0.55,77.74,0.75,0.073,14,5,0.596,0.137,0.536,1.0,0.356,49.2,0.534
2.09,1.99,1.19,0.06,1.48,5.1,1.0,2.0,0.95,171.06,0.99,0.513,11,8,0.948,0.515,0.619,0.0,0.5,76.8,0.561
4.57,1.44,11.03,0.41,3.84,6.01,0.35,8.0,0.55,157.86,0.95,0.278,6,4,0.656,0.77,0.617,1.0,0.68,44.7,0.504
0.97,1.4,14.05,0.52,0.09,1.11,1.0,2.0,0.95,136.26,0.89,0.761,18,10,0.686,0.051,0.542,0.0,0.495,70.7,0.541
5.24,1.72,14.03,0.75,3.43,4.76,0.58,6.0,0.88,89.85,0.69,0.801,7,1,0.706,0.094,0.569,1.0,0.376,50.9,0.543
2.22,2.65,13.85,0.57,0.75,2.41,0.35,8.0,0.55,170.59,0.77,0.271,7,2,0.878,0.37,0.456,1.0,0.828,52.5,0.523
8.79,8.55,15.58,0.86,6.9,7.26,0.35,8.0,0.55,162.91,0.67,0.819,5,7,0.895,0.105,0.508,0.0,0.916,41.4,0.387
8.25,3.81,6.04,0.22,7.46,14.47,0.58,6.0,0.88,99.25,0.59,0.791,6,5,0.466,0.481,0.507,1.0,0.366,47.1,0.529
7.11,1.46,15.85,0.78,5.48,6.29,0.58,6.0,0.88,2.36,0.73,0.277,16,5,0.483,0.667,0.897,0.0,0.733,35.0,0.384
1.55,0.29,14.13,0.69,0.6,1.49,0.58,6.0,0.88,3.02,0.95,0.27,11,1,0.934,0.905,0.715,1.0,0.658,48.6,0.442
5.6,1.28,12.09,0.62,4.36,5.77,0.82,4.0,1.0,133.95,0.85,0.638,18,9,0.578,0.84,0.82,0.0,0.742,46.5,0.358
3.69,1.92,0.25,0.01,2.92,10.25,0.82,4.0,1.0,140.94,0.77,0.322,15,5,0.59,0.117,0.864,0.0,0.737,73.0,0.604
0.84,2.73,10.75,0.52,-0.47,0.97,0.35,8.0,0.55,101.57,0.59,0.898,10,10,0.676,0.546,0.513,1.0,0.692,53.3,0.47
3.25,0.62,10.91,0.39,2.56,4.39,0.58,6.0,0.88,151.1,0.68,0.742,3,12,0.653,0.471,0.588,0.0,0.754,60.3,0.484
5.13,1.37,9.53,0.41,4.31,6.75,1.0,2.0,0.95,66.74,0.64,0.637,16,4,0.846,0.399,0.969,0.0,0.938,61.2,0.48
1.58,0.46,2.34,0.08,1.17,3.67,0.82,4.0,1.0,119.86,0.95,0.914,8,5,0.918,0.274,0.551,1.0,0.35,81.7,0.604
4.7,1.88,13.23,0.48,3.7,5.66,1.0,2.0,0.95,69.34,0.9,0.923,15,10,0.862,0.353,0.457,0.0,0.735,61.2,0.448
3.35,1.74,16.5,0.82,1.79,2.86,1.0,2.0,0.95,107.26,0.97,0.396,16,9,0.769,0.484,0.796,1.0,0.414,59.3,0.578
4.37,8.25,4.62,0.19,3.67,8.09,0.35,8.0,0.55,146.64,0.97,0.057,14,10,0.469,0.83,0.449,0.0,0.853,38.2,0.326
0.6,1.73,7.67,0.42,-0.21,0.78,0.82,4.0,1.0,9.01,0.59,0.478,12,2,0.807,0.747,0.774,0.0,0.516,51.8,0.295
0.76,0.12,0.92,0.05,-0.18,1.9,1.0,2.0,0.95,96.54,0.81,0.263,2,7,0.511,0.839,0.59,1.0,0.423,52.0,0.383
1.51,0.63,7.79,0.29,0.93,2.36,0.82,4.0,1.0,160.88,0.56,0.505,2,11,0.815,0.417,0.935,1.0,0.727,77.9,0.621
9.35,6.8,4.94,0.26,8.3,15.33,0.35,8.0,0.55,64.94,0.63,0.094,12,12,0.885,0.316,0.502,1.0,0.489,40.8,0.463
6.95,5.04,6.99,0.31,5.86,10.53,0.58,6.0,0.88,49.11,0.65,0.193,17,10,0.953,0.078,0.821,1.0,0.559,49.8,0.556
0.93,0.2,4.72,0.23,0.28,1.6,0.58,6.0,0.88,57.57,0.84,0.49,18,3,0.921,0.344,0.439,0.0,0.396,68.5,0.43
5.65,7.45,1.37,0.06,4.72,13.78,0.35,8.0,0.55,38.18,0.82,0.265,12,11,0.684,0.548,0.903,1.0,0.608,49.5,0.477
4.54,2.36,4.8,0.22,4.0,7.96,0.35,8.0,0.55,164.63,0.78,0.446,17,3,0.556,0.178,0.796,1.0,0.808,58.9,0.608
7.73,0.4,11.34,0.5,6.14,9.09,0.35,8.0,0.55,142.05,0.71,0.981,8,3,0.528,0.193,0.464,0.0,0.544,39.9,0.417
4.26,2.91,4.38,0.21,3.8,7.61,0.82,4.0,1.0,38.01,0.63,0.646,13,3,0.757,0.151,0.823,1.0,0.43,59.9,0.56
6.79,5.28,15.29,0.83,5.6,5.75,0.58,6.0,0.88,122.59,0.56,0.381,17,12,0.506,0.76,0.526,0.0,0.625,47.7,0.394
2.41,4.25,0.26,0.01,2.1,6.69,0.82,4.0,1.0,76.72,0.79,0.497,4,6,0.871,0.444,0.608,1.0,0.718,76.8,0.665
4.08,0.35,0.81,0.03,3.3,10.74,0.82,4.0,1.0,21.3,0.82,0.264,13,4,0.643,0.186,0.454,0.0,0.896,57.1,0.517
3.22,3.63,0.34,0.01,2.68,8.94,0.82,4.0,1.0,138.29,0.95,0.985,18,7,0.796,0.106,0.445,0.0,0.443,69.2,0.462
1.1,2.6,9.65,0.35,0.02,1.57,0.82,4.0,1.0,163.69,0.72,0.756,16,4,0.551,0.183,0.643,1.0,0.395,70.3,0.568
1.76,2.36,0.65,0.03,0.98,4.63,0.35,8.0,0.55,94.2,0.8,0.287,10,11,0.517,0.916,0.88,0.0,0.764,56.9,0.364
1.29,1.45,13.74,0.73,-0.51,1.19,1.0,2.0,0.95,114.83,0.92,0.224,16,7,0.639,0.677,0.87,0.0,0.948,52.4,0.373
1.85,5.69,4.82,0.19,1.11,3.43,0.58,6.0,0.88,59.57,0.72,0.335,6,10,0.857,0.544,0.644,0.0,0.679,65.2,0.433
4.05,1.99,2.93,0.13,3.44,8.44,0.82,4.0,1.0,98.66,0.61,0.988,8,2,0.679,0.448,0.43,0.0,0.805,67.0,0.503
1.33,0.23,7.34,0.27,0.46,2.15,0.35,8.0,0.55,118.51,0.69,0.125,10,1,0.865,0.416,0.653,1.0,0.436,64.9,0.607
3.83,1.05,8.07,0.38,2.7,5.25,0.58,6.0,0.88,173.6,0.8,0.16,14,3,0.51,0.608,0.601,0.0,0.564,54.5,0.437
4.32,2.28,13.76,0.58,3.11,4.65,0.82,4.0,1.0,149.17,0.66,0.329,7,7,0.966,0.569,0.499,1.0,0.621,54.5,0.568
1.08,2.13,13.68,0.71,-0.16,1.02,0.82,4.0,1.0,161.7,0.86,0.762,12,12,0.819,0.889,0.81,1.0,0.386,55.9,0.506
11.34,7.98,11.51,0.62,10.37,11.69,0.35,8.0,0.55,179.06,0.76,0.718,9,11,0.804,0.659,0.419,1.0,0.378,44.5,0.488
3.05,0.49,16.08,0.61,1.56,3.18,1.0,2.0,0.95,60.2,0.8,0.109,2,6,0.861,0.628,0.697,1.0,0.774,54.7,0.505
1.43,3.14,15.34,0.56,0.6,1.57,0.82,4.0,1.0,178.66,0.87,0.091,17,11,0.629,0.274,0.771,0.0,0.952,72.4,0.532
5.78,4.13,13.93,0.54,4.79,6.49,0.82,4.0,1.0,106.73,0.83,0.098,16,11,0.829,0.715,0.844,1.0,0.534,54.2,0.465
0.77,0.23,0.59,0.03,0.33,2.03,1.0,2.0,0.95,156.96,0.97,0.101,3,7,0.856,0.626,0.544,1.0,0.572,76.1,0.548
5.5,0.73,0.35,0.01,4.43,15.28,1.0,2.0,0.95,151.82,0.84,0.661,2,4,0.793,0.267,0.969,0.0,0.807,66.2,0.552
0.38,6.01,8.3,0.3,-0.47,0.58,0.58,6.0,0.88,36.09,0.69,0.292,5,6,0.931,0.224,0.431,0.0,0.47,49.5,0.392
9.12,2.46,0.46,0.02,8.68,24.65,0.35,8.0,0.55,118.98,0.75,0.356,18,11,0.862,0.937,0.889,1.0,0.779,43.4,0.417
2.53,0.47,8.74,0.47,1.4,3.09,1.0,2.0,0.95,161.81,0.75,0.841,13,3,0.854,0.095,0.572,0.0,0.633,72.6,0.519
7.96,1.96,10.07,0.38,6.83,10.9,0.58,6.0,0.88,16.62,0.72,0.509,9,12,0.848,0.291,0.508,0.0,0.715,40.3,0.353
8.35,0.06,10.27,0.56,6.72,9.18,0.58,6.0,0.88,21.2,0.89,0.196,2,3,0.791,0.217,0.752,1.0,0.376,46.3,0.485
6.29,1.05,9.18,0.41,5.16,8.28,0.82,4.0,1.0,101.7,0.93,0.583,8,3,0.739,0.257,0.425,0.0,0.866,58.1,0.442
7.26,3.01,3.07,0.12,6.67,15.45,0.82,4.0,1.0,20.62,0.82,0.143,2,11,0.916,0.128,0.6,0.0,0.612,45.7,0.446
3.43,4.95,5.37,0.22,2.94,6.02,0.58,6.0,0.88,67.72,0.86,0.975,4,2,0.774,0.234,0.425,0.0,0.384,60.7,0.418
0.58,2.26,13.15,0.56,-0.46,0.64,0.35,8.0,0.55,138.8,0.87,0.25,1,8,0.925,0.885,0.608,1.0,0.955,42.6,0.366
6.47,2.13,6.76,0.32,5.63,9.66,0.58,6.0,0.88,73.33,0.73,0.073,6,12,0.56,0.812,0.545,1.0,0.418,33.8,0.377
2.86,1.49,15.49,0.68,1.64,2.78,0.58,6.0,0.88,126.02,1.0,0.576,1,9,0.502,0.965,0.858,0.0,0.497,47.4,0.302
11.43,5.24,4.38,0.24,10.83,19.37,0.35,8.0,0.55,81.32,0.55,0.855,15,4,0.9,0.734,0.814,0.0,0.365,44.9,0.384
4.17,1.98,4.76,0.25,3.59,6.95,1.0,2.0,0.95,9.4,0.76,0.734,1,12,0.971,0.809,0.746,1.0,0.606,43.3,0.444
6.05,1.7,9.18,0.36,5.28,8.52,0.35,8.0,0.55,114.81,0.99,0.461,11,1,0.58,0.016,0.748,0.0,0.363,49.6,0.389
3.45,0.22,16.74,0.65,2.11,3.45,1.0,2.0,0.95,179.91,0.96,0.796,14,6,0.872,0.304,0.88,0.0,0.619,61.5,0.449
1.93,0.88,3.95,0.18,0.93,3.64,1.0,2.0,0.95,102.35,0.72,0.918,1,4,0.645,0.286,0.939,0.0,0.582,72.4,0.538
7.82,0.51,9.77,0.35,6.46,11.17,0.58,6.0,0.88,22.43,1.0,0.549,17,10,0.949,0.098,0.44,0.0,0.519,41.5,0.353
8.97,7.17,4.52,0.19,7.96,16.61,0.35,8.0,0.55,122.68,0.67,0.632,7,11,0.672,0.213,0.455,1.0,0.758,50.9,0.557
0.43,1.38,1.26,0.07,0.07,1.02,0.82,4.0,1.0,112.45,0.68,0.904,17,10,0.777,0.667,0.639,1.0,0.668,84.3,0.687
2.92,0.89,9.67,0.38,2.25,4.0,1.0,2.0,0.95,35.1,0.59,0.138,7,4,0.595,0.059,0.65,0.0,0.486,51.6,0.457
5.86,0.89,1.37,0.05,5.1,14.65,0.82,4.0,1.0,48.63,0.79,0.623,17,4,0.647,0.905,0.579,1.0,0.682,51.5,0.519
7.34,3.31,13.16,0.54,5.87,8.25,0.58,6.0,0.88,144.38,0.86,0.327,18,11,0.81,0.84,0.838,0.0,0.529,42.1,0.304
5.29,0.17,13.83,0.67,3.55,5.19,1.0,2.0,0.95,15.98,0.66,0.098,9,8,0.941,0.848,0.97,0.0,0.419,36.4,0.261
4.64,5.14,1.57,0.07,3.47,11.05,0.58,6.0,0.88,144.69,0.71,0.66,8,7,0.587,0.599,0.764,0.0,0.96,60.1,0.482
7.21,5.85,10.19,0.38,6.21,9.88,0.58,6.0,0.88,117.28,0.69,0.275,16,1,0.493,0.612,0.661,0.0,0.953,53.4,0.395
7.23,7.67,14.31,0.53,5.73,8.22,0.35,8.0,0.55,92.28,0.92,0.421,2,5,0.668,0.832,0.652,0.0,0.389,28.1,0.268
8.87,5.37,16.79,0.69,7.14,8.53,0.35,8.0,0.55,83.3,0.92,0.139,11,8,0.654,0.408,0.858,0.0,0.361,38.6,0.293
0.46,0.69,1.24,0.05,-0.53,1.15,1.0,2.0,0.95,169.35,0.56,0.531,6,12,0.79,0.697,0.971,0.0,0.547,66.8,0.42
4.44,1.22,2.22,0.1,3.52,9.87,0.58,6.0,0.88,70.29,0.93,0.739,14,8,0.82,0.573,0.677,1.0,0.797,65.8,0.616
6.07,8.45,6.69,0.32,5.01,9.06,0.35,8.0,0.55,55.53,0.62,0.567,6,6,0.848,0.047,0.716,0.0,0.894,52.5,0.498
5.54,0.42,10.21,0.52,4.04,6.37,0.35,8.0,0.55,158.66,0.71,0.562,16,8,0.528,0.62,0.872,1.0,0.445,45.8,0.502
6.12,3.11,5.45,0.23,5.32,10.55,0.82,4.0,1.0,105.22,0.92,0.527,2,6,0.617,0.486,0.692,0.0,0.708,58.0,0.499
7.75,1.66,17.68,0.8,6.3,6.74,0.58,6.0,0.88,37.51,0.77,0.125,2,7,0.489,0.648,0.429,1.0,0.931,38.1,0.406
7.15,2.33,0.02,0.0,6.44,20.43,0.82,4.0,1.0,162.13,0.94,0.1,2,5,0.711,0.304,0.967,1.0,0.95,61.9,0.593
4.21,0.91,11.03,0.54,2.76,4.73,0.82,4.0,1.0,60.03,0.69,0.476,9,5,0.646,0.539,0.604,1.0,0.907,56.0,0.55
2.38,2.33,4.22,0.21,1.09,4.25,0.35,8.0,0.55,39.14,0.65,0.652,4,10,0.597,0.925,0.674,1.0,0.784,57.2,0.522
1.6,1.94,9.4,0.43,0.74,2.05,1.0,2.0,0.95,77.45,0.71,0.855,3,10,0.828,0.171,0.933,1.0,0.622,74.3,0.609
2.54,0.72,7.73,0.33,1.67,3.74,1.0,2.0,0.95,97.62,0.67,0.334,11,9,0.637,0.548,0.428,1.0,0.39,59.4,0.52
7.64,2.91,16.14,0.83,5.79,6.47,0.35,8.0,0.55,157.72,0.67,0.723,11,10,0.66,0.301,0.733,0.0,0.572,38.7,0.354
10.63,8.03,7.91,0.34,9.32,15.41,0.35,8.0,0.55,142.69,0.61,0.417,12,11,0.873,0.772,0.745,0.0,0.482,36.9,0.263
1.21,3.47,6.4,0.31,0.01,1.83,0.82,4.0,1.0,3.59,0.56,0.914,14,7,0.786,0.144,0.521,1.0,0.859,60.4,0.579
7.15,3.03,16.21,0.67,5.62,7.01,0.58,6.0,0.88,14.04,0.92,0.701,10,7,0.942,0.269,0.914,0.0,0.535,43.5,0.384
2.15,0.35,4.93,0.25,0.91,3.58,0.82,4.0,1.0,104.04,0.94,0.366,9,2,0.529,0.501,0.791,1.0,0.851,72.1,0.603
2.29,6.44,11.7,0.49,1.2,2.73,0.58,6.0,0.88,52.82,0.56,0.311,3,5,0.619,0.987,0.871,0.0,0.723,52.2,0.357
3.36,3.79,7.48,0.27,2.09,5.42,0.35,8.0,0.55,6.6,0.79,0.139,9,7,0.942,0.655,0.515,0.0,0.657,48.6,0.415
4.54,2.53,6.53,0.23,4.0,7.83,0.82,4.0,1.0,81.39,0.63,0.724,4,5,0.746,0.581,0.657,1.0,0.58,63.1,0.561
9.22,1.29,10.22,0.53,7.71,10.48,0.58,6.0,0.88,99.36,0.76,0.416,1,9,0.841,0.913,0.848,1.0,0.73,42.8,0.395
4.16,2.83,3.5,0.18,3.3,7.85,0.82,4.0,1.0,69.11,0.85,0.787,13,7,0.7,0.648,0.615,1.0,0.429,59.9,0.492
7.2,3.39,10.03,0.53,5.67,8.18,0.35,8.0,0.55,128.64,0.55,0.428,12,2,0.648,0.895,0.415,0.0,0.557,38.7,0.276
6.21,0.3,8.51,0.32,5.41,9.27,0.35,8.0,0.55,106.63,0.74,0.131,8,6,0.799,0.773,0.765,0.0,0.904,45.7,0.403
3.67,1.33,14.06,0.75,2.54,3.34,1.0,2.0,0.95,12.4,0.98,0.321,1,8,0.652,0.292,0.634,1.0,0.712,50.3,0.592
4.74,1.31,16.55,0.87,2.9,3.89,1.0,2.0,0.95,87.76,0.66,0.099,3,10,0.711,0.062,0.498,1.0,0.928,57.7,0.61
1.56,1.38,16.74,0.75,0.33,1.42,0.82,4.0,1.0,17.36,0.9,0.901,4,4,0.746,0.421,0.77,0.0,0.755,63.8,0.456
7.17,0.1,8.38,0.41,6.03,9.43,0.58,6.0,0.88,61.36,0.73,0.317,18,7,0.497,0.813,0.493,1.0,0.885,38.1,0.5
5.56,3.07,11.73,0.44,4.66,7.04,0.82,4.0,1.0,102.55,0.8,0.831,17,12,0.775,0.319,0.7,0.0,0.484,59.0,0.474
5.42,8.3,8.32,0.38,4.77,7.42,0.35,8.0,0.55,76.4,0.55,0.512,2,5,0.754,0.944,0.527,0.0,0.814,38.4,0.379
2.54,1.61,16.01,0.63,0.85,2.59,0.35,8.0,0.55,179.96,0.9,0.773,15,7,0.766,0.207,0.636,1.0,0.768,61.7,0.567
4.96,1.24,15.4,0.83,3.6,4.2,1.0,2.0,0.95,29.28,0.57,0.872,17,3,0.705,0.087,0.57,0.0,0.881,52.5,0.482
2.44,1.97,14.18,0.72,0.68,2.28,1.0,2.0,0.95,48.25,0.88,0.192,17,2,0.606,0.117,0.914,1.0,0.536,57.1,0.552
0.59,1.59,17.79,0.83,-1.29,0.5,1.0,2.0,0.95,91.39,0.56,0.182,8,6,0.976,0.125,0.663,0.0,0.631,52.7,0.252
1.65,2.0,7.01,0.33,0.37,2.43,0.82,4.0,1.0,115.7,0.79,0.459,9,5,0.844,0.513,0.495,1.0,0.366,63.7,0.534
11.1,8.4,13.7,0.61,10.15,11.56,0.35,8.0,0.55,155.49,0.79,0.059,8,9,0.902,0.117,0.583,0.0,0.9,43.3,0.377
2.44,3.66,12.45,0.59,1.35,2.6,0.82,4.0,1.0,18.74,0.6,0.764,9,10,0.857,0.25,0.89,1.0,0.762,66.0,0.656
3.44,1.59,10.36,0.49,2.38,4.1,1.0,2.0,0.95,11.56,0.93,0.668,17,1,0.709,0.368,0.913,1.0,0.763,57.0,0.564
4.52,3.02,11.89,0.64,3.37,4.57,0.82,4.0,1.0,105.65,0.79,0.834,1,10,0.452,0.027,0.466,0.0,0.43,50.7,0.467
4.59,0.3,14.7,0.56,3.37,5.04,1.0,2.0,0.95,4.65,0.6,0.896,4,5,0.721,0.188,0.683,0.0,0.861,47.1,0.485
1.14,7.74,10.89,0.44,-0.34,1.44,0.35,8.0,0.55,74.44,0.63,0.741,1,7,0.773,0.536,0.573,0.0,0.475,41.7,0.276
8.04,2.53,2.74,0.11,6.85,17.48,0.58,6.0,0.88,70.94,0.89,0.803,12,4,0.858,0.204,0.689,0.0,0.814,55.5,0.449
4.45,1.3,8.24,0.31,3.21,6.74,0.58,6.0,0.88,144.18,0.8,0.405,5,10,0.854,0.857,0.696,0.0,0.43,47.2,0.312
1.07,0.71,2.3,0.11,0.23,2.33,0.35,8.0,0.55,47.36,0.85,0.902,12,12,0.51,0.003,0.611,1.0,0.858,72.2,0.709
6.32,0.73,9.53,0.35,5.39,9.03,0.35,8.0,0.55,141.48,0.9,0.539,7,3,0.833,0.387,0.524,0.0,0.615,47.3,0.402
5.79,3.9,17.27,0.84,4.12,4.87,0.82,4.0,1.0,92.51,0.75,0.835,9,3,0.494,0.597,0.873,0.0,0.966,59.3,0.477
7.82,3.63,5.55,0.29,6.58,12.22,0.35,8.0,0.55,126.16,0.77,0.69,17,6,0.554,0.436,0.909,0.0,0.57,43.3,0.419
8.35,3.8,12.4,0.6,7.28,8.79,0.35,8.0,0.55,117.64,0.67,0.579,14,4,0.626,0.517,0.623,0.0,0.827,39.9,0.345
4.01,0.46,14.54,0.56,2.38,4.41,1.0,2.0,0.95,135.21,0.82,0.636,1,4,0.463,0.745,0.805,1.0,0.435,60.1,0.495
2.83,0.18,6.33,0.23,1.81,4.88,0.82,4.0,1.0,22.5,0.81,0.993,5,2,0.475,0.663,0.647,1.0,0.645,58.0,0.566
5.08,1.06,13.86,0.76,3.47,4.58,1.0,2.0,0.95,54.13,0.58,0.176,6,11,0.908,0.785,0.705,0.0,0.744,55.6,0.384
8.27,4.98,8.07,0.34,7.42,11.99,0.35,8.0,0.55,114.93,0.56,0.58,16,7,0.726,0.114,0.533,0.0,0.955,49.2,0.407
3.91,0.61,10.79,0.43,2.68,5.01,0.58,6.0,0.88,122.74,0.66,0.909,6,4,0.944,0.118,0.92,1.0,0.64,64.0,0.601
2.67,2.0,3.86,0.15,2.19,5.34,0.35,8.0,0.55,87.72,0.93,0.189,15,3,0.75,0.74,0.593,1.0,0.709,55.0,0.543
6.47,4.28,8.51,0.37,5.2,8.99,0.35,8.0,0.55,34.75,0.97,0.53,4,3,0.47,0.4,0.444,1.0,0.564,43.0,0.489
7.03,2.34,8.16,0.32,5.73,10.49,0.82,4.0,1.0,177.77,0.98,0.192,7,6,0.65,0.904,0.969,0.0,0.812,52.6,0.346
3.89,1.49,12.48,0.66,2.98,3.85,0.82,4.0,1.0,88.26,0.78,0.542,17,4,0.596,0.148,0.59,0.0,0.534,59.1,0.518
0.93,0.91,16.27,0.9,-0.88,0.74,1.0,2.0,0.95,22.79,0.7,0.386,6,6,0.476,0.627,0.574,0.0,0.617,40.1,0.179
4.06,1.68,15.45,0.65,3.13,4.06,1.0,2.0,0.95,9.94,0.93,0.338,15,10,0.643,0.297,0.89,0.0,0.587,47.1,0.354
7.46,1.04,16.82,0.76,5.61,6.72,0.58,6.0,0.88,173.42,0.61,0.912,6,3,0.469,0.877,0.407,1.0,0.881,43.0,0.414
4.27,5.03,17.4,0.65,2.7,4.27,0.58,6.0,0.88,61.58,0.76,0.985,10,1,0.762,0.837,0.645,0.0,0.731,54.2,0.372
9.06,5.86,7.81,0.33,8.31,13.32,0.35,8.0,0.55,30.59,0.66,0.396,4,3,0.515,0.155,0.493,1.0,0.905,37.7,0.459
4.97,1.03,6.1,0.3,3.86,7.65,0.82,4.0,1.0,132.62,0.64,0.27,6,6,0.855,0.039,0.882,0.0,0.449,59.9,0.433
10.34,4.18,15.6,0.62,9.46,10.66,0.35,8.0,0.55,23.35,0.7,0.242,16,2,0.858,0.035,0.743,0.0,0.363,35.5,0.41
5.05,4.14,15.99,0.59,3.92,5.37,0.82,4.0,1.0,15.66,0.79,0.839,9,4,0.567,0.365,0.763,0.0,0.605,47.1,0.374
8.04,4.87,11.49,0.46,7.17,9.93,0.58,6.0,0.88,15.43,0.78,0.543,8,1,0.476,0.909,0.606,1.0,0.663,41.8,0.432
10.78,5.35,14.35,0.61,9.41,11.23,0.35,8.0,0.55,72.67,0.73,0.764,18,2,0.454,0.433,0.533,0.0,0.931,44.2,0.432
1.04,3.76,13.67,0.55,0.03,1.16,0.82,4.0,1.0,149.38,0.93,0.266,6,2,0.936,0.108,0.715,1.0,0.828,72.4,0.618
6.45,1.58,1.42,0.07,5.88,15.36,0.58,6.0,0.88,42.58,0.88,0.292,10,2,0.452,0.496,0.615,1.0,0.81,57.2,0.572
7.66,4.65,8.66,0.39,7.0,10.35,0.35,8.0,0.55,81.55,0.58,0.61,7,6,0.592,0.162,0.925,0.0,0.729,40.5,0.455
0.75,3.96,2.34,0.09,-0.15,1.7,0.35,8.0,0.55,121.02,0.83,0.86,14,7,0.758,0.107,0.957,0.0,0.507,55.5,0.445
8.1,1.33,5.62,0.21,7.61,14.46,0.58,6.0,0.88,109.99,0.6,0.068,12,1,0.642,0.027,0.593,0.0,0.966,54.5,0.445
0.45,0.28,13.58,0.7,-1.06,0.43,1.0,2.0,0.95,99.18,0.66,0.833,18,11,0.785,0.015,0.635,1.0,0.593,60.8,0.408
3.42,0.39,4.25,0.19,2.33,6.33,1.0,2.0,0.95,53.74,0.85,0.172,6,7,0.504,0.438,0.542,1.0,0.378,54.4,0.543
2.68,1.14,17.42,0.72,1.7,2.5,0.58,6.0,0.88,59.52,0.68,0.786,3,4,0.535,0.45,0.607,1.0,0.952,57.7,0.551
7.04,2.26,17.67,0.73,5.95,6.52,0.58,6.0,0.88,113.27,0.87,0.711,4,6,0.965,0.472,0.976,1.0,0.912,50.9,0.543
3.23,1.53,12.06,0.59,1.67,3.44,0.82,4.0,1.0,74.27,0.61,0.06,10,4,0.755,0.1,0.879,0.0,0.449,58.8,0.461
5.49,0.27,2.03,0.08,4.9,12.77,1.0,2.0,0.95,101.35,0.66,0.971,8,8,0.588,0.763,0.482,1.0,0.975,62.5,0.599
10.65,8.36,10.04,0.44,9.16,13.48,0.35,8.0,0.55,91.84,0.88,0.888,7,6,0.856,0.78,0.443,1.0,0.626,41.1,0.4
2.19,4.26,2.35,0.13,1.76,4.56,0.82,4.0,1.0,105.66,0.87,0.805,5,2,0.59,0.859,0.46,0.0,0.729,70.7,0.505
0.85,5.88,13.91,0.54,-0.56,0.96,0.58,6.0,0.88,75.84,0.63,0.345,18,9,0.832,0.195,0.787,0.0,0.777,53.1,0.364
4.54,3.85,0.54,0.03,4.03,11.95,0.82,4.0,1.0,61.24,0.79,0.158,4,4,0.923,0.914,0.45,0.0,0.872,56.5,0.395
4.79,1.66,7.25,0.32,3.92,7.15,1.0,2.0,0.95,134.11,0.73,0.234,14,2,0.492,0.48,0.629,1.0,0.636,56.9,0.554
1.48,8.7,9.45,0.51,0.64,1.72,0.35,8.0,0.55,132.27,1.0,0.712,11,5,0.68,0.851,0.877,0.0,0.961,58.6,0.436
9.64,0.11,16.69,0.61,8.03,10.04,0.35,8.0,0.55,135.58,0.96,0.513,6,7,0.873,0.091,0.65,1.0,0.737,45.1,0.486
8.71,2.7,12.9,0.5,7.77,10.25,0.58,6.0,0.88,141.41,0.79,0.327,14,11,0.973,0.209,0.416,1.0,0.546,51.6,0.592
3.93,0.84,2.78,0.13,3.45,8.19,1.0,2.0,0.95,140.17,0.8,0.309,4,4,0.882,0.734,0.945,1.0,0.463,64.9,0.58
2.27,7.33,10.36,0.57,0.72,2.47,0.35,8.0,0.55,178.82,0.63,0.978,6,6,0.54,0.288,0.888,1.0,0.465,61.1,0.532
3.7,0.5,8.15,0.36,2.85,5.21,1.0,2.0,0.95,23.48,0.75,0.738,15,10,0.915,0.051,0.84,1.0,0.58,61.9,0.557
5.59,3.2,10.79,0.39,4.5,7.55,0.58,6.0,0.88,51.37,0.88,0.399,10,3,0.822,0.724,0.402,0.0,0.609,45.7,0.378
2.96,0.21,9.37,0.46,1.49,3.65,1.0,2.0,0.95,22.95,0.81,0.486,14,8,0.874,0.666,0.91,1.0,0.84,59.4,0.585
10.98,3.03,1.64,0.08,10.27,25.53,0.35,8.0,0.55,146.42,0.94,0.525,5,5,0.871,0.845,0.649,1.0,0.7,42.5,0.467
1.39,0.31,10.01,0.36,0.45,1.96,0.82,4.0,1.0,147.38,0.72,0.061,16,9,0.524,0.82,0.771,0.0,0.616,61.5,0.481
1.1,2.31,1.82,0.08,0.08,2.56,0.58,6.0,0.88,119.98,0.8,0.439,4,8,0.925,0.867,0.513,1.0,0.791,61.0,0.511
3.13,3.45,3.38,0.18,2.34,5.91,0.58,6.0,0.88,142.05,0.9,0.538,6,1,0.958,0.017,0.902,0.0,0.382,64.4,0.48
8.39,1.92,1.18,0.06,7.29,20.46,0.58,6.0,0.88,158.06,0.85,0.786,2,8,0.842,0.711,0.441,1.0,0.826,53.1,0.54
4.27,1.2,1.76,0.08,3.17,9.93,0.35,8.0,0.55,91.65,0.89,0.297,11,10,0.698,0.769,0.885,0.0,0.472,51.0,0.323
9.81,5.32,7.6,0.33,8.81,14.43,0.35,8.0,0.55,94.76,0.87,0.764,1,4,0.508,0.932,0.418,1.0,0.914,32.5,0.459
2.96,0.82,0.49,0.02,2.37,8.0,1.0,2.0,0.95,82.37,0.74,0.445,18,3,0.84,0.753,0.872,1.0,0.52,71.6,0.548
4.99,1.17,7.43,0.35,3.61,7.13,0.35,8.0,0.55,12.47,0.89,0.185,5,2,0.926,0.057,0.407,1.0,0.518,45.1,0.464
1.02,3.54,4.11,0.22,0.5,1.79,0.82,4.0,1.0,149.68,0.67,0.747,2,7,0.556,0.449,0.528,1.0,0.668,79.3,0.657
5.49,1.94,1.48,0.08,4.98,12.77,1.0,2.0,0.95,158.2,0.66,0.482,18,11,0.579,0.552,0.537,1.0,0.818,63.7,0.622
1.14,0.97,13.08,0.57,-0.05,1.24,1.0,2.0,0.95,49.69,0.67,0.172,17,3,0.587,0.535,0.451,1.0,0.779,52.9,0.579
1.73,0.09,15.83,0.67,0.25,1.7,1.0,2.0,0.95,111.06,0.97,0.534,1,11,0.669,0.62,0.53,1.0,0.833,64.7,0.558
4.65,2.91,15.43,0.64,3.72,4.7,0.35,8.0,0.55,40.39,0.65,0.135,16,11,0.457,0.853,0.961,1.0,0.64,39.2,0.445
4.92,4.11,5.41,0.21,4.27,8.79,0.82,4.0,1.0,140.31,0.89,0.551,3,9,0.606,0.504,0.94,0.0,0.548,56.0,0.468
0.39,1.76,9.45,0.42,-1.02,0.51,0.58,6.0,0.88,64.54,0.86,0.875,17,7,0.814,0.431,0.952,1.0,0.39,59.1,0.333
11.27,4.14,16.01,0.63,10.32,11.5,0.35,8.0,0.55,17.47,0.75,0.208,9,9,0.563,0.106,0.813,1.0,0.651,31.6,0.407
5.57,8.17,6.63,0.26,4.49,9.13,0.35,8.0,0.55,128.66,0.81,0.859,9,7,0.704,0.819,0.936,1.0,0.467,40.8,0.429
4.82,2.46,6.48,0.27,4.25,7.77,0.35,8.0,0.55,17.41,0.89,0.87,2,7,0.599,0.463,0.431,0.0,0.525,41.4,0.372
4.58,7.74,6.48,0.35,3.28,6.54,0.35,8.0,0.55,105.02,0.76,0.352,10,9,0.685,0.483,0.623,0.0,0.623,52.1,0.397
1.81,1.56,0.06,0.0,1.56,5.17,1.0,2.0,0.95,34.11,0.91,0.835,14,8,0.563,0.029,0.449,0.0,0.498,75.7,0.531
2.09,1.17,10.19,0.45,0.89,2.61,0.82,4.0,1.0,66.11,0.61,0.433,6,12,0.924,0.347,0.584,1.0,0.97,67.9,0.664
3.03,0.54,2.03,0.08,2.07,7.05,1.0,2.0,0.95,49.8,0.63,0.405,2,4,0.641,0.732,0.526,0.0,0.503,56.1,0.455
0.59,3.83,12.23,0.5,-0.39,0.69,0.35,8.0,0.55,66.28,0.78,0.347,7,10,0.471,0.944,0.828,0.0,0.815,32.8,0.274
1.68,1.63,7.51,0.34,0.85,2.43,1.0,2.0,0.95,56.36,0.68,0.118,6,8,0.621,0.296,0.941,0.0,0.958,73.2,0.51
2.66,1.12,1.91,0.09,2.09,6.05,1.0,2.0,0.95,107.54,0.91,0.759,9,8,0.537,0.217,0.899,1.0,0.402,67.2,0.581
4.87,5.93,15.22,0.63,3.42,4.97,0.58,6.0,0.88,116.27,0.9,0.292,17,11,0.87,0.072,0.46,0.0,0.518,50.2,0.466
1.67,0.95,4.32,0.21,0.89,2.98,1.0,2.0,0.95,152.03,0.92,0.213,2,1,0.498,0.14,0.49,1.0,0.576,73.5,0.646
4.45,0.43,8.58,0.31,3.3,6.74,1.0,2.0,0.95,14.56,0.61,0.594,10,1,0.584,0.165,0.442,1.0,0.584,58.6,0.626
1.1,0.94,8.5,0.46,0.36,1.36,1.0,2.0,0.95,28.62,0.87,0.638,7,2,0.946,0.675,0.91,1.0,0.51,69.3,0.559
2.64,2.9,13.84,0.57,1.28,2.87,0.58,6.0,0.88,133.94,0.55,0.598,17,7,0.689,0.0,0.412,0.0,0.843,56.8,0.448
7.44,0.14,6.44,0.3,6.82,11.45,0.58,6.0,0.88,128.58,0.84,0.126,7,10,0.973,0.921,0.945,1.0,0.543,39.0,0.46
2.24,4.99,5.9,0.27,1.24,3.61,0.35,8.0,0.55,60.32,0.82,0.564,12,5,0.934,0.418,0.772,0.0,0.714,59.4,0.465
1.1,1.65,10.29,0.5,-0.07,1.29,0.82,4.0,1.0,124.54,0.58,0.221,6,5,0.74,0.078,0.895,0.0,0.719,58.1,0.527
1.77,4.35,5.79,0.21,0.51,3.16,0.35,8.0,0.55,133.55,0.57,0.848,2,1,0.839,0.656,0.803,0.0,0.748,61.8,0.436
5.71,3.59,7.7,0.38,4.31,7.82,0.35,8.0,0.55,22.56,0.89,0.077,8,5,0.827,0.065,0.811,0.0,0.668,45.6,0.432
1.78,2.13,12.81,0.51,0.95,2.07,0.82,4.0,1.0,159.02,0.59,0.468,17,9,0.518,0.874,0.714,1.0,0.853,63.8,0.504
8.07,4.09,7.68,0.37,7.15,11.21,0.58,6.0,0.88,21.34,0.6,0.12,3,4,0.504,0.291,0.698,1.0,0.788,46.5,0.532
8.68,1.78,3.24,0.12,7.69,18.47,0.58,6.0,0.88,22.55,0.88,0.648,7,8,0.94,0.802,0.886,0.0,0.443,41.0,0.311
5.49,2.24,4.46,0.2,4.4,9.98,0.82,4.0,1.0,131.1,0.69,0.141,9,12,0.551,0.423,0.547,1.0,0.81,57.9,0.505
6.12,2.67,16.92,0.67,4.67,6.0,0.58,6.0,0.88,10.28,0.81,0.485,17,10,0.57,0.125,0.551,0.0,0.502,40.1,0.438
5.15,4.74,8.6,0.45,3.87,6.44,0.58,6.0,0.88,149.86,0.65,0.339,3,9,0.627,0.39,0.623,0.0,0.928,54.2,0.417
4.42,2.81,2.09,0.09,3.68,10.05,0.82,4.0,1.0,35.38,0.67,0.581,7,11,0.509,0.084,0.743,1.0,0.936,64.2,0.622
3.62,6.21,10.58,0.46,2.53,4.47,0.58,6.0,0.88,134.82,0.73,0.514,17,8,0.884,0.021,0.746,1.0,0.89,58.2,0.617
0.94,4.97,17.25,0.62,-0.45,0.97,0.58,6.0,0.88,102.22,0.87,0.785,15,2,0.576,0.748,0.523,1.0,0.731,51.9,0.427
2.54,6.34,10.06,0.42,1.31,3.3,0.58,6.0,0.88,33.23,0.88,0.51,3,4,0.616,0.845,0.735,0.0,0.441,41.6,0.315
3.43,3.55,8.62,0.34,2.11,4.97,0.58,6.0,0.88,179.77,0.73,0.406,13,8,0.884,0.511,0.629,0.0,0.518,55.8,0.425
3.49,1.77,15.32,0.68,1.93,3.39,1.0,2.0,0.95,55.7,0.74,0.544,6,3,0.695,0.681,0.609,1.0,0.662,55.9,0.499
8.37,4.22,5.51,0.3,7.78,12.88,0.58,6.0,0.88,104.48,0.86,0.729,9,8,0.753,0.983,0.785,1.0,0.798,46.2,0.477
8.71,2.43,3.6,0.16,8.01,17.08,0.35,8.0,0.55,162.69,0.56,0.22,17,1,0.978,0.601,0.59,1.0,0.708,48.4,0.521
9.57,4.54,1.5,0.06,9.09,23.34,0.35,8.0,0.55,89.56,0.62,0.547,15,10,0.506,0.895,0.713,1.0,0.4,36.2,0.406
6.71,2.43,13.08,0.7,5.69,6.39,0.82,4.0,1.0,165.63,0.97,0.892,11,9,0.828,0.761,0.979,1.0,0.435,61.6,0.534
4.7,1.66,9.66,0.52,3.29,5.4,1.0,2.0,0.95,87.13,0.71,0.953,16,2,0.958,0.818,0.497,1.0,0.602,58.4,0.537
2.22,7.81,4.94,0.24,1.04,3.76,0.35,8.0,0.55,25.02,0.92,0.567,17,6,0.639,0.255,0.841,0.0,0.869,66.6,0.481
8.54,1.85,12.19,0.61,7.32,8.9,0.35,8.0,0.55,44.73,0.74,0.085,15,6,0.633,0.077,0.527,0.0,0.755,40.3,0.392
3.81,2.09,8.41,0.36,2.73,5.37,1.0,2.0,0.95,158.98,0.66,0.293,6,4,0.514,0.516,0.47,1.0,0.386,60.3,0.529
1.04,2.76,12.66,0.51,-0.34,1.21,0.82,4.0,1.0,174.23,0.71,0.967,14,12,0.729,0.175,0.875,1.0,0.36,65.9,0.563
6.93,4.95,8.08,0.36,5.58,9.76,0.35,8.0,0.55,94.12,0.93,0.367,15,12,0.903,0.854,0.477,0.0,0.471,37.4,0.28
4.27,4.13,8.97,0.42,3.24,5.55,0.82,4.0,1.0,78.67,0.58,0.821,7,5,0.685,0.674,0.965,0.0,0.504,55.6,0.396
2.99,0.23,10.08,0.44,1.63,3.78,1.0,2.0,0.95,164.88,0.58,0.342,10,9,0.785,0.039,0.821,1.0,0.473,63.6,0.624
3.54,2.62,16.96,0.8,2.15,3.08,0.58,6.0,0.88,131.66,0.87,0.682,7,9,0.894,0.015,0.425,0.0,0.905,60.5,0.513
4.6,3.64,0.43,0.02,3.51,12.43,0.35,8.0,0.55,158.43,0.64,0.283,10,1,0.84,0.029,0.824,1.0,0.754,60.0,0.564
8.53,3.65,4.81,0.24,7.96,14.46,0.58,6.0,0.88,116.5,0.78,0.5,15,5,0.538,0.958,0.555,1.0,0.405,42.6,0.454
4.01,7.26,9.68,0.39,3.02,5.42,0.35,8.0,0.55,125.12,0.8,0.419,9,7,0.575,0.513,0.435,0.0,0.511,46.1,0.39
